date,store_nbr,family,sales
2016-01-01,1,AUTOMOTIVE,0.0
2016-01-02,1,AUTOMOTIVE,7.0
2016-01-03,1,AUTOMOTIVE,1.0
2016-01-04,1,AUTOMOTIVE,8.0
2016-01-05,1,AUTOMOTIVE,7.0
2016-01-06,1,AUTOMOTIVE,9.0
2016-01-07,1,AUTOMOTIVE,5.0
2016-01-08,1,AUTOMOTIVE,5.0
2016-01-09,1,AUTOMOTIVE,6.0
2016-01-10,1,AUTOMOTIVE,1.0
2016-01-11,1,AUTOMOTIVE,3.0
2016-01-12,1,AUTOMOTIVE,5.0
2016-01-13,1,AUTOMOTIVE,2.0
2016-01-14,1,AUTOMOTIVE,2.0
2016-01-15,1,AUTOMOTIVE,5.0
2016-01-16,1,AUTOMOTIVE,17.0
2016-01-17,1,AUTOMOTIVE,3.0
2016-01-18,1,AUTOMOTIVE,3.0
2016-01-19,1,AUTOMOTIVE,10.0
2016-01-20,1,AUTOMOTIVE,4.0
2016-01-21,1,AUTOMOTIVE,1.0
2016-01-22,1,AUTOMOTIVE,7.0
2016-01-23,1,AUTOMOTIVE,5.0
2016-01-24,1,AUTOMOTIVE,3.0
2016-01-25,1,AUTOMOTIVE,1.0
2016-01-26,1,AUTOMOTIVE,2.0
2016-01-27,1,AUTOMOTIVE,7.0
2016-01-28,1,AUTOMOTIVE,2.0
2016-01-29,1,AUTOMOTIVE,9.0
2016-01-30,1,AUTOMOTIVE,4.0
2016-01-31,1,AUTOMOTIVE,2.0
2016-02-01,1,AUTOMOTIVE,7.0
2016-02-02,1,AUTOMOTIVE,7.0
2016-02-03,1,AUTOMOTIVE,5.0
2016-02-04,1,AUTOMOTIVE,3.0
2016-02-05,1,AUTOMOTIVE,3.0
2016-02-06,1,AUTOMOTIVE,4.0
2016-02-07,1,AUTOMOTIVE,0.0
2016-02-08,1,AUTOMOTIVE,0.0
2016-02-09,1,AUTOMOTIVE,3.0
2016-02-10,1,AUTOMOTIVE,3.0
2016-02-11,1,AUTOMOTIVE,2.0
2016-02-12,1,AUTOMOTIVE,10.0
2016-02-13,1,AUTOMOTIVE,8.0
2016-02-14,1,AUTOMOTIVE,1.0
2016-02-15,1,AUTOMOTIVE,3.0
2016-02-16,1,AUTOMOTIVE,5.0
2016-02-17,1,AUTOMOTIVE,4.0
2016-02-18,1,AUTOMOTIVE,7.0
2016-02-19,1,AUTOMOTIVE,3.0
2016-02-20,1,AUTOMOTIVE,9.0
2016-02-21,1,AUTOMOTIVE,2.0
2016-02-22,1,AUTOMOTIVE,3.0
2016-02-23,1,AUTOMOTIVE,7.0
2016-02-24,1,AUTOMOTIVE,3.0
2016-02-25,1,AUTOMOTIVE,12.0
2016-02-26,1,AUTOMOTIVE,5.0
2016-02-27,1,AUTOMOTIVE,3.0
2016-02-28,1,AUTOMOTIVE,4.0
2016-02-29,1,AUTOMOTIVE,3.0
2016-03-01,1,AUTOMOTIVE,5.0
2016-03-02,1,AUTOMOTIVE,6.0
2016-03-03,1,AUTOMOTIVE,10.0
2016-03-04,1,AUTOMOTIVE,7.0
2016-03-05,1,AUTOMOTIVE,2.0
2016-03-06,1,AUTOMOTIVE,2.0
2016-03-07,1,AUTOMOTIVE,14.0
2016-03-08,1,AUTOMOTIVE,9.0
2016-03-09,1,AUTOMOTIVE,5.0
2016-03-10,1,AUTOMOTIVE,3.0
2016-03-11,1,AUTOMOTIVE,1.0
2016-03-12,1,AUTOMOTIVE,10.0
2016-03-13,1,AUTOMOTIVE,3.0
2016-03-14,1,AUTOMOTIVE,8.0
2016-03-15,1,AUTOMOTIVE,9.0
2016-03-16,1,AUTOMOTIVE,4.0
2016-03-17,1,AUTOMOTIVE,3.0
2016-03-18,1,AUTOMOTIVE,6.0
2016-03-19,1,AUTOMOTIVE,7.0
2016-03-20,1,AUTOMOTIVE,2.0
2016-03-21,1,AUTOMOTIVE,2.0
2016-03-22,1,AUTOMOTIVE,11.0
2016-03-23,1,AUTOMOTIVE,14.0
2016-03-24,1,AUTOMOTIVE,5.0
2016-03-25,1,AUTOMOTIVE,1.0
2016-03-26,1,AUTOMOTIVE,4.0
2016-03-27,1,AUTOMOTIVE,5.0
2016-03-28,1,AUTOMOTIVE,3.0
2016-03-29,1,AUTOMOTIVE,3.0
2016-03-30,1,AUTOMOTIVE,2.0
2016-03-31,1,AUTOMOTIVE,2.0
2016-04-01,1,AUTOMOTIVE,8.0
2016-04-02,1,AUTOMOTIVE,6.0
2016-04-03,1,AUTOMOTIVE,1.0
2016-04-04,1,AUTOMOTIVE,5.0
2016-04-05,1,AUTOMOTIVE,4.0
2016-04-06,1,AUTOMOTIVE,7.0
2016-04-07,1,AUTOMOTIVE,5.0
2016-04-08,1,AUTOMOTIVE,9.0
2016-04-09,1,AUTOMOTIVE,4.0
2016-04-10,1,AUTOMOTIVE,3.0
2016-04-11,1,AUTOMOTIVE,5.0
2016-04-12,1,AUTOMOTIVE,6.0
2016-04-13,1,AUTOMOTIVE,2.0
2016-04-14,1,AUTOMOTIVE,2.0
2016-04-15,1,AUTOMOTIVE,5.0
2016-04-16,1,AUTOMOTIVE,6.0
2016-04-17,1,AUTOMOTIVE,1.0
2016-04-18,1,AUTOMOTIVE,14.0
2016-04-19,1,AUTOMOTIVE,4.0
2016-04-20,1,AUTOMOTIVE,9.0
2016-04-21,1,AUTOMOTIVE,4.0
2016-04-22,1,AUTOMOTIVE,2.0
2016-04-23,1,AUTOMOTIVE,3.0
2016-04-24,1,AUTOMOTIVE,0.0
2016-04-25,1,AUTOMOTIVE,12.0
2016-04-26,1,AUTOMOTIVE,1.0
2016-04-27,1,AUTOMOTIVE,8.0
2016-04-28,1,AUTOMOTIVE,6.0
2016-04-29,1,AUTOMOTIVE,5.0
2016-04-30,1,AUTOMOTIVE,12.0
2016-05-01,1,AUTOMOTIVE,4.0
2016-05-02,1,AUTOMOTIVE,6.0
2016-05-03,1,AUTOMOTIVE,3.0
2016-05-04,1,AUTOMOTIVE,15.0
2016-05-05,1,AUTOMOTIVE,10.0
2016-05-06,1,AUTOMOTIVE,5.0
2016-05-07,1,AUTOMOTIVE,0.0
2016-05-08,1,AUTOMOTIVE,5.0
2016-05-09,1,AUTOMOTIVE,3.0
2016-05-10,1,AUTOMOTIVE,9.0
2016-05-11,1,AUTOMOTIVE,4.0
2016-05-12,1,AUTOMOTIVE,3.0
2016-05-13,1,AUTOMOTIVE,2.0
2016-05-14,1,AUTOMOTIVE,2.0
2016-05-15,1,AUTOMOTIVE,4.0
2016-05-16,1,AUTOMOTIVE,13.0
2016-05-17,1,AUTOMOTIVE,5.0
2016-05-18,1,AUTOMOTIVE,2.0
2016-05-19,1,AUTOMOTIVE,7.0
2016-05-20,1,AUTOMOTIVE,1.0
2016-05-21,1,AUTOMOTIVE,3.0
2016-05-22,1,AUTOMOTIVE,4.0
2016-05-23,1,AUTOMOTIVE,1.0
2016-05-24,1,AUTOMOTIVE,5.0
2016-05-25,1,AUTOMOTIVE,10.0
2016-05-26,1,AUTOMOTIVE,2.0
2016-05-27,1,AUTOMOTIVE,1.0
2016-05-28,1,AUTOMOTIVE,2.0
2016-05-29,1,AUTOMOTIVE,4.0
2016-05-30,1,AUTOMOTIVE,6.0
2016-05-31,1,AUTOMOTIVE,5.0
2016-06-01,1,AUTOMOTIVE,3.0
2016-06-02,1,AUTOMOTIVE,1.0
2016-06-03,1,AUTOMOTIVE,4.0
2016-06-04,1,AUTOMOTIVE,9.0
2016-06-05,1,AUTOMOTIVE,2.0
2016-06-06,1,AUTOMOTIVE,4.0
2016-06-07,1,AUTOMOTIVE,3.0
2016-06-08,1,AUTOMOTIVE,5.0
2016-06-09,1,AUTOMOTIVE,4.0
2016-06-10,1,AUTOMOTIVE,2.0
2016-06-11,1,AUTOMOTIVE,10.0
2016-06-12,1,AUTOMOTIVE,3.0
2016-06-13,1,AUTOMOTIVE,9.0
2016-06-14,1,AUTOMOTIVE,5.0
2016-06-15,1,AUTOMOTIVE,6.0
2016-06-16,1,AUTOMOTIVE,3.0
2016-06-17,1,AUTOMOTIVE,1.0
2016-06-18,1,AUTOMOTIVE,4.0
2016-06-19,1,AUTOMOTIVE,0.0
2016-06-20,1,AUTOMOTIVE,3.0
2016-06-21,1,AUTOMOTIVE,5.0
2016-06-22,1,AUTOMOTIVE,2.0
2016-06-23,1,AUTOMOTIVE,1.0
2016-06-24,1,AUTOMOTIVE,4.0
2016-06-25,1,AUTOMOTIVE,5.0
2016-06-26,1,AUTOMOTIVE,2.0
2016-06-27,1,AUTOMOTIVE,5.0
2016-06-28,1,AUTOMOTIVE,5.0
2016-06-29,1,AUTOMOTIVE,8.0
2016-06-30,1,AUTOMOTIVE,5.0
2016-07-01,1,AUTOMOTIVE,8.0
2016-07-02,1,AUTOMOTIVE,3.0
2016-07-03,1,AUTOMOTIVE,0.0
2016-07-04,1,AUTOMOTIVE,5.0
2016-07-05,1,AUTOMOTIVE,6.0
2016-07-06,1,AUTOMOTIVE,2.0
2016-07-07,1,AUTOMOTIVE,3.0
2016-07-08,1,AUTOMOTIVE,9.0
2016-07-09,1,AUTOMOTIVE,2.0
2016-07-10,1,AUTOMOTIVE,5.0
2016-07-11,1,AUTOMOTIVE,4.0
2016-07-12,1,AUTOMOTIVE,1.0
2016-07-13,1,AUTOMOTIVE,1.0
2016-07-14,1,AUTOMOTIVE,4.0
2016-07-15,1,AUTOMOTIVE,8.0
2016-07-16,1,AUTOMOTIVE,2.0
2016-07-17,1,AUTOMOTIVE,2.0
2016-07-18,1,AUTOMOTIVE,3.0
2016-07-19,1,AUTOMOTIVE,9.0
2016-07-20,1,AUTOMOTIVE,3.0
2016-07-21,1,AUTOMOTIVE,4.0
2016-07-22,1,AUTOMOTIVE,5.0
2016-07-23,1,AUTOMOTIVE,5.0
2016-07-24,1,AUTOMOTIVE,10.0
2016-07-25,1,AUTOMOTIVE,5.0
2016-07-26,1,AUTOMOTIVE,4.0
2016-07-27,1,AUTOMOTIVE,0.0
2016-07-28,1,AUTOMOTIVE,3.0
2016-07-29,1,AUTOMOTIVE,8.0
2016-07-30,1,AUTOMOTIVE,9.0
2016-07-31,1,AUTOMOTIVE,3.0
2016-08-01,1,AUTOMOTIVE,3.0
2016-08-02,1,AUTOMOTIVE,10.0
2016-08-03,1,AUTOMOTIVE,0.0
2016-08-04,1,AUTOMOTIVE,3.0
2016-08-05,1,AUTOMOTIVE,5.0
2016-08-06,1,AUTOMOTIVE,5.0
2016-08-07,1,AUTOMOTIVE,1.0
2016-08-08,1,AUTOMOTIVE,4.0
2016-08-09,1,AUTOMOTIVE,6.0
2016-08-10,1,AUTOMOTIVE,4.0
2016-08-11,1,AUTOMOTIVE,8.0
2016-08-12,1,AUTOMOTIVE,1.0
2016-08-13,1,AUTOMOTIVE,2.0
2016-08-14,1,AUTOMOTIVE,0.0
2016-08-15,1,AUTOMOTIVE,4.0
2016-08-16,1,AUTOMOTIVE,5.0
2016-08-17,1,AUTOMOTIVE,4.0
2016-08-18,1,AUTOMOTIVE,6.0
2016-08-19,1,AUTOMOTIVE,12.0
2016-08-20,1,AUTOMOTIVE,6.0
2016-08-21,1,AUTOMOTIVE,0.0
2016-08-22,1,AUTOMOTIVE,2.0
2016-08-23,1,AUTOMOTIVE,3.0
2016-08-24,1,AUTOMOTIVE,8.0
2016-08-25,1,AUTOMOTIVE,2.0
2016-08-26,1,AUTOMOTIVE,7.0
2016-08-27,1,AUTOMOTIVE,1.0
2016-08-28,1,AUTOMOTIVE,2.0
2016-08-29,1,AUTOMOTIVE,7.0
2016-08-30,1,AUTOMOTIVE,4.0
2016-08-31,1,AUTOMOTIVE,3.0
2016-09-01,1,AUTOMOTIVE,4.0
2016-09-02,1,AUTOMOTIVE,0.0
2016-09-03,1,AUTOMOTIVE,6.0
2016-09-04,1,AUTOMOTIVE,2.0
2016-09-05,1,AUTOMOTIVE,7.0
2016-09-06,1,AUTOMOTIVE,2.0
2016-09-07,1,AUTOMOTIVE,8.0
2016-09-08,1,AUTOMOTIVE,3.0
2016-09-09,1,AUTOMOTIVE,4.0
2016-09-10,1,AUTOMOTIVE,2.0
2016-09-11,1,AUTOMOTIVE,0.0
2016-09-12,1,AUTOMOTIVE,4.0
2016-09-13,1,AUTOMOTIVE,4.0
2016-09-14,1,AUTOMOTIVE,9.0
2016-09-15,1,AUTOMOTIVE,2.0
2016-09-16,1,AUTOMOTIVE,6.0
2016-09-17,1,AUTOMOTIVE,6.0
2016-09-18,1,AUTOMOTIVE,2.0
2016-09-19,1,AUTOMOTIVE,2.0
2016-09-20,1,AUTOMOTIVE,8.0
2016-09-21,1,AUTOMOTIVE,2.0
2016-09-22,1,AUTOMOTIVE,5.0
2016-09-23,1,AUTOMOTIVE,3.0
2016-09-24,1,AUTOMOTIVE,8.0
2016-09-25,1,AUTOMOTIVE,2.0
2016-09-26,1,AUTOMOTIVE,1.0
2016-09-27,1,AUTOMOTIVE,0.0
2016-09-28,1,AUTOMOTIVE,4.0
2016-09-29,1,AUTOMOTIVE,1.0
2016-09-30,1,AUTOMOTIVE,2.0
2016-10-01,1,AUTOMOTIVE,5.0
2016-10-02,1,AUTOMOTIVE,2.0
2016-10-03,1,AUTOMOTIVE,5.0
2016-10-04,1,AUTOMOTIVE,5.0
2016-10-05,1,AUTOMOTIVE,9.0
2016-10-06,1,AUTOMOTIVE,10.0
2016-10-07,1,AUTOMOTIVE,4.0
2016-10-08,1,AUTOMOTIVE,6.0
2016-10-09,1,AUTOMOTIVE,2.0
2016-10-10,1,AUTOMOTIVE,4.0
2016-10-11,1,AUTOMOTIVE,7.0
2016-10-12,1,AUTOMOTIVE,5.0
2016-10-13,1,AUTOMOTIVE,1.0
2016-10-14,1,AUTOMOTIVE,8.0
2016-10-15,1,AUTOMOTIVE,1.0
2016-10-16,1,AUTOMOTIVE,0.0
2016-10-17,1,AUTOMOTIVE,4.0
2016-10-18,1,AUTOMOTIVE,3.0
2016-10-19,1,AUTOMOTIVE,2.0
2016-10-20,1,AUTOMOTIVE,5.0
2016-10-21,1,AUTOMOTIVE,6.0
2016-10-22,1,AUTOMOTIVE,6.0
2016-10-23,1,AUTOMOTIVE,0.0
2016-10-24,1,AUTOMOTIVE,3.0
2016-10-25,1,AUTOMOTIVE,8.0
2016-10-26,1,AUTOMOTIVE,7.0
2016-10-27,1,AUTOMOTIVE,0.0
2016-10-28,1,AUTOMOTIVE,8.0
2016-10-29,1,AUTOMOTIVE,2.0
2016-10-30,1,AUTOMOTIVE,2.0
2016-10-31,1,AUTOMOTIVE,1.0
2016-11-01,1,AUTOMOTIVE,2.0
2016-11-02,1,AUTOMOTIVE,5.0
2016-11-03,1,AUTOMOTIVE,1.0
2016-11-04,1,AUTOMOTIVE,4.0
2016-11-05,1,AUTOMOTIVE,6.0
2016-11-06,1,AUTOMOTIVE,1.0
2016-11-07,1,AUTOMOTIVE,7.0
2016-11-08,1,AUTOMOTIVE,8.0
2016-11-09,1,AUTOMOTIVE,5.0
2016-11-10,1,AUTOMOTIVE,3.0
2016-11-11,1,AUTOMOTIVE,1.0
2016-11-12,1,AUTOMOTIVE,4.0
2016-11-13,1,AUTOMOTIVE,1.0
2016-11-14,1,AUTOMOTIVE,3.0
2016-11-15,1,AUTOMOTIVE,2.0
2016-11-16,1,AUTOMOTIVE,4.0
2016-11-17,1,AUTOMOTIVE,9.0
2016-11-18,1,AUTOMOTIVE,1.0
2016-11-19,1,AUTOMOTIVE,4.0
2016-11-20,1,AUTOMOTIVE,2.0
2016-11-21,1,AUTOMOTIVE,3.0
2016-11-22,1,AUTOMOTIVE,5.0
2016-11-23,1,AUTOMOTIVE,2.0
2016-11-24,1,AUTOMOTIVE,7.0
2016-11-25,1,AUTOMOTIVE,1.0
2016-11-26,1,AUTOMOTIVE,5.0
2016-11-27,1,AUTOMOTIVE,1.0
2016-11-28,1,AUTOMOTIVE,5.0
2016-11-29,1,AUTOMOTIVE,8.0
2016-11-30,1,AUTOMOTIVE,6.0
2016-12-01,1,AUTOMOTIVE,3.0
2016-12-02,1,AUTOMOTIVE,2.0
2016-12-03,1,AUTOMOTIVE,9.0
2016-12-04,1,AUTOMOTIVE,1.0
2016-12-05,1,AUTOMOTIVE,4.0
2016-12-06,1,AUTOMOTIVE,0.0
2016-12-07,1,AUTOMOTIVE,1.0
2016-12-08,1,AUTOMOTIVE,5.0
2016-12-09,1,AUTOMOTIVE,6.0
2016-12-10,1,AUTOMOTIVE,3.0
2016-12-11,1,AUTOMOTIVE,0.0
2016-12-12,1,AUTOMOTIVE,3.0
2016-12-13,1,AUTOMOTIVE,4.0
2016-12-14,1,AUTOMOTIVE,0.0
2016-12-15,1,AUTOMOTIVE,5.0
2016-12-16,1,AUTOMOTIVE,1.0
2016-12-17,1,AUTOMOTIVE,6.0
2016-12-18,1,AUTOMOTIVE,2.0
2016-12-19,1,AUTOMOTIVE,8.0
2016-12-20,1,AUTOMOTIVE,0.0
2016-12-21,1,AUTOMOTIVE,1.0
2016-12-22,1,AUTOMOTIVE,7.0
2016-12-23,1,AUTOMOTIVE,6.0
2016-12-24,1,AUTOMOTIVE,6.0
2016-12-26,1,AUTOMOTIVE,0.0
2016-12-27,1,AUTOMOTIVE,5.0
2016-12-28,1,AUTOMOTIVE,12.0
2016-12-29,1,AUTOMOTIVE,3.0
2016-12-30,1,AUTOMOTIVE,4.0
2016-12-31,1,AUTOMOTIVE,2.0
2017-01-01,1,AUTOMOTIVE,0.0
2017-01-02,1,AUTOMOTIVE,5.0
2017-01-03,1,AUTOMOTIVE,4.0
2017-01-04,1,AUTOMOTIVE,1.0
2017-01-05,1,AUTOMOTIVE,2.0
2017-01-06,1,AUTOMOTIVE,2.0
2017-01-07,1,AUTOMOTIVE,5.0
2017-01-08,1,AUTOMOTIVE,0.0
2017-01-09,1,AUTOMOTIVE,2.0
2017-01-10,1,AUTOMOTIVE,3.0
2017-01-11,1,AUTOMOTIVE,10.0
2017-01-12,1,AUTOMOTIVE,2.0
2017-01-13,1,AUTOMOTIVE,3.0
2017-01-14,1,AUTOMOTIVE,2.0
2017-01-15,1,AUTOMOTIVE,1.0
2017-01-16,1,AUTOMOTIVE,3.0
2017-01-17,1,AUTOMOTIVE,2.0
2017-01-18,1,AUTOMOTIVE,3.0
2017-01-19,1,AUTOMOTIVE,2.0
2017-01-20,1,AUTOMOTIVE,2.0
2017-01-21,1,AUTOMOTIVE,5.0
2017-01-22,1,AUTOMOTIVE,3.0
2017-01-23,1,AUTOMOTIVE,4.0
2017-01-24,1,AUTOMOTIVE,7.0
2017-01-25,1,AUTOMOTIVE,6.0
2017-01-26,1,AUTOMOTIVE,12.0
2017-01-27,1,AUTOMOTIVE,2.0
2017-01-28,1,AUTOMOTIVE,6.0
2017-01-29,1,AUTOMOTIVE,0.0
2017-01-30,1,AUTOMOTIVE,3.0
2017-01-31,1,AUTOMOTIVE,5.0
2017-02-01,1,AUTOMOTIVE,7.0
2017-02-02,1,AUTOMOTIVE,3.0
2017-02-03,1,AUTOMOTIVE,1.0
2017-02-04,1,AUTOMOTIVE,4.0
2017-02-05,1,AUTOMOTIVE,3.0
2017-02-06,1,AUTOMOTIVE,4.0
2017-02-07,1,AUTOMOTIVE,2.0
2017-02-08,1,AUTOMOTIVE,6.0
2017-02-09,1,AUTOMOTIVE,5.0
2017-02-10,1,AUTOMOTIVE,3.0
2017-02-11,1,AUTOMOTIVE,5.0
2017-02-12,1,AUTOMOTIVE,4.0
2017-02-13,1,AUTOMOTIVE,3.0
2017-02-14,1,AUTOMOTIVE,2.0
2017-02-15,1,AUTOMOTIVE,3.0
2017-02-16,1,AUTOMOTIVE,3.0
2017-02-17,1,AUTOMOTIVE,7.0
2017-02-18,1,AUTOMOTIVE,3.0
2017-02-19,1,AUTOMOTIVE,0.0
2017-02-20,1,AUTOMOTIVE,2.0
2017-02-21,1,AUTOMOTIVE,2.0
2017-02-22,1,AUTOMOTIVE,4.0
2017-02-23,1,AUTOMOTIVE,1.0
2017-02-24,1,AUTOMOTIVE,13.0
2017-02-25,1,AUTOMOTIVE,2.0
2017-02-26,1,AUTOMOTIVE,1.0
2017-02-27,1,AUTOMOTIVE,3.0
2017-02-28,1,AUTOMOTIVE,2.0
2017-03-01,1,AUTOMOTIVE,1.0
2017-03-02,1,AUTOMOTIVE,3.0
2017-03-03,1,AUTOMOTIVE,5.0
2017-03-04,1,AUTOMOTIVE,6.0
2017-03-05,1,AUTOMOTIVE,0.0
2017-03-06,1,AUTOMOTIVE,5.0
2017-03-07,1,AUTOMOTIVE,3.0
2017-03-08,1,AUTOMOTIVE,3.0
2017-03-09,1,AUTOMOTIVE,4.0
2017-03-10,1,AUTOMOTIVE,3.0
2017-03-11,1,AUTOMOTIVE,0.0
2017-03-12,1,AUTOMOTIVE,4.0
2017-03-13,1,AUTOMOTIVE,3.0
2017-03-14,1,AUTOMOTIVE,3.0
2017-03-15,1,AUTOMOTIVE,7.0
2017-03-16,1,AUTOMOTIVE,4.0
2017-03-17,1,AUTOMOTIVE,6.0
2017-03-18,1,AUTOMOTIVE,3.0
2017-03-19,1,AUTOMOTIVE,1.0
2017-03-20,1,AUTOMOTIVE,3.0
2017-03-21,1,AUTOMOTIVE,8.0
2017-03-22,1,AUTOMOTIVE,3.0
2017-03-23,1,AUTOMOTIVE,3.0
2017-03-24,1,AUTOMOTIVE,7.0
2017-03-25,1,AUTOMOTIVE,5.0
2017-03-26,1,AUTOMOTIVE,5.0
2017-03-27,1,AUTOMOTIVE,6.0
2017-03-28,1,AUTOMOTIVE,4.0
2017-03-29,1,AUTOMOTIVE,2.0
2017-03-30,1,AUTOMOTIVE,3.0
2017-03-31,1,AUTOMOTIVE,5.0
2017-04-01,1,AUTOMOTIVE,9.0
2017-04-02,1,AUTOMOTIVE,4.0
2017-04-03,1,AUTOMOTIVE,11.0
2017-04-04,1,AUTOMOTIVE,3.0
2017-04-05,1,AUTOMOTIVE,5.0
2017-04-06,1,AUTOMOTIVE,10.0
2017-04-07,1,AUTOMOTIVE,9.0
2017-04-08,1,AUTOMOTIVE,8.0
2017-04-09,1,AUTOMOTIVE,2.0
2017-04-10,1,AUTOMOTIVE,5.0
2017-04-11,1,AUTOMOTIVE,6.0
2017-04-12,1,AUTOMOTIVE,3.0
2017-04-13,1,AUTOMOTIVE,9.0
2017-04-14,1,AUTOMOTIVE,1.0
2017-04-15,1,AUTOMOTIVE,3.0
2017-04-16,1,AUTOMOTIVE,1.0
2017-04-17,1,AUTOMOTIVE,1.0
2017-04-18,1,AUTOMOTIVE,3.0
2017-04-19,1,AUTOMOTIVE,4.0
2017-04-20,1,AUTOMOTIVE,2.0
2017-04-21,1,AUTOMOTIVE,5.0
2017-04-22,1,AUTOMOTIVE,5.0
2017-04-23,1,AUTOMOTIVE,1.0
2017-04-24,1,AUTOMOTIVE,6.0
2017-04-25,1,AUTOMOTIVE,3.0
2017-04-26,1,AUTOMOTIVE,2.0
2017-04-27,1,AUTOMOTIVE,8.0
2017-04-28,1,AUTOMOTIVE,3.0
2017-04-29,1,AUTOMOTIVE,2.0
2017-04-30,1,AUTOMOTIVE,3.0
2017-05-01,1,AUTOMOTIVE,0.0
2017-05-02,1,AUTOMOTIVE,2.0
2017-05-03,1,AUTOMOTIVE,5.0
2017-05-04,1,AUTOMOTIVE,3.0
2017-05-05,1,AUTOMOTIVE,12.0
2017-05-06,1,AUTOMOTIVE,4.0
2017-05-07,1,AUTOMOTIVE,3.0
2017-05-08,1,AUTOMOTIVE,5.0
2017-05-09,1,AUTOMOTIVE,2.0
2017-05-10,1,AUTOMOTIVE,2.0
2017-05-11,1,AUTOMOTIVE,4.0
2017-05-12,1,AUTOMOTIVE,4.0
2017-05-13,1,AUTOMOTIVE,2.0
2017-05-14,1,AUTOMOTIVE,2.0
2017-05-15,1,AUTOMOTIVE,9.0
2017-05-16,1,AUTOMOTIVE,3.0
2017-05-17,1,AUTOMOTIVE,2.0
2017-05-18,1,AUTOMOTIVE,4.0
2017-05-19,1,AUTOMOTIVE,5.0
2017-05-20,1,AUTOMOTIVE,4.0
2017-05-21,1,AUTOMOTIVE,1.0
2017-05-22,1,AUTOMOTIVE,2.0
2017-05-23,1,AUTOMOTIVE,4.0
2017-05-24,1,AUTOMOTIVE,7.0
2017-05-25,1,AUTOMOTIVE,2.0
2017-05-26,1,AUTOMOTIVE,1.0
2017-05-27,1,AUTOMOTIVE,1.0
2017-05-28,1,AUTOMOTIVE,2.0
2017-05-29,1,AUTOMOTIVE,6.0
2017-05-30,1,AUTOMOTIVE,2.0
2017-05-31,1,AUTOMOTIVE,3.0
2017-06-01,1,AUTOMOTIVE,6.0
2017-06-02,1,AUTOMOTIVE,19.0
2017-06-03,1,AUTOMOTIVE,8.0
2017-06-04,1,AUTOMOTIVE,0.0
2017-06-05,1,AUTOMOTIVE,6.0
2017-06-06,1,AUTOMOTIVE,2.0
2017-06-07,1,AUTOMOTIVE,7.0
2017-06-08,1,AUTOMOTIVE,1.0
2017-06-09,1,AUTOMOTIVE,1.0
2017-06-10,1,AUTOMOTIVE,4.0
2017-06-11,1,AUTOMOTIVE,3.0
2017-06-12,1,AUTOMOTIVE,4.0
2017-06-13,1,AUTOMOTIVE,5.0
2017-06-14,1,AUTOMOTIVE,5.0
2017-06-15,1,AUTOMOTIVE,3.0
2017-06-16,1,AUTOMOTIVE,4.0
2017-06-17,1,AUTOMOTIVE,3.0
2017-06-18,1,AUTOMOTIVE,2.0
2017-06-19,1,AUTOMOTIVE,3.0
2017-06-20,1,AUTOMOTIVE,3.0
2017-06-21,1,AUTOMOTIVE,1.0
2017-06-22,1,AUTOMOTIVE,1.0
2017-06-23,1,AUTOMOTIVE,10.0
2017-06-24,1,AUTOMOTIVE,12.0
2017-06-25,1,AUTOMOTIVE,4.0
2017-06-26,1,AUTOMOTIVE,3.0
2017-06-27,1,AUTOMOTIVE,4.0
2017-06-28,1,AUTOMOTIVE,2.0
2017-06-29,1,AUTOMOTIVE,1.0
2017-06-30,1,AUTOMOTIVE,11.0
2017-07-01,1,AUTOMOTIVE,7.0
2017-07-02,1,AUTOMOTIVE,4.0
2017-07-03,1,AUTOMOTIVE,0.0
2017-07-04,1,AUTOMOTIVE,5.0
2017-07-05,1,AUTOMOTIVE,1.0
2017-07-06,1,AUTOMOTIVE,5.0
2017-07-07,1,AUTOMOTIVE,4.0
2017-07-08,1,AUTOMOTIVE,6.0
2017-07-09,1,AUTOMOTIVE,2.0
2017-07-10,1,AUTOMOTIVE,3.0
2017-07-11,1,AUTOMOTIVE,7.0
2017-07-12,1,AUTOMOTIVE,7.0
2017-07-13,1,AUTOMOTIVE,9.0
2017-07-14,1,AUTOMOTIVE,4.0
2017-07-15,1,AUTOMOTIVE,6.0
2017-07-16,1,AUTOMOTIVE,2.0
2017-07-17,1,AUTOMOTIVE,2.0
2017-07-18,1,AUTOMOTIVE,3.0
2017-07-19,1,AUTOMOTIVE,7.0
2017-07-20,1,AUTOMOTIVE,4.0
2017-07-21,1,AUTOMOTIVE,10.0
2017-07-22,1,AUTOMOTIVE,8.0
2017-07-23,1,AUTOMOTIVE,0.0
2017-07-24,1,AUTOMOTIVE,4.0
2017-07-25,1,AUTOMOTIVE,10.0
2017-07-26,1,AUTOMOTIVE,2.0
2017-07-27,1,AUTOMOTIVE,5.0
2017-07-28,1,AUTOMOTIVE,7.0
2017-07-29,1,AUTOMOTIVE,4.0
2017-07-30,1,AUTOMOTIVE,1.0
2017-07-31,1,AUTOMOTIVE,8.0
2017-08-01,1,AUTOMOTIVE,5.0
2017-08-02,1,AUTOMOTIVE,4.0
2017-08-03,1,AUTOMOTIVE,3.0
2017-08-04,1,AUTOMOTIVE,8.0
2017-08-05,1,AUTOMOTIVE,5.0
2017-08-06,1,AUTOMOTIVE,6.0
2017-08-07,1,AUTOMOTIVE,7.0
2017-08-08,1,AUTOMOTIVE,4.0
2017-08-09,1,AUTOMOTIVE,7.0
2017-08-10,1,AUTOMOTIVE,9.0
2017-08-11,1,AUTOMOTIVE,1.0
2017-08-12,1,AUTOMOTIVE,6.0
2017-08-13,1,AUTOMOTIVE,1.0
2017-08-14,1,AUTOMOTIVE,1.0
2017-08-15,1,AUTOMOTIVE,4.0
2016-01-01,1,BABY CARE,0.0
2016-01-02,1,BABY CARE,0.0
2016-01-03,1,BABY CARE,0.0
2016-01-04,1,BABY CARE,0.0
2016-01-05,1,BABY CARE,0.0
2016-01-06,1,BABY CARE,0.0
2016-01-07,1,BABY CARE,0.0
2016-01-08,1,BABY CARE,0.0
2016-01-09,1,BABY CARE,0.0
2016-01-10,1,BABY CARE,0.0
2016-01-11,1,BABY CARE,0.0
2016-01-12,1,BABY CARE,0.0
2016-01-13,1,BABY CARE,0.0
2016-01-14,1,BABY CARE,0.0
2016-01-15,1,BABY CARE,0.0
2016-01-16,1,BABY CARE,0.0
2016-01-17,1,BABY CARE,0.0
2016-01-18,1,BABY CARE,0.0
2016-01-19,1,BABY CARE,0.0
2016-01-20,1,BABY CARE,0.0
2016-01-21,1,BABY CARE,0.0
2016-01-22,1,BABY CARE,0.0
2016-01-23,1,BABY CARE,0.0
2016-01-24,1,BABY CARE,0.0
2016-01-25,1,BABY CARE,0.0
2016-01-26,1,BABY CARE,0.0
2016-01-27,1,BABY CARE,0.0
2016-01-28,1,BABY CARE,0.0
2016-01-29,1,BABY CARE,0.0
2016-01-30,1,BABY CARE,0.0
2016-01-31,1,BABY CARE,0.0
2016-02-01,1,BABY CARE,0.0
2016-02-02,1,BABY CARE,0.0
2016-02-03,1,BABY CARE,0.0
2016-02-04,1,BABY CARE,0.0
2016-02-05,1,BABY CARE,0.0
2016-02-06,1,BABY CARE,0.0
2016-02-07,1,BABY CARE,0.0
2016-02-08,1,BABY CARE,0.0
2016-02-09,1,BABY CARE,0.0
2016-02-10,1,BABY CARE,0.0
2016-02-11,1,BABY CARE,0.0
2016-02-12,1,BABY CARE,0.0
2016-02-13,1,BABY CARE,0.0
2016-02-14,1,BABY CARE,0.0
2016-02-15,1,BABY CARE,0.0
2016-02-16,1,BABY CARE,0.0
2016-02-17,1,BABY CARE,0.0
2016-02-18,1,BABY CARE,0.0
2016-02-19,1,BABY CARE,0.0
2016-02-20,1,BABY CARE,0.0
2016-02-21,1,BABY CARE,0.0
2016-02-22,1,BABY CARE,0.0
2016-02-23,1,BABY CARE,0.0
2016-02-24,1,BABY CARE,0.0
2016-02-25,1,BABY CARE,0.0
2016-02-26,1,BABY CARE,0.0
2016-02-27,1,BABY CARE,0.0
2016-02-28,1,BABY CARE,0.0
2016-02-29,1,BABY CARE,0.0
2016-03-01,1,BABY CARE,0.0
2016-03-02,1,BABY CARE,0.0
2016-03-03,1,BABY CARE,0.0
2016-03-04,1,BABY CARE,0.0
2016-03-05,1,BABY CARE,0.0
2016-03-06,1,BABY CARE,0.0
2016-03-07,1,BABY CARE,0.0
2016-03-08,1,BABY CARE,0.0
2016-03-09,1,BABY CARE,0.0
2016-03-10,1,BABY CARE,0.0
2016-03-11,1,BABY CARE,0.0
2016-03-12,1,BABY CARE,0.0
2016-03-13,1,BABY CARE,0.0
2016-03-14,1,BABY CARE,0.0
2016-03-15,1,BABY CARE,0.0
2016-03-16,1,BABY CARE,0.0
2016-03-17,1,BABY CARE,0.0
2016-03-18,1,BABY CARE,0.0
2016-03-19,1,BABY CARE,0.0
2016-03-20,1,BABY CARE,0.0
2016-03-21,1,BABY CARE,0.0
2016-03-22,1,BABY CARE,0.0
2016-03-23,1,BABY CARE,0.0
2016-03-24,1,BABY CARE,0.0
2016-03-25,1,BABY CARE,0.0
2016-03-26,1,BABY CARE,0.0
2016-03-27,1,BABY CARE,0.0
2016-03-28,1,BABY CARE,0.0
2016-03-29,1,BABY CARE,0.0
2016-03-30,1,BABY CARE,0.0
2016-03-31,1,BABY CARE,0.0
2016-04-01,1,BABY CARE,0.0
2016-04-02,1,BABY CARE,0.0
2016-04-03,1,BABY CARE,0.0
2016-04-04,1,BABY CARE,0.0
2016-04-05,1,BABY CARE,0.0
2016-04-06,1,BABY CARE,0.0
2016-04-07,1,BABY CARE,0.0
2016-04-08,1,BABY CARE,0.0
2016-04-09,1,BABY CARE,0.0
2016-04-10,1,BABY CARE,0.0
2016-04-11,1,BABY CARE,0.0
2016-04-12,1,BABY CARE,0.0
2016-04-13,1,BABY CARE,0.0
2016-04-14,1,BABY CARE,0.0
2016-04-15,1,BABY CARE,0.0
2016-04-16,1,BABY CARE,0.0
2016-04-17,1,BABY CARE,0.0
2016-04-18,1,BABY CARE,0.0
2016-04-19,1,BABY CARE,0.0
2016-04-20,1,BABY CARE,0.0
2016-04-21,1,BABY CARE,0.0
2016-04-22,1,BABY CARE,0.0
2016-04-23,1,BABY CARE,0.0
2016-04-24,1,BABY CARE,0.0
2016-04-25,1,BABY CARE,0.0
2016-04-26,1,BABY CARE,0.0
2016-04-27,1,BABY CARE,0.0
2016-04-28,1,BABY CARE,0.0
2016-04-29,1,BABY CARE,0.0
2016-04-30,1,BABY CARE,0.0
2016-05-01,1,BABY CARE,0.0
2016-05-02,1,BABY CARE,0.0
2016-05-03,1,BABY CARE,0.0
2016-05-04,1,BABY CARE,0.0
2016-05-05,1,BABY CARE,0.0
2016-05-06,1,BABY CARE,0.0
2016-05-07,1,BABY CARE,0.0
2016-05-08,1,BABY CARE,0.0
2016-05-09,1,BABY CARE,0.0
2016-05-10,1,BABY CARE,0.0
2016-05-11,1,BABY CARE,0.0
2016-05-12,1,BABY CARE,0.0
2016-05-13,1,BABY CARE,0.0
2016-05-14,1,BABY CARE,0.0
2016-05-15,1,BABY CARE,0.0
2016-05-16,1,BABY CARE,0.0
2016-05-17,1,BABY CARE,0.0
2016-05-18,1,BABY CARE,0.0
2016-05-19,1,BABY CARE,0.0
2016-05-20,1,BABY CARE,0.0
2016-05-21,1,BABY CARE,0.0
2016-05-22,1,BABY CARE,0.0
2016-05-23,1,BABY CARE,0.0
2016-05-24,1,BABY CARE,0.0
2016-05-25,1,BABY CARE,0.0
2016-05-26,1,BABY CARE,0.0
2016-05-27,1,BABY CARE,0.0
2016-05-28,1,BABY CARE,0.0
2016-05-29,1,BABY CARE,0.0
2016-05-30,1,BABY CARE,0.0
2016-05-31,1,BABY CARE,0.0
2016-06-01,1,BABY CARE,0.0
2016-06-02,1,BABY CARE,0.0
2016-06-03,1,BABY CARE,0.0
2016-06-04,1,BABY CARE,0.0
2016-06-05,1,BABY CARE,0.0
2016-06-06,1,BABY CARE,0.0
2016-06-07,1,BABY CARE,0.0
2016-06-08,1,BABY CARE,0.0
2016-06-09,1,BABY CARE,0.0
2016-06-10,1,BABY CARE,0.0
2016-06-11,1,BABY CARE,0.0
2016-06-12,1,BABY CARE,0.0
2016-06-13,1,BABY CARE,0.0
2016-06-14,1,BABY CARE,0.0
2016-06-15,1,BABY CARE,0.0
2016-06-16,1,BABY CARE,0.0
2016-06-17,1,BABY CARE,0.0
2016-06-18,1,BABY CARE,0.0
2016-06-19,1,BABY CARE,0.0
2016-06-20,1,BABY CARE,0.0
2016-06-21,1,BABY CARE,0.0
2016-06-22,1,BABY CARE,0.0
2016-06-23,1,BABY CARE,0.0
2016-06-24,1,BABY CARE,0.0
2016-06-25,1,BABY CARE,0.0
2016-06-26,1,BABY CARE,0.0
2016-06-27,1,BABY CARE,0.0
2016-06-28,1,BABY CARE,0.0
2016-06-29,1,BABY CARE,0.0
2016-06-30,1,BABY CARE,0.0
2016-07-01,1,BABY CARE,0.0
2016-07-02,1,BABY CARE,0.0
2016-07-03,1,BABY CARE,0.0
2016-07-04,1,BABY CARE,0.0
2016-07-05,1,BABY CARE,0.0
2016-07-06,1,BABY CARE,0.0
2016-07-07,1,BABY CARE,0.0
2016-07-08,1,BABY CARE,0.0
2016-07-09,1,BABY CARE,0.0
2016-07-10,1,BABY CARE,0.0
2016-07-11,1,BABY CARE,0.0
2016-07-12,1,BABY CARE,0.0
2016-07-13,1,BABY CARE,0.0
2016-07-14,1,BABY CARE,0.0
2016-07-15,1,BABY CARE,0.0
2016-07-16,1,BABY CARE,0.0
2016-07-17,1,BABY CARE,0.0
2016-07-18,1,BABY CARE,0.0
2016-07-19,1,BABY CARE,0.0
2016-07-20,1,BABY CARE,0.0
2016-07-21,1,BABY CARE,0.0
2016-07-22,1,BABY CARE,0.0
2016-07-23,1,BABY CARE,0.0
2016-07-24,1,BABY CARE,0.0
2016-07-25,1,BABY CARE,0.0
2016-07-26,1,BABY CARE,0.0
2016-07-27,1,BABY CARE,0.0
2016-07-28,1,BABY CARE,0.0
2016-07-29,1,BABY CARE,0.0
2016-07-30,1,BABY CARE,0.0
2016-07-31,1,BABY CARE,0.0
2016-08-01,1,BABY CARE,0.0
2016-08-02,1,BABY CARE,0.0
2016-08-03,1,BABY CARE,0.0
2016-08-04,1,BABY CARE,0.0
2016-08-05,1,BABY CARE,0.0
2016-08-06,1,BABY CARE,0.0
2016-08-07,1,BABY CARE,0.0
2016-08-08,1,BABY CARE,0.0
2016-08-09,1,BABY CARE,0.0
2016-08-10,1,BABY CARE,0.0
2016-08-11,1,BABY CARE,0.0
2016-08-12,1,BABY CARE,0.0
2016-08-13,1,BABY CARE,0.0
2016-08-14,1,BABY CARE,0.0
2016-08-15,1,BABY CARE,0.0
2016-08-16,1,BABY CARE,0.0
2016-08-17,1,BABY CARE,0.0
2016-08-18,1,BABY CARE,0.0
2016-08-19,1,BABY CARE,0.0
2016-08-20,1,BABY CARE,0.0
2016-08-21,1,BABY CARE,0.0
2016-08-22,1,BABY CARE,0.0
2016-08-23,1,BABY CARE,0.0
2016-08-24,1,BABY CARE,0.0
2016-08-25,1,BABY CARE,0.0
2016-08-26,1,BABY CARE,0.0
2016-08-27,1,BABY CARE,0.0
2016-08-28,1,BABY CARE,0.0
2016-08-29,1,BABY CARE,0.0
2016-08-30,1,BABY CARE,0.0
2016-08-31,1,BABY CARE,0.0
2016-09-01,1,BABY CARE,0.0
2016-09-02,1,BABY CARE,0.0
2016-09-03,1,BABY CARE,0.0
2016-09-04,1,BABY CARE,0.0
2016-09-05,1,BABY CARE,0.0
2016-09-06,1,BABY CARE,0.0
2016-09-07,1,BABY CARE,0.0
2016-09-08,1,BABY CARE,0.0
2016-09-09,1,BABY CARE,0.0
2016-09-10,1,BABY CARE,0.0
2016-09-11,1,BABY CARE,0.0
2016-09-12,1,BABY CARE,0.0
2016-09-13,1,BABY CARE,0.0
2016-09-14,1,BABY CARE,0.0
2016-09-15,1,BABY CARE,0.0
2016-09-16,1,BABY CARE,0.0
2016-09-17,1,BABY CARE,0.0
2016-09-18,1,BABY CARE,0.0
2016-09-19,1,BABY CARE,0.0
2016-09-20,1,BABY CARE,0.0
2016-09-21,1,BABY CARE,0.0
2016-09-22,1,BABY CARE,0.0
2016-09-23,1,BABY CARE,0.0
2016-09-24,1,BABY CARE,0.0
2016-09-25,1,BABY CARE,0.0
2016-09-26,1,BABY CARE,0.0
2016-09-27,1,BABY CARE,0.0
2016-09-28,1,BABY CARE,0.0
2016-09-29,1,BABY CARE,0.0
2016-09-30,1,BABY CARE,0.0
2016-10-01,1,BABY CARE,0.0
2016-10-02,1,BABY CARE,0.0
2016-10-03,1,BABY CARE,0.0
2016-10-04,1,BABY CARE,0.0
2016-10-05,1,BABY CARE,0.0
2016-10-06,1,BABY CARE,0.0
2016-10-07,1,BABY CARE,0.0
2016-10-08,1,BABY CARE,0.0
2016-10-09,1,BABY CARE,0.0
2016-10-10,1,BABY CARE,0.0
2016-10-11,1,BABY CARE,0.0
2016-10-12,1,BABY CARE,0.0
2016-10-13,1,BABY CARE,0.0
2016-10-14,1,BABY CARE,0.0
2016-10-15,1,BABY CARE,0.0
2016-10-16,1,BABY CARE,0.0
2016-10-17,1,BABY CARE,0.0
2016-10-18,1,BABY CARE,0.0
2016-10-19,1,BABY CARE,0.0
2016-10-20,1,BABY CARE,0.0
2016-10-21,1,BABY CARE,0.0
2016-10-22,1,BABY CARE,0.0
2016-10-23,1,BABY CARE,0.0
2016-10-24,1,BABY CARE,0.0
2016-10-25,1,BABY CARE,0.0
2016-10-26,1,BABY CARE,0.0
2016-10-27,1,BABY CARE,0.0
2016-10-28,1,BABY CARE,0.0
2016-10-29,1,BABY CARE,0.0
2016-10-30,1,BABY CARE,0.0
2016-10-31,1,BABY CARE,0.0
2016-11-01,1,BABY CARE,0.0
2016-11-02,1,BABY CARE,0.0
2016-11-03,1,BABY CARE,0.0
2016-11-04,1,BABY CARE,0.0
2016-11-05,1,BABY CARE,0.0
2016-11-06,1,BABY CARE,0.0
2016-11-07,1,BABY CARE,0.0
2016-11-08,1,BABY CARE,0.0
2016-11-09,1,BABY CARE,0.0
2016-11-10,1,BABY CARE,0.0
2016-11-11,1,BABY CARE,0.0
2016-11-12,1,BABY CARE,0.0
2016-11-13,1,BABY CARE,0.0
2016-11-14,1,BABY CARE,0.0
2016-11-15,1,BABY CARE,0.0
2016-11-16,1,BABY CARE,0.0
2016-11-17,1,BABY CARE,0.0
2016-11-18,1,BABY CARE,0.0
2016-11-19,1,BABY CARE,0.0
2016-11-20,1,BABY CARE,0.0
2016-11-21,1,BABY CARE,0.0
2016-11-22,1,BABY CARE,0.0
2016-11-23,1,BABY CARE,0.0
2016-11-24,1,BABY CARE,0.0
2016-11-25,1,BABY CARE,0.0
2016-11-26,1,BABY CARE,0.0
2016-11-27,1,BABY CARE,0.0
2016-11-28,1,BABY CARE,0.0
2016-11-29,1,BABY CARE,0.0
2016-11-30,1,BABY CARE,0.0
2016-12-01,1,BABY CARE,0.0
2016-12-02,1,BABY CARE,0.0
2016-12-03,1,BABY CARE,0.0
2016-12-04,1,BABY CARE,0.0
2016-12-05,1,BABY CARE,0.0
2016-12-06,1,BABY CARE,0.0
2016-12-07,1,BABY CARE,0.0
2016-12-08,1,BABY CARE,0.0
2016-12-09,1,BABY CARE,0.0
2016-12-10,1,BABY CARE,0.0
2016-12-11,1,BABY CARE,0.0
2016-12-12,1,BABY CARE,0.0
2016-12-13,1,BABY CARE,0.0
2016-12-14,1,BABY CARE,0.0
2016-12-15,1,BABY CARE,0.0
2016-12-16,1,BABY CARE,0.0
2016-12-17,1,BABY CARE,0.0
2016-12-18,1,BABY CARE,0.0
2016-12-19,1,BABY CARE,0.0
2016-12-20,1,BABY CARE,0.0
2016-12-21,1,BABY CARE,0.0
2016-12-22,1,BABY CARE,0.0
2016-12-23,1,BABY CARE,0.0
2016-12-24,1,BABY CARE,0.0
2016-12-26,1,BABY CARE,0.0
2016-12-27,1,BABY CARE,0.0
2016-12-28,1,BABY CARE,0.0
2016-12-29,1,BABY CARE,0.0
2016-12-30,1,BABY CARE,0.0
2016-12-31,1,BABY CARE,0.0
2017-01-01,1,BABY CARE,0.0
2017-01-02,1,BABY CARE,0.0
2017-01-03,1,BABY CARE,0.0
2017-01-04,1,BABY CARE,0.0
2017-01-05,1,BABY CARE,0.0
2017-01-06,1,BABY CARE,0.0
2017-01-07,1,BABY CARE,0.0
2017-01-08,1,BABY CARE,0.0
2017-01-09,1,BABY CARE,0.0
2017-01-10,1,BABY CARE,0.0
2017-01-11,1,BABY CARE,0.0
2017-01-12,1,BABY CARE,0.0
2017-01-13,1,BABY CARE,0.0
2017-01-14,1,BABY CARE,0.0
2017-01-15,1,BABY CARE,0.0
2017-01-16,1,BABY CARE,0.0
2017-01-17,1,BABY CARE,0.0
2017-01-18,1,BABY CARE,0.0
2017-01-19,1,BABY CARE,0.0
2017-01-20,1,BABY CARE,0.0
2017-01-21,1,BABY CARE,0.0
2017-01-22,1,BABY CARE,0.0
2017-01-23,1,BABY CARE,0.0
2017-01-24,1,BABY CARE,0.0
2017-01-25,1,BABY CARE,0.0
2017-01-26,1,BABY CARE,0.0
2017-01-27,1,BABY CARE,0.0
2017-01-28,1,BABY CARE,0.0
2017-01-29,1,BABY CARE,0.0
2017-01-30,1,BABY CARE,0.0
2017-01-31,1,BABY CARE,0.0
2017-02-01,1,BABY CARE,0.0
2017-02-02,1,BABY CARE,0.0
2017-02-03,1,BABY CARE,0.0
2017-02-04,1,BABY CARE,0.0
2017-02-05,1,BABY CARE,0.0
2017-02-06,1,BABY CARE,0.0
2017-02-07,1,BABY CARE,0.0
2017-02-08,1,BABY CARE,0.0
2017-02-09,1,BABY CARE,0.0
2017-02-10,1,BABY CARE,0.0
2017-02-11,1,BABY CARE,0.0
2017-02-12,1,BABY CARE,0.0
2017-02-13,1,BABY CARE,0.0
2017-02-14,1,BABY CARE,0.0
2017-02-15,1,BABY CARE,0.0
2017-02-16,1,BABY CARE,0.0
2017-02-17,1,BABY CARE,0.0
2017-02-18,1,BABY CARE,0.0
2017-02-19,1,BABY CARE,0.0
2017-02-20,1,BABY CARE,0.0
2017-02-21,1,BABY CARE,0.0
2017-02-22,1,BABY CARE,0.0
2017-02-23,1,BABY CARE,0.0
2017-02-24,1,BABY CARE,0.0
2017-02-25,1,BABY CARE,0.0
2017-02-26,1,BABY CARE,0.0
2017-02-27,1,BABY CARE,0.0
2017-02-28,1,BABY CARE,0.0
2017-03-01,1,BABY CARE,0.0
2017-03-02,1,BABY CARE,0.0
2017-03-03,1,BABY CARE,0.0
2017-03-04,1,BABY CARE,0.0
2017-03-05,1,BABY CARE,0.0
2017-03-06,1,BABY CARE,0.0
2017-03-07,1,BABY CARE,0.0
2017-03-08,1,BABY CARE,0.0
2017-03-09,1,BABY CARE,0.0
2017-03-10,1,BABY CARE,0.0
2017-03-11,1,BABY CARE,0.0
2017-03-12,1,BABY CARE,0.0
2017-03-13,1,BABY CARE,0.0
2017-03-14,1,BABY CARE,0.0
2017-03-15,1,BABY CARE,0.0
2017-03-16,1,BABY CARE,0.0
2017-03-17,1,BABY CARE,0.0
2017-03-18,1,BABY CARE,0.0
2017-03-19,1,BABY CARE,0.0
2017-03-20,1,BABY CARE,0.0
2017-03-21,1,BABY CARE,0.0
2017-03-22,1,BABY CARE,0.0
2017-03-23,1,BABY CARE,0.0
2017-03-24,1,BABY CARE,0.0
2017-03-25,1,BABY CARE,0.0
2017-03-26,1,BABY CARE,0.0
2017-03-27,1,BABY CARE,0.0
2017-03-28,1,BABY CARE,0.0
2017-03-29,1,BABY CARE,0.0
2017-03-30,1,BABY CARE,0.0
2017-03-31,1,BABY CARE,0.0
2017-04-01,1,BABY CARE,0.0
2017-04-02,1,BABY CARE,0.0
2017-04-03,1,BABY CARE,0.0
2017-04-04,1,BABY CARE,0.0
2017-04-05,1,BABY CARE,0.0
2017-04-06,1,BABY CARE,0.0
2017-04-07,1,BABY CARE,0.0
2017-04-08,1,BABY CARE,0.0
2017-04-09,1,BABY CARE,0.0
2017-04-10,1,BABY CARE,0.0
2017-04-11,1,BABY CARE,0.0
2017-04-12,1,BABY CARE,0.0
2017-04-13,1,BABY CARE,0.0
2017-04-14,1,BABY CARE,0.0
2017-04-15,1,BABY CARE,0.0
2017-04-16,1,BABY CARE,0.0
2017-04-17,1,BABY CARE,0.0
2017-04-18,1,BABY CARE,0.0
2017-04-19,1,BABY CARE,0.0
2017-04-20,1,BABY CARE,0.0
2017-04-21,1,BABY CARE,0.0
2017-04-22,1,BABY CARE,0.0
2017-04-23,1,BABY CARE,0.0
2017-04-24,1,BABY CARE,0.0
2017-04-25,1,BABY CARE,0.0
2017-04-26,1,BABY CARE,0.0
2017-04-27,1,BABY CARE,0.0
2017-04-28,1,BABY CARE,0.0
2017-04-29,1,BABY CARE,0.0
2017-04-30,1,BABY CARE,0.0
2017-05-01,1,BABY CARE,0.0
2017-05-02,1,BABY CARE,0.0
2017-05-03,1,BABY CARE,0.0
2017-05-04,1,BABY CARE,0.0
2017-05-05,1,BABY CARE,0.0
2017-05-06,1,BABY CARE,0.0
2017-05-07,1,BABY CARE,0.0
2017-05-08,1,BABY CARE,0.0
2017-05-09,1,BABY CARE,0.0
2017-05-10,1,BABY CARE,0.0
2017-05-11,1,BABY CARE,0.0
2017-05-12,1,BABY CARE,0.0
2017-05-13,1,BABY CARE,0.0
2017-05-14,1,BABY CARE,0.0
2017-05-15,1,BABY CARE,0.0
2017-05-16,1,BABY CARE,0.0
2017-05-17,1,BABY CARE,0.0
2017-05-18,1,BABY CARE,0.0
2017-05-19,1,BABY CARE,0.0
2017-05-20,1,BABY CARE,0.0
2017-05-21,1,BABY CARE,0.0
2017-05-22,1,BABY CARE,0.0
2017-05-23,1,BABY CARE,0.0
2017-05-24,1,BABY CARE,0.0
2017-05-25,1,BABY CARE,0.0
2017-05-26,1,BABY CARE,0.0
2017-05-27,1,BABY CARE,0.0
2017-05-28,1,BABY CARE,0.0
2017-05-29,1,BABY CARE,0.0
2017-05-30,1,BABY CARE,0.0
2017-05-31,1,BABY CARE,0.0
2017-06-01,1,BABY CARE,0.0
2017-06-02,1,BABY CARE,0.0
2017-06-03,1,BABY CARE,0.0
2017-06-04,1,BABY CARE,0.0
2017-06-05,1,BABY CARE,0.0
2017-06-06,1,BABY CARE,0.0
2017-06-07,1,BABY CARE,0.0
2017-06-08,1,BABY CARE,0.0
2017-06-09,1,BABY CARE,0.0
2017-06-10,1,BABY CARE,0.0
2017-06-11,1,BABY CARE,0.0
2017-06-12,1,BABY CARE,0.0
2017-06-13,1,BABY CARE,0.0
2017-06-14,1,BABY CARE,0.0
2017-06-15,1,BABY CARE,0.0
2017-06-16,1,BABY CARE,0.0
2017-06-17,1,BABY CARE,0.0
2017-06-18,1,BABY CARE,0.0
2017-06-19,1,BABY CARE,0.0
2017-06-20,1,BABY CARE,0.0
2017-06-21,1,BABY CARE,0.0
2017-06-22,1,BABY CARE,0.0
2017-06-23,1,BABY CARE,0.0
2017-06-24,1,BABY CARE,0.0
2017-06-25,1,BABY CARE,0.0
2017-06-26,1,BABY CARE,0.0
2017-06-27,1,BABY CARE,0.0
2017-06-28,1,BABY CARE,0.0
2017-06-29,1,BABY CARE,0.0
2017-06-30,1,BABY CARE,0.0
2017-07-01,1,BABY CARE,0.0
2017-07-02,1,BABY CARE,0.0
2017-07-03,1,BABY CARE,0.0
2017-07-04,1,BABY CARE,0.0
2017-07-05,1,BABY CARE,0.0
2017-07-06,1,BABY CARE,0.0
2017-07-07,1,BABY CARE,0.0
2017-07-08,1,BABY CARE,0.0
2017-07-09,1,BABY CARE,0.0
2017-07-10,1,BABY CARE,0.0
2017-07-11,1,BABY CARE,0.0
2017-07-12,1,BABY CARE,0.0
2017-07-13,1,BABY CARE,0.0
2017-07-14,1,BABY CARE,0.0
2017-07-15,1,BABY CARE,0.0
2017-07-16,1,BABY CARE,0.0
2017-07-17,1,BABY CARE,0.0
2017-07-18,1,BABY CARE,0.0
2017-07-19,1,BABY CARE,0.0
2017-07-20,1,BABY CARE,0.0
2017-07-21,1,BABY CARE,0.0
2017-07-22,1,BABY CARE,0.0
2017-07-23,1,BABY CARE,0.0
2017-07-24,1,BABY CARE,0.0
2017-07-25,1,BABY CARE,0.0
2017-07-26,1,BABY CARE,0.0
2017-07-27,1,BABY CARE,0.0
2017-07-28,1,BABY CARE,0.0
2017-07-29,1,BABY CARE,0.0
2017-07-30,1,BABY CARE,0.0
2017-07-31,1,BABY CARE,0.0
2017-08-01,1,BABY CARE,0.0
2017-08-02,1,BABY CARE,0.0
2017-08-03,1,BABY CARE,0.0
2017-08-04,1,BABY CARE,0.0
2017-08-05,1,BABY CARE,0.0
2017-08-06,1,BABY CARE,0.0
2017-08-07,1,BABY CARE,0.0
2017-08-08,1,BABY CARE,0.0
2017-08-09,1,BABY CARE,0.0
2017-08-10,1,BABY CARE,0.0
2017-08-11,1,BABY CARE,0.0
2017-08-12,1,BABY CARE,0.0
2017-08-13,1,BABY CARE,0.0
2017-08-14,1,BABY CARE,0.0
2017-08-15,1,BABY CARE,0.0
2016-01-01,1,BEAUTY,0.0
2016-01-02,1,BEAUTY,0.0
2016-01-03,1,BEAUTY,2.0
2016-01-04,1,BEAUTY,2.0
2016-01-05,1,BEAUTY,4.0
2016-01-06,1,BEAUTY,2.0
2016-01-07,1,BEAUTY,4.0
2016-01-08,1,BEAUTY,0.0
2016-01-09,1,BEAUTY,1.0
2016-01-10,1,BEAUTY,0.0
2016-01-11,1,BEAUTY,3.0
2016-01-12,1,BEAUTY,0.0
2016-01-13,1,BEAUTY,1.0
2016-01-14,1,BEAUTY,1.0
2016-01-15,1,BEAUTY,2.0
2016-01-16,1,BEAUTY,2.0
2016-01-17,1,BEAUTY,1.0
2016-01-18,1,BEAUTY,5.0
2016-01-19,1,BEAUTY,2.0
2016-01-20,1,BEAUTY,5.0
2016-01-21,1,BEAUTY,3.0
2016-01-22,1,BEAUTY,0.0
2016-01-23,1,BEAUTY,1.0
2016-01-24,1,BEAUTY,0.0
2016-01-25,1,BEAUTY,0.0
2016-01-26,1,BEAUTY,4.0
2016-01-27,1,BEAUTY,2.0
2016-01-28,1,BEAUTY,0.0
2016-01-29,1,BEAUTY,1.0
2016-01-30,1,BEAUTY,1.0
2016-01-31,1,BEAUTY,2.0
2016-02-01,1,BEAUTY,1.0
2016-02-02,1,BEAUTY,1.0
2016-02-03,1,BEAUTY,2.0
2016-02-04,1,BEAUTY,2.0
2016-02-05,1,BEAUTY,1.0
2016-02-06,1,BEAUTY,1.0
2016-02-07,1,BEAUTY,0.0
2016-02-08,1,BEAUTY,4.0
2016-02-09,1,BEAUTY,1.0
2016-02-10,1,BEAUTY,0.0
2016-02-11,1,BEAUTY,3.0
2016-02-12,1,BEAUTY,2.0
2016-02-13,1,BEAUTY,1.0
2016-02-14,1,BEAUTY,0.0
2016-02-15,1,BEAUTY,3.0
2016-02-16,1,BEAUTY,1.0
2016-02-17,1,BEAUTY,4.0
2016-02-18,1,BEAUTY,2.0
2016-02-19,1,BEAUTY,2.0
2016-02-20,1,BEAUTY,3.0
2016-02-21,1,BEAUTY,1.0
2016-02-22,1,BEAUTY,3.0
2016-02-23,1,BEAUTY,3.0
2016-02-24,1,BEAUTY,3.0
2016-02-25,1,BEAUTY,2.0
2016-02-26,1,BEAUTY,4.0
2016-02-27,1,BEAUTY,3.0
2016-02-28,1,BEAUTY,0.0
2016-02-29,1,BEAUTY,4.0
2016-03-01,1,BEAUTY,3.0
2016-03-02,1,BEAUTY,1.0
2016-03-03,1,BEAUTY,4.0
2016-03-04,1,BEAUTY,1.0
2016-03-05,1,BEAUTY,1.0
2016-03-06,1,BEAUTY,0.0
2016-03-07,1,BEAUTY,3.0
2016-03-08,1,BEAUTY,0.0
2016-03-09,1,BEAUTY,3.0
2016-03-10,1,BEAUTY,2.0
2016-03-11,1,BEAUTY,3.0
2016-03-12,1,BEAUTY,2.0
2016-03-13,1,BEAUTY,1.0
2016-03-14,1,BEAUTY,5.0
2016-03-15,1,BEAUTY,2.0
2016-03-16,1,BEAUTY,4.0
2016-03-17,1,BEAUTY,3.0
2016-03-18,1,BEAUTY,5.0
2016-03-19,1,BEAUTY,1.0
2016-03-20,1,BEAUTY,0.0
2016-03-21,1,BEAUTY,3.0
2016-03-22,1,BEAUTY,2.0
2016-03-23,1,BEAUTY,4.0
2016-03-24,1,BEAUTY,5.0
2016-03-25,1,BEAUTY,1.0
2016-03-26,1,BEAUTY,2.0
2016-03-27,1,BEAUTY,0.0
2016-03-28,1,BEAUTY,1.0
2016-03-29,1,BEAUTY,8.0
2016-03-30,1,BEAUTY,3.0
2016-03-31,1,BEAUTY,3.0
2016-04-01,1,BEAUTY,2.0
2016-04-02,1,BEAUTY,3.0
2016-04-03,1,BEAUTY,2.0
2016-04-04,1,BEAUTY,4.0
2016-04-05,1,BEAUTY,4.0
2016-04-06,1,BEAUTY,7.0
2016-04-07,1,BEAUTY,3.0
2016-04-08,1,BEAUTY,5.0
2016-04-09,1,BEAUTY,2.0
2016-04-10,1,BEAUTY,2.0
2016-04-11,1,BEAUTY,6.0
2016-04-12,1,BEAUTY,1.0
2016-04-13,1,BEAUTY,5.0
2016-04-14,1,BEAUTY,1.0
2016-04-15,1,BEAUTY,4.0
2016-04-16,1,BEAUTY,4.0
2016-04-17,1,BEAUTY,3.0
2016-04-18,1,BEAUTY,3.0
2016-04-19,1,BEAUTY,4.0
2016-04-20,1,BEAUTY,4.0
2016-04-21,1,BEAUTY,6.0
2016-04-22,1,BEAUTY,5.0
2016-04-23,1,BEAUTY,4.0
2016-04-24,1,BEAUTY,5.0
2016-04-25,1,BEAUTY,1.0
2016-04-26,1,BEAUTY,4.0
2016-04-27,1,BEAUTY,1.0
2016-04-28,1,BEAUTY,1.0
2016-04-29,1,BEAUTY,2.0
2016-04-30,1,BEAUTY,3.0
2016-05-01,1,BEAUTY,1.0
2016-05-02,1,BEAUTY,3.0
2016-05-03,1,BEAUTY,0.0
2016-05-04,1,BEAUTY,2.0
2016-05-05,1,BEAUTY,7.0
2016-05-06,1,BEAUTY,4.0
2016-05-07,1,BEAUTY,6.0
2016-05-08,1,BEAUTY,0.0
2016-05-09,1,BEAUTY,0.0
2016-05-10,1,BEAUTY,2.0
2016-05-11,1,BEAUTY,1.0
2016-05-12,1,BEAUTY,4.0
2016-05-13,1,BEAUTY,3.0
2016-05-14,1,BEAUTY,5.0
2016-05-15,1,BEAUTY,1.0
2016-05-16,1,BEAUTY,4.0
2016-05-17,1,BEAUTY,6.0
2016-05-18,1,BEAUTY,1.0
2016-05-19,1,BEAUTY,1.0
2016-05-20,1,BEAUTY,0.0
2016-05-21,1,BEAUTY,3.0
2016-05-22,1,BEAUTY,1.0
2016-05-23,1,BEAUTY,2.0
2016-05-24,1,BEAUTY,1.0
2016-05-25,1,BEAUTY,1.0
2016-05-26,1,BEAUTY,3.0
2016-05-27,1,BEAUTY,1.0
2016-05-28,1,BEAUTY,1.0
2016-05-29,1,BEAUTY,0.0
2016-05-30,1,BEAUTY,1.0
2016-05-31,1,BEAUTY,1.0
2016-06-01,1,BEAUTY,4.0
2016-06-02,1,BEAUTY,0.0
2016-06-03,1,BEAUTY,3.0
2016-06-04,1,BEAUTY,6.0
2016-06-05,1,BEAUTY,3.0
2016-06-06,1,BEAUTY,0.0
2016-06-07,1,BEAUTY,0.0
2016-06-08,1,BEAUTY,4.0
2016-06-09,1,BEAUTY,7.0
2016-06-10,1,BEAUTY,2.0
2016-06-11,1,BEAUTY,2.0
2016-06-12,1,BEAUTY,0.0
2016-06-13,1,BEAUTY,2.0
2016-06-14,1,BEAUTY,0.0
2016-06-15,1,BEAUTY,0.0
2016-06-16,1,BEAUTY,4.0
2016-06-17,1,BEAUTY,4.0
2016-06-18,1,BEAUTY,3.0
2016-06-19,1,BEAUTY,1.0
2016-06-20,1,BEAUTY,1.0
2016-06-21,1,BEAUTY,2.0
2016-06-22,1,BEAUTY,2.0
2016-06-23,1,BEAUTY,5.0
2016-06-24,1,BEAUTY,2.0
2016-06-25,1,BEAUTY,7.0
2016-06-26,1,BEAUTY,1.0
2016-06-27,1,BEAUTY,5.0
2016-06-28,1,BEAUTY,4.0
2016-06-29,1,BEAUTY,4.0
2016-06-30,1,BEAUTY,5.0
2016-07-01,1,BEAUTY,5.0
2016-07-02,1,BEAUTY,4.0
2016-07-03,1,BEAUTY,1.0
2016-07-04,1,BEAUTY,7.0
2016-07-05,1,BEAUTY,3.0
2016-07-06,1,BEAUTY,2.0
2016-07-07,1,BEAUTY,3.0
2016-07-08,1,BEAUTY,2.0
2016-07-09,1,BEAUTY,1.0
2016-07-10,1,BEAUTY,1.0
2016-07-11,1,BEAUTY,2.0
2016-07-12,1,BEAUTY,2.0
2016-07-13,1,BEAUTY,2.0
2016-07-14,1,BEAUTY,2.0
2016-07-15,1,BEAUTY,1.0
2016-07-16,1,BEAUTY,2.0
2016-07-17,1,BEAUTY,0.0
2016-07-18,1,BEAUTY,1.0
2016-07-19,1,BEAUTY,6.0
2016-07-20,1,BEAUTY,3.0
2016-07-21,1,BEAUTY,1.0
2016-07-22,1,BEAUTY,4.0
2016-07-23,1,BEAUTY,0.0
2016-07-24,1,BEAUTY,1.0
2016-07-25,1,BEAUTY,3.0
2016-07-26,1,BEAUTY,3.0
2016-07-27,1,BEAUTY,2.0
2016-07-28,1,BEAUTY,3.0
2016-07-29,1,BEAUTY,1.0
2016-07-30,1,BEAUTY,4.0
2016-07-31,1,BEAUTY,1.0
2016-08-01,1,BEAUTY,3.0
2016-08-02,1,BEAUTY,0.0
2016-08-03,1,BEAUTY,5.0
2016-08-04,1,BEAUTY,3.0
2016-08-05,1,BEAUTY,5.0
2016-08-06,1,BEAUTY,0.0
2016-08-07,1,BEAUTY,1.0
2016-08-08,1,BEAUTY,0.0
2016-08-09,1,BEAUTY,3.0
2016-08-10,1,BEAUTY,4.0
2016-08-11,1,BEAUTY,2.0
2016-08-12,1,BEAUTY,3.0
2016-08-13,1,BEAUTY,4.0
2016-08-14,1,BEAUTY,0.0
2016-08-15,1,BEAUTY,1.0
2016-08-16,1,BEAUTY,5.0
2016-08-17,1,BEAUTY,3.0
2016-08-18,1,BEAUTY,5.0
2016-08-19,1,BEAUTY,3.0
2016-08-20,1,BEAUTY,3.0
2016-08-21,1,BEAUTY,0.0
2016-08-22,1,BEAUTY,2.0
2016-08-23,1,BEAUTY,3.0
2016-08-24,1,BEAUTY,6.0
2016-08-25,1,BEAUTY,8.0
2016-08-26,1,BEAUTY,0.0
2016-08-27,1,BEAUTY,1.0
2016-08-28,1,BEAUTY,2.0
2016-08-29,1,BEAUTY,2.0
2016-08-30,1,BEAUTY,5.0
2016-08-31,1,BEAUTY,2.0
2016-09-01,1,BEAUTY,3.0
2016-09-02,1,BEAUTY,6.0
2016-09-03,1,BEAUTY,3.0
2016-09-04,1,BEAUTY,2.0
2016-09-05,1,BEAUTY,9.0
2016-09-06,1,BEAUTY,5.0
2016-09-07,1,BEAUTY,3.0
2016-09-08,1,BEAUTY,3.0
2016-09-09,1,BEAUTY,8.0
2016-09-10,1,BEAUTY,7.0
2016-09-11,1,BEAUTY,3.0
2016-09-12,1,BEAUTY,6.0
2016-09-13,1,BEAUTY,3.0
2016-09-14,1,BEAUTY,3.0
2016-09-15,1,BEAUTY,3.0
2016-09-16,1,BEAUTY,2.0
2016-09-17,1,BEAUTY,0.0
2016-09-18,1,BEAUTY,2.0
2016-09-19,1,BEAUTY,3.0
2016-09-20,1,BEAUTY,6.0
2016-09-21,1,BEAUTY,3.0
2016-09-22,1,BEAUTY,4.0
2016-09-23,1,BEAUTY,6.0
2016-09-24,1,BEAUTY,3.0
2016-09-25,1,BEAUTY,2.0
2016-09-26,1,BEAUTY,5.0
2016-09-27,1,BEAUTY,3.0
2016-09-28,1,BEAUTY,6.0
2016-09-29,1,BEAUTY,3.0
2016-09-30,1,BEAUTY,3.0
2016-10-01,1,BEAUTY,9.0
2016-10-02,1,BEAUTY,7.0
2016-10-03,1,BEAUTY,4.0
2016-10-04,1,BEAUTY,3.0
2016-10-05,1,BEAUTY,6.0
2016-10-06,1,BEAUTY,4.0
2016-10-07,1,BEAUTY,2.0
2016-10-08,1,BEAUTY,3.0
2016-10-09,1,BEAUTY,1.0
2016-10-10,1,BEAUTY,2.0
2016-10-11,1,BEAUTY,2.0
2016-10-12,1,BEAUTY,7.0
2016-10-13,1,BEAUTY,1.0
2016-10-14,1,BEAUTY,5.0
2016-10-15,1,BEAUTY,1.0
2016-10-16,1,BEAUTY,3.0
2016-10-17,1,BEAUTY,9.0
2016-10-18,1,BEAUTY,2.0
2016-10-19,1,BEAUTY,2.0
2016-10-20,1,BEAUTY,4.0
2016-10-21,1,BEAUTY,5.0
2016-10-22,1,BEAUTY,4.0
2016-10-23,1,BEAUTY,3.0
2016-10-24,1,BEAUTY,4.0
2016-10-25,1,BEAUTY,8.0
2016-10-26,1,BEAUTY,6.0
2016-10-27,1,BEAUTY,5.0
2016-10-28,1,BEAUTY,9.0
2016-10-29,1,BEAUTY,5.0
2016-10-30,1,BEAUTY,7.0
2016-10-31,1,BEAUTY,8.0
2016-11-01,1,BEAUTY,3.0
2016-11-02,1,BEAUTY,1.0
2016-11-03,1,BEAUTY,1.0
2016-11-04,1,BEAUTY,6.0
2016-11-05,1,BEAUTY,2.0
2016-11-06,1,BEAUTY,4.0
2016-11-07,1,BEAUTY,5.0
2016-11-08,1,BEAUTY,9.0
2016-11-09,1,BEAUTY,3.0
2016-11-10,1,BEAUTY,5.0
2016-11-11,1,BEAUTY,3.0
2016-11-12,1,BEAUTY,3.0
2016-11-13,1,BEAUTY,3.0
2016-11-14,1,BEAUTY,8.0
2016-11-15,1,BEAUTY,2.0
2016-11-16,1,BEAUTY,6.0
2016-11-17,1,BEAUTY,3.0
2016-11-18,1,BEAUTY,0.0
2016-11-19,1,BEAUTY,3.0
2016-11-20,1,BEAUTY,2.0
2016-11-21,1,BEAUTY,3.0
2016-11-22,1,BEAUTY,2.0
2016-11-23,1,BEAUTY,1.0
2016-11-24,1,BEAUTY,3.0
2016-11-25,1,BEAUTY,4.0
2016-11-26,1,BEAUTY,3.0
2016-11-27,1,BEAUTY,0.0
2016-11-28,1,BEAUTY,5.0
2016-11-29,1,BEAUTY,3.0
2016-11-30,1,BEAUTY,3.0
2016-12-01,1,BEAUTY,6.0
2016-12-02,1,BEAUTY,2.0
2016-12-03,1,BEAUTY,7.0
2016-12-04,1,BEAUTY,3.0
2016-12-05,1,BEAUTY,3.0
2016-12-06,1,BEAUTY,1.0
2016-12-07,1,BEAUTY,4.0
2016-12-08,1,BEAUTY,4.0
2016-12-09,1,BEAUTY,4.0
2016-12-10,1,BEAUTY,3.0
2016-12-11,1,BEAUTY,1.0
2016-12-12,1,BEAUTY,2.0
2016-12-13,1,BEAUTY,3.0
2016-12-14,1,BEAUTY,5.0
2016-12-15,1,BEAUTY,4.0
2016-12-16,1,BEAUTY,1.0
2016-12-17,1,BEAUTY,5.0
2016-12-18,1,BEAUTY,1.0
2016-12-19,1,BEAUTY,3.0
2016-12-20,1,BEAUTY,0.0
2016-12-21,1,BEAUTY,3.0
2016-12-22,1,BEAUTY,1.0
2016-12-23,1,BEAUTY,7.0
2016-12-24,1,BEAUTY,2.0
2016-12-26,1,BEAUTY,1.0
2016-12-27,1,BEAUTY,2.0
2016-12-28,1,BEAUTY,6.0
2016-12-29,1,BEAUTY,1.0
2016-12-30,1,BEAUTY,3.0
2016-12-31,1,BEAUTY,3.0
2017-01-01,1,BEAUTY,0.0
2017-01-02,1,BEAUTY,0.0
2017-01-03,1,BEAUTY,4.0
2017-01-04,1,BEAUTY,4.0
2017-01-05,1,BEAUTY,3.0
2017-01-06,1,BEAUTY,10.0
2017-01-07,1,BEAUTY,6.0
2017-01-08,1,BEAUTY,1.0
2017-01-09,1,BEAUTY,6.0
2017-01-10,1,BEAUTY,10.0
2017-01-11,1,BEAUTY,5.0
2017-01-12,1,BEAUTY,3.0
2017-01-13,1,BEAUTY,4.0
2017-01-14,1,BEAUTY,3.0
2017-01-15,1,BEAUTY,0.0
2017-01-16,1,BEAUTY,1.0
2017-01-17,1,BEAUTY,5.0
2017-01-18,1,BEAUTY,1.0
2017-01-19,1,BEAUTY,1.0
2017-01-20,1,BEAUTY,2.0
2017-01-21,1,BEAUTY,0.0
2017-01-22,1,BEAUTY,1.0
2017-01-23,1,BEAUTY,9.0
2017-01-24,1,BEAUTY,1.0
2017-01-25,1,BEAUTY,5.0
2017-01-26,1,BEAUTY,3.0
2017-01-27,1,BEAUTY,2.0
2017-01-28,1,BEAUTY,2.0
2017-01-29,1,BEAUTY,3.0
2017-01-30,1,BEAUTY,7.0
2017-01-31,1,BEAUTY,2.0
2017-02-01,1,BEAUTY,7.0
2017-02-02,1,BEAUTY,0.0
2017-02-03,1,BEAUTY,2.0
2017-02-04,1,BEAUTY,7.0
2017-02-05,1,BEAUTY,1.0
2017-02-06,1,BEAUTY,3.0
2017-02-07,1,BEAUTY,2.0
2017-02-08,1,BEAUTY,4.0
2017-02-09,1,BEAUTY,8.0
2017-02-10,1,BEAUTY,1.0
2017-02-11,1,BEAUTY,5.0
2017-02-12,1,BEAUTY,5.0
2017-02-13,1,BEAUTY,5.0
2017-02-14,1,BEAUTY,6.0
2017-02-15,1,BEAUTY,3.0
2017-02-16,1,BEAUTY,0.0
2017-02-17,1,BEAUTY,4.0
2017-02-18,1,BEAUTY,8.0
2017-02-19,1,BEAUTY,1.0
2017-02-20,1,BEAUTY,3.0
2017-02-21,1,BEAUTY,5.0
2017-02-22,1,BEAUTY,3.0
2017-02-23,1,BEAUTY,5.0
2017-02-24,1,BEAUTY,4.0
2017-02-25,1,BEAUTY,2.0
2017-02-26,1,BEAUTY,1.0
2017-02-27,1,BEAUTY,0.0
2017-02-28,1,BEAUTY,2.0
2017-03-01,1,BEAUTY,3.0
2017-03-02,1,BEAUTY,8.0
2017-03-03,1,BEAUTY,9.0
2017-03-04,1,BEAUTY,5.0
2017-03-05,1,BEAUTY,1.0
2017-03-06,1,BEAUTY,3.0
2017-03-07,1,BEAUTY,3.0
2017-03-08,1,BEAUTY,4.0
2017-03-09,1,BEAUTY,2.0
2017-03-10,1,BEAUTY,2.0
2017-03-11,1,BEAUTY,3.0
2017-03-12,1,BEAUTY,2.0
2017-03-13,1,BEAUTY,0.0
2017-03-14,1,BEAUTY,3.0
2017-03-15,1,BEAUTY,3.0
2017-03-16,1,BEAUTY,3.0
2017-03-17,1,BEAUTY,3.0
2017-03-18,1,BEAUTY,4.0
2017-03-19,1,BEAUTY,2.0
2017-03-20,1,BEAUTY,3.0
2017-03-21,1,BEAUTY,8.0
2017-03-22,1,BEAUTY,2.0
2017-03-23,1,BEAUTY,2.0
2017-03-24,1,BEAUTY,2.0
2017-03-25,1,BEAUTY,4.0
2017-03-26,1,BEAUTY,0.0
2017-03-27,1,BEAUTY,0.0
2017-03-28,1,BEAUTY,1.0
2017-03-29,1,BEAUTY,3.0
2017-03-30,1,BEAUTY,2.0
2017-03-31,1,BEAUTY,7.0
2017-04-01,1,BEAUTY,1.0
2017-04-02,1,BEAUTY,1.0
2017-04-03,1,BEAUTY,2.0
2017-04-04,1,BEAUTY,4.0
2017-04-05,1,BEAUTY,1.0
2017-04-06,1,BEAUTY,5.0
2017-04-07,1,BEAUTY,2.0
2017-04-08,1,BEAUTY,2.0
2017-04-09,1,BEAUTY,0.0
2017-04-10,1,BEAUTY,2.0
2017-04-11,1,BEAUTY,5.0
2017-04-12,1,BEAUTY,2.0
2017-04-13,1,BEAUTY,0.0
2017-04-14,1,BEAUTY,1.0
2017-04-15,1,BEAUTY,1.0
2017-04-16,1,BEAUTY,0.0
2017-04-17,1,BEAUTY,3.0
2017-04-18,1,BEAUTY,3.0
2017-04-19,1,BEAUTY,1.0
2017-04-20,1,BEAUTY,2.0
2017-04-21,1,BEAUTY,2.0
2017-04-22,1,BEAUTY,6.0
2017-04-23,1,BEAUTY,8.0
2017-04-24,1,BEAUTY,5.0
2017-04-25,1,BEAUTY,3.0
2017-04-26,1,BEAUTY,2.0
2017-04-27,1,BEAUTY,3.0
2017-04-28,1,BEAUTY,2.0
2017-04-29,1,BEAUTY,5.0
2017-04-30,1,BEAUTY,0.0
2017-05-01,1,BEAUTY,2.0
2017-05-02,1,BEAUTY,2.0
2017-05-03,1,BEAUTY,6.0
2017-05-04,1,BEAUTY,1.0
2017-05-05,1,BEAUTY,0.0
2017-05-06,1,BEAUTY,4.0
2017-05-07,1,BEAUTY,4.0
2017-05-08,1,BEAUTY,4.0
2017-05-09,1,BEAUTY,5.0
2017-05-10,1,BEAUTY,6.0
2017-05-11,1,BEAUTY,3.0
2017-05-12,1,BEAUTY,3.0
2017-05-13,1,BEAUTY,10.0
2017-05-14,1,BEAUTY,1.0
2017-05-15,1,BEAUTY,3.0
2017-05-16,1,BEAUTY,2.0
2017-05-17,1,BEAUTY,5.0
2017-05-18,1,BEAUTY,2.0
2017-05-19,1,BEAUTY,4.0
2017-05-20,1,BEAUTY,3.0
2017-05-21,1,BEAUTY,1.0
2017-05-22,1,BEAUTY,5.0
2017-05-23,1,BEAUTY,1.0
2017-05-24,1,BEAUTY,1.0
2017-05-25,1,BEAUTY,1.0
2017-05-26,1,BEAUTY,0.0
2017-05-27,1,BEAUTY,2.0
2017-05-28,1,BEAUTY,1.0
2017-05-29,1,BEAUTY,4.0
2017-05-30,1,BEAUTY,3.0
2017-05-31,1,BEAUTY,11.0
2017-06-01,1,BEAUTY,1.0
2017-06-02,1,BEAUTY,1.0
2017-06-03,1,BEAUTY,1.0
2017-06-04,1,BEAUTY,2.0
2017-06-05,1,BEAUTY,2.0
2017-06-06,1,BEAUTY,2.0
2017-06-07,1,BEAUTY,3.0
2017-06-08,1,BEAUTY,4.0
2017-06-09,1,BEAUTY,5.0
2017-06-10,1,BEAUTY,3.0
2017-06-11,1,BEAUTY,1.0
2017-06-12,1,BEAUTY,4.0
2017-06-13,1,BEAUTY,1.0
2017-06-14,1,BEAUTY,3.0
2017-06-15,1,BEAUTY,8.0
2017-06-16,1,BEAUTY,5.0
2017-06-17,1,BEAUTY,1.0
2017-06-18,1,BEAUTY,2.0
2017-06-19,1,BEAUTY,3.0
2017-06-20,1,BEAUTY,6.0
2017-06-21,1,BEAUTY,5.0
2017-06-22,1,BEAUTY,5.0
2017-06-23,1,BEAUTY,3.0
2017-06-24,1,BEAUTY,8.0
2017-06-25,1,BEAUTY,4.0
2017-06-26,1,BEAUTY,7.0
2017-06-27,1,BEAUTY,3.0
2017-06-28,1,BEAUTY,5.0
2017-06-29,1,BEAUTY,2.0
2017-06-30,1,BEAUTY,2.0
2017-07-01,1,BEAUTY,7.0
2017-07-02,1,BEAUTY,2.0
2017-07-03,1,BEAUTY,5.0
2017-07-04,1,BEAUTY,6.0
2017-07-05,1,BEAUTY,2.0
2017-07-06,1,BEAUTY,5.0
2017-07-07,1,BEAUTY,0.0
2017-07-08,1,BEAUTY,3.0
2017-07-09,1,BEAUTY,3.0
2017-07-10,1,BEAUTY,3.0
2017-07-11,1,BEAUTY,4.0
2017-07-12,1,BEAUTY,7.0
2017-07-13,1,BEAUTY,5.0
2017-07-14,1,BEAUTY,2.0
2017-07-15,1,BEAUTY,5.0
2017-07-16,1,BEAUTY,2.0
2017-07-17,1,BEAUTY,5.0
2017-07-18,1,BEAUTY,3.0
2017-07-19,1,BEAUTY,3.0
2017-07-20,1,BEAUTY,2.0
2017-07-21,1,BEAUTY,2.0
2017-07-22,1,BEAUTY,2.0
2017-07-23,1,BEAUTY,3.0
2017-07-24,1,BEAUTY,1.0
2017-07-25,1,BEAUTY,7.0
2017-07-26,1,BEAUTY,3.0
2017-07-27,1,BEAUTY,1.0
2017-07-28,1,BEAUTY,2.0
2017-07-29,1,BEAUTY,3.0
2017-07-30,1,BEAUTY,2.0
2017-07-31,1,BEAUTY,3.0
2017-08-01,1,BEAUTY,4.0
2017-08-02,1,BEAUTY,2.0
2017-08-03,1,BEAUTY,5.0
2017-08-04,1,BEAUTY,7.0
2017-08-05,1,BEAUTY,3.0
2017-08-06,1,BEAUTY,2.0
2017-08-07,1,BEAUTY,5.0
2017-08-08,1,BEAUTY,2.0
2017-08-09,1,BEAUTY,4.0
2017-08-10,1,BEAUTY,10.0
2017-08-11,1,BEAUTY,1.0
2017-08-12,1,BEAUTY,3.0
2017-08-13,1,BEAUTY,1.0
2017-08-14,1,BEAUTY,6.0
2017-08-15,1,BEAUTY,4.0
2016-01-01,1,BEVERAGES,0.0
2016-01-02,1,BEVERAGES,1856.0
2016-01-03,1,BEVERAGES,1048.0
2016-01-04,1,BEVERAGES,3005.0
2016-01-05,1,BEVERAGES,2374.0
2016-01-06,1,BEVERAGES,2799.0
2016-01-07,1,BEVERAGES,2248.0
2016-01-08,1,BEVERAGES,2208.0
2016-01-09,1,BEVERAGES,2360.0
2016-01-10,1,BEVERAGES,991.0
2016-01-11,1,BEVERAGES,2001.0
2016-01-12,1,BEVERAGES,2339.0
2016-01-13,1,BEVERAGES,2141.0
2016-01-14,1,BEVERAGES,2422.0
2016-01-15,1,BEVERAGES,2100.0
2016-01-16,1,BEVERAGES,2457.0
2016-01-17,1,BEVERAGES,1173.0
2016-01-18,1,BEVERAGES,2399.0
2016-01-19,1,BEVERAGES,1997.0
2016-01-20,1,BEVERAGES,2376.0
2016-01-21,1,BEVERAGES,1771.0
2016-01-22,1,BEVERAGES,2071.0
2016-01-23,1,BEVERAGES,2209.0
2016-01-24,1,BEVERAGES,956.0
2016-01-25,1,BEVERAGES,2047.0
2016-01-26,1,BEVERAGES,1882.0
2016-01-27,1,BEVERAGES,2131.0
2016-01-28,1,BEVERAGES,1751.0
2016-01-29,1,BEVERAGES,2391.0
2016-01-30,1,BEVERAGES,2340.0
2016-01-31,1,BEVERAGES,1023.0
2016-02-01,1,BEVERAGES,2450.0
2016-02-02,1,BEVERAGES,1965.0
2016-02-03,1,BEVERAGES,2769.0
2016-02-04,1,BEVERAGES,2083.0
2016-02-05,1,BEVERAGES,2028.0
2016-02-06,1,BEVERAGES,2012.0
2016-02-07,1,BEVERAGES,639.0
2016-02-08,1,BEVERAGES,531.0
2016-02-09,1,BEVERAGES,742.0
2016-02-10,1,BEVERAGES,2247.0
2016-02-11,1,BEVERAGES,2085.0
2016-02-12,1,BEVERAGES,2522.0
2016-02-13,1,BEVERAGES,2281.0
2016-02-14,1,BEVERAGES,974.0
2016-02-15,1,BEVERAGES,2239.0
2016-02-16,1,BEVERAGES,2539.0
2016-02-17,1,BEVERAGES,2313.0
2016-02-18,1,BEVERAGES,2012.0
2016-02-19,1,BEVERAGES,2371.0
2016-02-20,1,BEVERAGES,2760.0
2016-02-21,1,BEVERAGES,1211.0
2016-02-22,1,BEVERAGES,2353.0
2016-02-23,1,BEVERAGES,2115.0
2016-02-24,1,BEVERAGES,2097.0
2016-02-25,1,BEVERAGES,1854.0
2016-02-26,1,BEVERAGES,2171.0
2016-02-27,1,BEVERAGES,2471.0
2016-02-28,1,BEVERAGES,904.0
2016-02-29,1,BEVERAGES,2282.0
2016-03-01,1,BEVERAGES,2371.0
2016-03-02,1,BEVERAGES,2432.0
2016-03-03,1,BEVERAGES,2013.0
2016-03-04,1,BEVERAGES,2342.0
2016-03-05,1,BEVERAGES,2562.0
2016-03-06,1,BEVERAGES,1048.0
2016-03-07,1,BEVERAGES,2165.0
2016-03-08,1,BEVERAGES,2027.0
2016-03-09,1,BEVERAGES,2224.0
2016-03-10,1,BEVERAGES,1897.0
2016-03-11,1,BEVERAGES,2208.0
2016-03-12,1,BEVERAGES,2362.0
2016-03-13,1,BEVERAGES,970.0
2016-03-14,1,BEVERAGES,2238.0
2016-03-15,1,BEVERAGES,2049.0
2016-03-16,1,BEVERAGES,2329.0
2016-03-17,1,BEVERAGES,2101.0
2016-03-18,1,BEVERAGES,2224.0
2016-03-19,1,BEVERAGES,2302.0
2016-03-20,1,BEVERAGES,1067.0
2016-03-21,1,BEVERAGES,2149.0
2016-03-22,1,BEVERAGES,1991.0
2016-03-23,1,BEVERAGES,2208.0
2016-03-24,1,BEVERAGES,2653.0
2016-03-25,1,BEVERAGES,899.0
2016-03-26,1,BEVERAGES,1723.0
2016-03-27,1,BEVERAGES,862.0
2016-03-28,1,BEVERAGES,1986.0
2016-03-29,1,BEVERAGES,2223.0
2016-03-30,1,BEVERAGES,2163.0
2016-03-31,1,BEVERAGES,2051.0
2016-04-01,1,BEVERAGES,2274.0
2016-04-02,1,BEVERAGES,2317.0
2016-04-03,1,BEVERAGES,1112.0
2016-04-04,1,BEVERAGES,2067.0
2016-04-05,1,BEVERAGES,1897.0
2016-04-06,1,BEVERAGES,2196.0
2016-04-07,1,BEVERAGES,2041.0
2016-04-08,1,BEVERAGES,2262.0
2016-04-09,1,BEVERAGES,2227.0
2016-04-10,1,BEVERAGES,1059.0
2016-04-11,1,BEVERAGES,2177.0
2016-04-12,1,BEVERAGES,1745.0
2016-04-13,1,BEVERAGES,2342.0
2016-04-14,1,BEVERAGES,1835.0
2016-04-15,1,BEVERAGES,2009.0
2016-04-16,1,BEVERAGES,2073.0
2016-04-17,1,BEVERAGES,1717.0
2016-04-18,1,BEVERAGES,4155.0
2016-04-19,1,BEVERAGES,5051.0
2016-04-20,1,BEVERAGES,4239.0
2016-04-21,1,BEVERAGES,2872.0
2016-04-22,1,BEVERAGES,2940.0
2016-04-23,1,BEVERAGES,2283.0
2016-04-24,1,BEVERAGES,1279.0
2016-04-25,1,BEVERAGES,1928.0
2016-04-26,1,BEVERAGES,2016.0
2016-04-27,1,BEVERAGES,2347.0
2016-04-28,1,BEVERAGES,2074.0
2016-04-29,1,BEVERAGES,2322.0
2016-04-30,1,BEVERAGES,2556.0
2016-05-01,1,BEVERAGES,1148.0
2016-05-02,1,BEVERAGES,2321.0
2016-05-03,1,BEVERAGES,1908.0
2016-05-04,1,BEVERAGES,2281.0
2016-05-05,1,BEVERAGES,2076.0
2016-05-06,1,BEVERAGES,2642.0
2016-05-07,1,BEVERAGES,2686.0
2016-05-08,1,BEVERAGES,856.0
2016-05-09,1,BEVERAGES,2135.0
2016-05-10,1,BEVERAGES,1747.0
2016-05-11,1,BEVERAGES,2101.0
2016-05-12,1,BEVERAGES,1792.0
2016-05-13,1,BEVERAGES,2185.0
2016-05-14,1,BEVERAGES,2145.0
2016-05-15,1,BEVERAGES,1103.0
2016-05-16,1,BEVERAGES,2342.0
2016-05-17,1,BEVERAGES,2116.0
2016-05-18,1,BEVERAGES,2128.0
2016-05-19,1,BEVERAGES,1839.0
2016-05-20,1,BEVERAGES,2212.0
2016-05-21,1,BEVERAGES,2202.0
2016-05-22,1,BEVERAGES,852.0
2016-05-23,1,BEVERAGES,1870.0
2016-05-24,1,BEVERAGES,1705.0
2016-05-25,1,BEVERAGES,2036.0
2016-05-26,1,BEVERAGES,2043.0
2016-05-27,1,BEVERAGES,1106.0
2016-05-28,1,BEVERAGES,1691.0
2016-05-29,1,BEVERAGES,868.0
2016-05-30,1,BEVERAGES,1992.0
2016-05-31,1,BEVERAGES,2183.0
2016-06-01,1,BEVERAGES,2199.0
2016-06-02,1,BEVERAGES,1588.0
2016-06-03,1,BEVERAGES,2143.0
2016-06-04,1,BEVERAGES,2194.0
2016-06-05,1,BEVERAGES,1038.0
2016-06-06,1,BEVERAGES,2098.0
2016-06-07,1,BEVERAGES,1762.0
2016-06-08,1,BEVERAGES,1994.0
2016-06-09,1,BEVERAGES,1431.0
2016-06-10,1,BEVERAGES,2221.0
2016-06-11,1,BEVERAGES,2349.0
2016-06-12,1,BEVERAGES,973.0
2016-06-13,1,BEVERAGES,2311.0
2016-06-14,1,BEVERAGES,1708.0
2016-06-15,1,BEVERAGES,2052.0
2016-06-16,1,BEVERAGES,1705.0
2016-06-17,1,BEVERAGES,2209.0
2016-06-18,1,BEVERAGES,2104.0
2016-06-19,1,BEVERAGES,989.0
2016-06-20,1,BEVERAGES,2232.0
2016-06-21,1,BEVERAGES,1840.0
2016-06-22,1,BEVERAGES,2363.0
2016-06-23,1,BEVERAGES,1729.0
2016-06-24,1,BEVERAGES,1862.0
2016-06-25,1,BEVERAGES,2060.0
2016-06-26,1,BEVERAGES,1103.0
2016-06-27,1,BEVERAGES,2377.0
2016-06-28,1,BEVERAGES,2353.0
2016-06-29,1,BEVERAGES,2009.0
2016-06-30,1,BEVERAGES,1631.0
2016-07-01,1,BEVERAGES,2298.0
2016-07-02,1,BEVERAGES,2127.0
2016-07-03,1,BEVERAGES,973.0
2016-07-04,1,BEVERAGES,2033.0
2016-07-05,1,BEVERAGES,1941.0
2016-07-06,1,BEVERAGES,2400.0
2016-07-07,1,BEVERAGES,1697.0
2016-07-08,1,BEVERAGES,2322.0
2016-07-09,1,BEVERAGES,2089.0
2016-07-10,1,BEVERAGES,787.0
2016-07-11,1,BEVERAGES,2048.0
2016-07-12,1,BEVERAGES,1769.0
2016-07-13,1,BEVERAGES,2332.0
2016-07-14,1,BEVERAGES,1867.0
2016-07-15,1,BEVERAGES,2162.0
2016-07-16,1,BEVERAGES,2301.0
2016-07-17,1,BEVERAGES,982.0
2016-07-18,1,BEVERAGES,2066.0
2016-07-19,1,BEVERAGES,1875.0
2016-07-20,1,BEVERAGES,2086.0
2016-07-21,1,BEVERAGES,1763.0
2016-07-22,1,BEVERAGES,2250.0
2016-07-23,1,BEVERAGES,2025.0
2016-07-24,1,BEVERAGES,815.0
2016-07-25,1,BEVERAGES,1929.0
2016-07-26,1,BEVERAGES,1898.0
2016-07-27,1,BEVERAGES,2166.0
2016-07-28,1,BEVERAGES,1742.0
2016-07-29,1,BEVERAGES,1671.0
2016-07-30,1,BEVERAGES,2286.0
2016-07-31,1,BEVERAGES,858.0
2016-08-01,1,BEVERAGES,2418.0
2016-08-02,1,BEVERAGES,1859.0
2016-08-03,1,BEVERAGES,2411.0
2016-08-04,1,BEVERAGES,1741.0
2016-08-05,1,BEVERAGES,2349.0
2016-08-06,1,BEVERAGES,2206.0
2016-08-07,1,BEVERAGES,873.0
2016-08-08,1,BEVERAGES,2168.0
2016-08-09,1,BEVERAGES,2102.0
2016-08-10,1,BEVERAGES,2135.0
2016-08-11,1,BEVERAGES,2017.0
2016-08-12,1,BEVERAGES,1038.0
2016-08-13,1,BEVERAGES,1613.0
2016-08-14,1,BEVERAGES,743.0
2016-08-15,1,BEVERAGES,2420.0
2016-08-16,1,BEVERAGES,2010.0
2016-08-17,1,BEVERAGES,2346.0
2016-08-18,1,BEVERAGES,1907.0
2016-08-19,1,BEVERAGES,2218.0
2016-08-20,1,BEVERAGES,2103.0
2016-08-21,1,BEVERAGES,893.0
2016-08-22,1,BEVERAGES,2176.0
2016-08-23,1,BEVERAGES,2123.0
2016-08-24,1,BEVERAGES,2151.0
2016-08-25,1,BEVERAGES,1820.0
2016-08-26,1,BEVERAGES,2030.0
2016-08-27,1,BEVERAGES,2112.0
2016-08-28,1,BEVERAGES,944.0
2016-08-29,1,BEVERAGES,1925.0
2016-08-30,1,BEVERAGES,1990.0
2016-08-31,1,BEVERAGES,2169.0
2016-09-01,1,BEVERAGES,2224.0
2016-09-02,1,BEVERAGES,2418.0
2016-09-03,1,BEVERAGES,2167.0
2016-09-04,1,BEVERAGES,921.0
2016-09-05,1,BEVERAGES,2240.0
2016-09-06,1,BEVERAGES,2391.0
2016-09-07,1,BEVERAGES,2060.0
2016-09-08,1,BEVERAGES,1946.0
2016-09-09,1,BEVERAGES,2451.0
2016-09-10,1,BEVERAGES,2251.0
2016-09-11,1,BEVERAGES,864.0
2016-09-12,1,BEVERAGES,2453.0
2016-09-13,1,BEVERAGES,1942.0
2016-09-14,1,BEVERAGES,1992.0
2016-09-15,1,BEVERAGES,1766.0
2016-09-16,1,BEVERAGES,2414.0
2016-09-17,1,BEVERAGES,2521.0
2016-09-18,1,BEVERAGES,1177.0
2016-09-19,1,BEVERAGES,2342.0
2016-09-20,1,BEVERAGES,2194.0
2016-09-21,1,BEVERAGES,2159.0
2016-09-22,1,BEVERAGES,1883.0
2016-09-23,1,BEVERAGES,2269.0
2016-09-24,1,BEVERAGES,2340.0
2016-09-25,1,BEVERAGES,1121.0
2016-09-26,1,BEVERAGES,1957.0
2016-09-27,1,BEVERAGES,2009.0
2016-09-28,1,BEVERAGES,2379.0
2016-09-29,1,BEVERAGES,1805.0
2016-09-30,1,BEVERAGES,2028.0
2016-10-01,1,BEVERAGES,2799.0
2016-10-02,1,BEVERAGES,1277.0
2016-10-03,1,BEVERAGES,2762.0
2016-10-04,1,BEVERAGES,2624.0
2016-10-05,1,BEVERAGES,2573.0
2016-10-06,1,BEVERAGES,2342.0
2016-10-07,1,BEVERAGES,2081.0
2016-10-08,1,BEVERAGES,2279.0
2016-10-09,1,BEVERAGES,1221.0
2016-10-10,1,BEVERAGES,2206.0
2016-10-11,1,BEVERAGES,1812.0
2016-10-12,1,BEVERAGES,2584.0
2016-10-13,1,BEVERAGES,1664.0
2016-10-14,1,BEVERAGES,2647.0
2016-10-15,1,BEVERAGES,2212.0
2016-10-16,1,BEVERAGES,1454.0
2016-10-17,1,BEVERAGES,2490.0
2016-10-18,1,BEVERAGES,1895.0
2016-10-19,1,BEVERAGES,2563.0
2016-10-20,1,BEVERAGES,2176.0
2016-10-21,1,BEVERAGES,2469.0
2016-10-22,1,BEVERAGES,2570.0
2016-10-23,1,BEVERAGES,1106.0
2016-10-24,1,BEVERAGES,1783.0
2016-10-25,1,BEVERAGES,2090.0
2016-10-26,1,BEVERAGES,2032.0
2016-10-27,1,BEVERAGES,2143.0
2016-10-28,1,BEVERAGES,2576.0
2016-10-29,1,BEVERAGES,2574.0
2016-10-30,1,BEVERAGES,1059.0
2016-10-31,1,BEVERAGES,1777.0
2016-11-01,1,BEVERAGES,3009.0
2016-11-02,1,BEVERAGES,873.0
2016-11-03,1,BEVERAGES,739.0
2016-11-04,1,BEVERAGES,1637.0
2016-11-05,1,BEVERAGES,1839.0
2016-11-06,1,BEVERAGES,1054.0
2016-11-07,1,BEVERAGES,2538.0
2016-11-08,1,BEVERAGES,2542.0
2016-11-09,1,BEVERAGES,3557.0
2016-11-10,1,BEVERAGES,2251.0
2016-11-11,1,BEVERAGES,2351.0
2016-11-12,1,BEVERAGES,2626.0
2016-11-13,1,BEVERAGES,1221.0
2016-11-14,1,BEVERAGES,2354.0
2016-11-15,1,BEVERAGES,2231.0
2016-11-16,1,BEVERAGES,2818.0
2016-11-17,1,BEVERAGES,2293.0
2016-11-18,1,BEVERAGES,2229.0
2016-11-19,1,BEVERAGES,2723.0
2016-11-20,1,BEVERAGES,1293.0
2016-11-21,1,BEVERAGES,2489.0
2016-11-22,1,BEVERAGES,2074.0
2016-11-23,1,BEVERAGES,2385.0
2016-11-24,1,BEVERAGES,2126.0
2016-11-25,1,BEVERAGES,2665.0
2016-11-26,1,BEVERAGES,2669.0
2016-11-27,1,BEVERAGES,1044.0
2016-11-28,1,BEVERAGES,2655.0
2016-11-29,1,BEVERAGES,2239.0
2016-11-30,1,BEVERAGES,3301.0
2016-12-01,1,BEVERAGES,2647.0
2016-12-02,1,BEVERAGES,3314.0
2016-12-03,1,BEVERAGES,2594.0
2016-12-04,1,BEVERAGES,1316.0
2016-12-05,1,BEVERAGES,2496.0
2016-12-06,1,BEVERAGES,1037.0
2016-12-07,1,BEVERAGES,3078.0
2016-12-08,1,BEVERAGES,2378.0
2016-12-09,1,BEVERAGES,2741.0
2016-12-10,1,BEVERAGES,2677.0
2016-12-11,1,BEVERAGES,1181.0
2016-12-12,1,BEVERAGES,2701.0
2016-12-13,1,BEVERAGES,3153.0
2016-12-14,1,BEVERAGES,2422.0
2016-12-15,1,BEVERAGES,2320.0
2016-12-16,1,BEVERAGES,2312.0
2016-12-17,1,BEVERAGES,2717.0
2016-12-18,1,BEVERAGES,1651.0
2016-12-19,1,BEVERAGES,3278.0
2016-12-20,1,BEVERAGES,2768.0
2016-12-21,1,BEVERAGES,3146.0
2016-12-22,1,BEVERAGES,2574.0
2016-12-23,1,BEVERAGES,2996.0
2016-12-24,1,BEVERAGES,2576.0
2016-12-26,1,BEVERAGES,696.0
2016-12-27,1,BEVERAGES,2379.0
2016-12-28,1,BEVERAGES,2284.0
2016-12-29,1,BEVERAGES,2054.0
2016-12-30,1,BEVERAGES,2581.0
2016-12-31,1,BEVERAGES,2318.0
2017-01-01,1,BEVERAGES,0.0
2017-01-02,1,BEVERAGES,1434.0
2017-01-03,1,BEVERAGES,3081.0
2017-01-04,1,BEVERAGES,3039.0
2017-01-05,1,BEVERAGES,2617.0
2017-01-06,1,BEVERAGES,2761.0
2017-01-07,1,BEVERAGES,2503.0
2017-01-08,1,BEVERAGES,1356.0
2017-01-09,1,BEVERAGES,4100.0
2017-01-10,1,BEVERAGES,2370.0
2017-01-11,1,BEVERAGES,2607.0
2017-01-12,1,BEVERAGES,2430.0
2017-01-13,1,BEVERAGES,2784.0
2017-01-14,1,BEVERAGES,2978.0
2017-01-15,1,BEVERAGES,1342.0
2017-01-16,1,BEVERAGES,2609.0
2017-01-17,1,BEVERAGES,2762.0
2017-01-18,1,BEVERAGES,2746.0
2017-01-19,1,BEVERAGES,2399.0
2017-01-20,1,BEVERAGES,1924.0
2017-01-21,1,BEVERAGES,2963.0
2017-01-22,1,BEVERAGES,1083.0
2017-01-23,1,BEVERAGES,3075.0
2017-01-24,1,BEVERAGES,2499.0
2017-01-25,1,BEVERAGES,2498.0
2017-01-26,1,BEVERAGES,1829.0
2017-01-27,1,BEVERAGES,2301.0
2017-01-28,1,BEVERAGES,2662.0
2017-01-29,1,BEVERAGES,1059.0
2017-01-30,1,BEVERAGES,1986.0
2017-01-31,1,BEVERAGES,1965.0
2017-02-01,1,BEVERAGES,2399.0
2017-02-02,1,BEVERAGES,2257.0
2017-02-03,1,BEVERAGES,2236.0
2017-02-04,1,BEVERAGES,2737.0
2017-02-05,1,BEVERAGES,1063.0
2017-02-06,1,BEVERAGES,2238.0
2017-02-07,1,BEVERAGES,2169.0
2017-02-08,1,BEVERAGES,2523.0
2017-02-09,1,BEVERAGES,2112.0
2017-02-10,1,BEVERAGES,2466.0
2017-02-11,1,BEVERAGES,2596.0
2017-02-12,1,BEVERAGES,1147.0
2017-02-13,1,BEVERAGES,2449.0
2017-02-14,1,BEVERAGES,2105.0
2017-02-15,1,BEVERAGES,2141.0
2017-02-16,1,BEVERAGES,1866.0
2017-02-17,1,BEVERAGES,2286.0
2017-02-18,1,BEVERAGES,2906.0
2017-02-19,1,BEVERAGES,1019.0
2017-02-20,1,BEVERAGES,2248.0
2017-02-21,1,BEVERAGES,2419.0
2017-02-22,1,BEVERAGES,2075.0
2017-02-23,1,BEVERAGES,1923.0
2017-02-24,1,BEVERAGES,2508.0
2017-02-25,1,BEVERAGES,2198.0
2017-02-26,1,BEVERAGES,690.0
2017-02-27,1,BEVERAGES,669.0
2017-02-28,1,BEVERAGES,1059.0
2017-03-01,1,BEVERAGES,3343.0
2017-03-02,1,BEVERAGES,2519.0
2017-03-03,1,BEVERAGES,2536.0
2017-03-04,1,BEVERAGES,2577.0
2017-03-05,1,BEVERAGES,1039.0
2017-03-06,1,BEVERAGES,1898.0
2017-03-07,1,BEVERAGES,2625.0
2017-03-08,1,BEVERAGES,2266.0
2017-03-09,1,BEVERAGES,2084.0
2017-03-10,1,BEVERAGES,2418.0
2017-03-11,1,BEVERAGES,2701.0
2017-03-12,1,BEVERAGES,1338.0
2017-03-13,1,BEVERAGES,2322.0
2017-03-14,1,BEVERAGES,2216.0
2017-03-15,1,BEVERAGES,2648.0
2017-03-16,1,BEVERAGES,2057.0
2017-03-17,1,BEVERAGES,2955.0
2017-03-18,1,BEVERAGES,2502.0
2017-03-19,1,BEVERAGES,1094.0
2017-03-20,1,BEVERAGES,2370.0
2017-03-21,1,BEVERAGES,2873.0
2017-03-22,1,BEVERAGES,2658.0
2017-03-23,1,BEVERAGES,2333.0
2017-03-24,1,BEVERAGES,2745.0
2017-03-25,1,BEVERAGES,2356.0
2017-03-26,1,BEVERAGES,1110.0
2017-03-27,1,BEVERAGES,2388.0
2017-03-28,1,BEVERAGES,2184.0
2017-03-29,1,BEVERAGES,2450.0
2017-03-30,1,BEVERAGES,1971.0
2017-03-31,1,BEVERAGES,2351.0
2017-04-01,1,BEVERAGES,3229.0
2017-04-02,1,BEVERAGES,1210.0
2017-04-03,1,BEVERAGES,2097.0
2017-04-04,1,BEVERAGES,2249.0
2017-04-05,1,BEVERAGES,2687.0
2017-04-06,1,BEVERAGES,2164.0
2017-04-07,1,BEVERAGES,2527.0
2017-04-08,1,BEVERAGES,2729.0
2017-04-09,1,BEVERAGES,1175.0
2017-04-10,1,BEVERAGES,2033.0
2017-04-11,1,BEVERAGES,2116.0
2017-04-12,1,BEVERAGES,2457.0
2017-04-13,1,BEVERAGES,2599.0
2017-04-14,1,BEVERAGES,817.0
2017-04-15,1,BEVERAGES,1946.0
2017-04-16,1,BEVERAGES,1114.0
2017-04-17,1,BEVERAGES,2731.0
2017-04-18,1,BEVERAGES,2102.0
2017-04-19,1,BEVERAGES,2426.0
2017-04-20,1,BEVERAGES,1948.0
2017-04-21,1,BEVERAGES,2600.0
2017-04-22,1,BEVERAGES,2785.0
2017-04-23,1,BEVERAGES,1047.0
2017-04-24,1,BEVERAGES,2419.0
2017-04-25,1,BEVERAGES,2083.0
2017-04-26,1,BEVERAGES,2608.0
2017-04-27,1,BEVERAGES,2022.0
2017-04-28,1,BEVERAGES,2235.0
2017-04-29,1,BEVERAGES,2156.0
2017-04-30,1,BEVERAGES,995.0
2017-05-01,1,BEVERAGES,825.0
2017-05-02,1,BEVERAGES,3179.0
2017-05-03,1,BEVERAGES,2479.0
2017-05-04,1,BEVERAGES,2454.0
2017-05-05,1,BEVERAGES,2243.0
2017-05-06,1,BEVERAGES,2735.0
2017-05-07,1,BEVERAGES,1019.0
2017-05-08,1,BEVERAGES,2317.0
2017-05-09,1,BEVERAGES,1943.0
2017-05-10,1,BEVERAGES,2033.0
2017-05-11,1,BEVERAGES,1697.0
2017-05-12,1,BEVERAGES,2472.0
2017-05-13,1,BEVERAGES,2498.0
2017-05-14,1,BEVERAGES,883.0
2017-05-15,1,BEVERAGES,2280.0
2017-05-16,1,BEVERAGES,2393.0
2017-05-17,1,BEVERAGES,2374.0
2017-05-18,1,BEVERAGES,2154.0
2017-05-19,1,BEVERAGES,2743.0
2017-05-20,1,BEVERAGES,2379.0
2017-05-21,1,BEVERAGES,974.0
2017-05-22,1,BEVERAGES,2620.0
2017-05-23,1,BEVERAGES,2365.0
2017-05-24,1,BEVERAGES,2611.0
2017-05-25,1,BEVERAGES,2229.0
2017-05-26,1,BEVERAGES,1100.0
2017-05-27,1,BEVERAGES,2270.0
2017-05-28,1,BEVERAGES,1110.0
2017-05-29,1,BEVERAGES,2407.0
2017-05-30,1,BEVERAGES,1937.0
2017-05-31,1,BEVERAGES,2554.0
2017-06-01,1,BEVERAGES,2250.0
2017-06-02,1,BEVERAGES,2752.0
2017-06-03,1,BEVERAGES,2718.0
2017-06-04,1,BEVERAGES,1142.0
2017-06-05,1,BEVERAGES,2616.0
2017-06-06,1,BEVERAGES,2625.0
2017-06-07,1,BEVERAGES,2651.0
2017-06-08,1,BEVERAGES,2159.0
2017-06-09,1,BEVERAGES,2532.0
2017-06-10,1,BEVERAGES,2692.0
2017-06-11,1,BEVERAGES,1272.0
2017-06-12,1,BEVERAGES,2335.0
2017-06-13,1,BEVERAGES,2579.0
2017-06-14,1,BEVERAGES,2707.0
2017-06-15,1,BEVERAGES,2137.0
2017-06-16,1,BEVERAGES,2532.0
2017-06-17,1,BEVERAGES,2738.0
2017-06-18,1,BEVERAGES,1005.0
2017-06-19,1,BEVERAGES,2493.0
2017-06-20,1,BEVERAGES,2977.0
2017-06-21,1,BEVERAGES,2583.0
2017-06-22,1,BEVERAGES,1824.0
2017-06-23,1,BEVERAGES,2394.0
2017-06-24,1,BEVERAGES,2674.0
2017-06-25,1,BEVERAGES,1070.0
2017-06-26,1,BEVERAGES,2242.0
2017-06-27,1,BEVERAGES,2101.0
2017-06-28,1,BEVERAGES,2203.0
2017-06-29,1,BEVERAGES,2128.0
2017-06-30,1,BEVERAGES,2496.0
2017-07-01,1,BEVERAGES,2596.0
2017-07-02,1,BEVERAGES,1135.0
2017-07-03,1,BEVERAGES,2526.0
2017-07-04,1,BEVERAGES,2284.0
2017-07-05,1,BEVERAGES,2691.0
2017-07-06,1,BEVERAGES,2284.0
2017-07-07,1,BEVERAGES,2574.0
2017-07-08,1,BEVERAGES,2351.0
2017-07-09,1,BEVERAGES,1181.0
2017-07-10,1,BEVERAGES,2338.0
2017-07-11,1,BEVERAGES,2372.0
2017-07-12,1,BEVERAGES,2460.0
2017-07-13,1,BEVERAGES,2115.0
2017-07-14,1,BEVERAGES,2529.0
2017-07-15,1,BEVERAGES,2183.0
2017-07-16,1,BEVERAGES,1079.0
2017-07-17,1,BEVERAGES,2381.0
2017-07-18,1,BEVERAGES,2589.0
2017-07-19,1,BEVERAGES,2369.0
2017-07-20,1,BEVERAGES,2006.0
2017-07-21,1,BEVERAGES,2859.0
2017-07-22,1,BEVERAGES,2258.0
2017-07-23,1,BEVERAGES,1024.0
2017-07-24,1,BEVERAGES,2158.0
2017-07-25,1,BEVERAGES,2438.0
2017-07-26,1,BEVERAGES,2242.0
2017-07-27,1,BEVERAGES,2002.0
2017-07-28,1,BEVERAGES,2358.0
2017-07-29,1,BEVERAGES,2161.0
2017-07-30,1,BEVERAGES,1212.0
2017-07-31,1,BEVERAGES,2414.0
2017-08-01,1,BEVERAGES,2627.0
2017-08-02,1,BEVERAGES,2645.0
2017-08-03,1,BEVERAGES,2037.0
2017-08-04,1,BEVERAGES,2479.0
2017-08-05,1,BEVERAGES,2093.0
2017-08-06,1,BEVERAGES,968.0
2017-08-07,1,BEVERAGES,2086.0
2017-08-08,1,BEVERAGES,2418.0
2017-08-09,1,BEVERAGES,2311.0
2017-08-10,1,BEVERAGES,2377.0
2017-08-11,1,BEVERAGES,1006.0
2017-08-12,1,BEVERAGES,1659.0
2017-08-13,1,BEVERAGES,803.0
2017-08-14,1,BEVERAGES,2201.0
2017-08-15,1,BEVERAGES,1942.0
2016-01-01,1,BOOKS,0.0
2016-01-02,1,BOOKS,0.0
2016-01-03,1,BOOKS,0.0
2016-01-04,1,BOOKS,0.0
2016-01-05,1,BOOKS,0.0
2016-01-06,1,BOOKS,0.0
2016-01-07,1,BOOKS,0.0
2016-01-08,1,BOOKS,0.0
2016-01-09,1,BOOKS,0.0
2016-01-10,1,BOOKS,0.0
2016-01-11,1,BOOKS,0.0
2016-01-12,1,BOOKS,0.0
2016-01-13,1,BOOKS,0.0
2016-01-14,1,BOOKS,0.0
2016-01-15,1,BOOKS,0.0
2016-01-16,1,BOOKS,0.0
2016-01-17,1,BOOKS,0.0
2016-01-18,1,BOOKS,0.0
2016-01-19,1,BOOKS,0.0
2016-01-20,1,BOOKS,0.0
2016-01-21,1,BOOKS,0.0
2016-01-22,1,BOOKS,0.0
2016-01-23,1,BOOKS,0.0
2016-01-24,1,BOOKS,0.0
2016-01-25,1,BOOKS,0.0
2016-01-26,1,BOOKS,0.0
2016-01-27,1,BOOKS,0.0
2016-01-28,1,BOOKS,0.0
2016-01-29,1,BOOKS,0.0
2016-01-30,1,BOOKS,0.0
2016-01-31,1,BOOKS,0.0
2016-02-01,1,BOOKS,0.0
2016-02-02,1,BOOKS,0.0
2016-02-03,1,BOOKS,0.0
2016-02-04,1,BOOKS,0.0
2016-02-05,1,BOOKS,0.0
2016-02-06,1,BOOKS,0.0
2016-02-07,1,BOOKS,0.0
2016-02-08,1,BOOKS,0.0
2016-02-09,1,BOOKS,0.0
2016-02-10,1,BOOKS,0.0
2016-02-11,1,BOOKS,0.0
2016-02-12,1,BOOKS,0.0
2016-02-13,1,BOOKS,0.0
2016-02-14,1,BOOKS,0.0
2016-02-15,1,BOOKS,0.0
2016-02-16,1,BOOKS,0.0
2016-02-17,1,BOOKS,0.0
2016-02-18,1,BOOKS,0.0
2016-02-19,1,BOOKS,0.0
2016-02-20,1,BOOKS,0.0
2016-02-21,1,BOOKS,0.0
2016-02-22,1,BOOKS,0.0
2016-02-23,1,BOOKS,0.0
2016-02-24,1,BOOKS,0.0
2016-02-25,1,BOOKS,0.0
2016-02-26,1,BOOKS,0.0
2016-02-27,1,BOOKS,0.0
2016-02-28,1,BOOKS,0.0
2016-02-29,1,BOOKS,0.0
2016-03-01,1,BOOKS,0.0
2016-03-02,1,BOOKS,0.0
2016-03-03,1,BOOKS,0.0
2016-03-04,1,BOOKS,0.0
2016-03-05,1,BOOKS,0.0
2016-03-06,1,BOOKS,0.0
2016-03-07,1,BOOKS,0.0
2016-03-08,1,BOOKS,0.0
2016-03-09,1,BOOKS,0.0
2016-03-10,1,BOOKS,0.0
2016-03-11,1,BOOKS,0.0
2016-03-12,1,BOOKS,0.0
2016-03-13,1,BOOKS,0.0
2016-03-14,1,BOOKS,0.0
2016-03-15,1,BOOKS,0.0
2016-03-16,1,BOOKS,0.0
2016-03-17,1,BOOKS,0.0
2016-03-18,1,BOOKS,0.0
2016-03-19,1,BOOKS,0.0
2016-03-20,1,BOOKS,0.0
2016-03-21,1,BOOKS,0.0
2016-03-22,1,BOOKS,0.0
2016-03-23,1,BOOKS,0.0
2016-03-24,1,BOOKS,0.0
2016-03-25,1,BOOKS,0.0
2016-03-26,1,BOOKS,0.0
2016-03-27,1,BOOKS,0.0
2016-03-28,1,BOOKS,0.0
2016-03-29,1,BOOKS,0.0
2016-03-30,1,BOOKS,0.0
2016-03-31,1,BOOKS,0.0
2016-04-01,1,BOOKS,0.0
2016-04-02,1,BOOKS,0.0
2016-04-03,1,BOOKS,0.0
2016-04-04,1,BOOKS,0.0
2016-04-05,1,BOOKS,0.0
2016-04-06,1,BOOKS,0.0
2016-04-07,1,BOOKS,0.0
2016-04-08,1,BOOKS,0.0
2016-04-09,1,BOOKS,0.0
2016-04-10,1,BOOKS,0.0
2016-04-11,1,BOOKS,0.0
2016-04-12,1,BOOKS,0.0
2016-04-13,1,BOOKS,0.0
2016-04-14,1,BOOKS,0.0
2016-04-15,1,BOOKS,0.0
2016-04-16,1,BOOKS,0.0
2016-04-17,1,BOOKS,0.0
2016-04-18,1,BOOKS,0.0
2016-04-19,1,BOOKS,0.0
2016-04-20,1,BOOKS,0.0
2016-04-21,1,BOOKS,0.0
2016-04-22,1,BOOKS,0.0
2016-04-23,1,BOOKS,0.0
2016-04-24,1,BOOKS,0.0
2016-04-25,1,BOOKS,0.0
2016-04-26,1,BOOKS,0.0
2016-04-27,1,BOOKS,0.0
2016-04-28,1,BOOKS,0.0
2016-04-29,1,BOOKS,0.0
2016-04-30,1,BOOKS,0.0
2016-05-01,1,BOOKS,0.0
2016-05-02,1,BOOKS,0.0
2016-05-03,1,BOOKS,0.0
2016-05-04,1,BOOKS,0.0
2016-05-05,1,BOOKS,0.0
2016-05-06,1,BOOKS,0.0
2016-05-07,1,BOOKS,0.0
2016-05-08,1,BOOKS,0.0
2016-05-09,1,BOOKS,0.0
2016-05-10,1,BOOKS,0.0
2016-05-11,1,BOOKS,0.0
2016-05-12,1,BOOKS,0.0
2016-05-13,1,BOOKS,0.0
2016-05-14,1,BOOKS,0.0
2016-05-15,1,BOOKS,0.0
2016-05-16,1,BOOKS,0.0
2016-05-17,1,BOOKS,0.0
2016-05-18,1,BOOKS,0.0
2016-05-19,1,BOOKS,0.0
2016-05-20,1,BOOKS,0.0
2016-05-21,1,BOOKS,0.0
2016-05-22,1,BOOKS,0.0
2016-05-23,1,BOOKS,0.0
2016-05-24,1,BOOKS,0.0
2016-05-25,1,BOOKS,0.0
2016-05-26,1,BOOKS,0.0
2016-05-27,1,BOOKS,0.0
2016-05-28,1,BOOKS,0.0
2016-05-29,1,BOOKS,0.0
2016-05-30,1,BOOKS,0.0
2016-05-31,1,BOOKS,0.0
2016-06-01,1,BOOKS,0.0
2016-06-02,1,BOOKS,0.0
2016-06-03,1,BOOKS,0.0
2016-06-04,1,BOOKS,0.0
2016-06-05,1,BOOKS,0.0
2016-06-06,1,BOOKS,0.0
2016-06-07,1,BOOKS,0.0
2016-06-08,1,BOOKS,0.0
2016-06-09,1,BOOKS,0.0
2016-06-10,1,BOOKS,0.0
2016-06-11,1,BOOKS,0.0
2016-06-12,1,BOOKS,0.0
2016-06-13,1,BOOKS,0.0
2016-06-14,1,BOOKS,0.0
2016-06-15,1,BOOKS,0.0
2016-06-16,1,BOOKS,0.0
2016-06-17,1,BOOKS,0.0
2016-06-18,1,BOOKS,0.0
2016-06-19,1,BOOKS,0.0
2016-06-20,1,BOOKS,0.0
2016-06-21,1,BOOKS,0.0
2016-06-22,1,BOOKS,0.0
2016-06-23,1,BOOKS,0.0
2016-06-24,1,BOOKS,0.0
2016-06-25,1,BOOKS,0.0
2016-06-26,1,BOOKS,0.0
2016-06-27,1,BOOKS,0.0
2016-06-28,1,BOOKS,0.0
2016-06-29,1,BOOKS,0.0
2016-06-30,1,BOOKS,0.0
2016-07-01,1,BOOKS,0.0
2016-07-02,1,BOOKS,0.0
2016-07-03,1,BOOKS,0.0
2016-07-04,1,BOOKS,0.0
2016-07-05,1,BOOKS,0.0
2016-07-06,1,BOOKS,0.0
2016-07-07,1,BOOKS,0.0
2016-07-08,1,BOOKS,0.0
2016-07-09,1,BOOKS,0.0
2016-07-10,1,BOOKS,0.0
2016-07-11,1,BOOKS,0.0
2016-07-12,1,BOOKS,0.0
2016-07-13,1,BOOKS,0.0
2016-07-14,1,BOOKS,0.0
2016-07-15,1,BOOKS,0.0
2016-07-16,1,BOOKS,0.0
2016-07-17,1,BOOKS,0.0
2016-07-18,1,BOOKS,0.0
2016-07-19,1,BOOKS,0.0
2016-07-20,1,BOOKS,0.0
2016-07-21,1,BOOKS,0.0
2016-07-22,1,BOOKS,0.0
2016-07-23,1,BOOKS,0.0
2016-07-24,1,BOOKS,0.0
2016-07-25,1,BOOKS,0.0
2016-07-26,1,BOOKS,0.0
2016-07-27,1,BOOKS,0.0
2016-07-28,1,BOOKS,0.0
2016-07-29,1,BOOKS,0.0
2016-07-30,1,BOOKS,0.0
2016-07-31,1,BOOKS,0.0
2016-08-01,1,BOOKS,0.0
2016-08-02,1,BOOKS,0.0
2016-08-03,1,BOOKS,0.0
2016-08-04,1,BOOKS,0.0
2016-08-05,1,BOOKS,0.0
2016-08-06,1,BOOKS,0.0
2016-08-07,1,BOOKS,0.0
2016-08-08,1,BOOKS,0.0
2016-08-09,1,BOOKS,0.0
2016-08-10,1,BOOKS,0.0
2016-08-11,1,BOOKS,0.0
2016-08-12,1,BOOKS,0.0
2016-08-13,1,BOOKS,0.0
2016-08-14,1,BOOKS,0.0
2016-08-15,1,BOOKS,0.0
2016-08-16,1,BOOKS,0.0
2016-08-17,1,BOOKS,0.0
2016-08-18,1,BOOKS,0.0
2016-08-19,1,BOOKS,0.0
2016-08-20,1,BOOKS,0.0
2016-08-21,1,BOOKS,0.0
2016-08-22,1,BOOKS,0.0
2016-08-23,1,BOOKS,0.0
2016-08-24,1,BOOKS,0.0
2016-08-25,1,BOOKS,0.0
2016-08-26,1,BOOKS,0.0
2016-08-27,1,BOOKS,0.0
2016-08-28,1,BOOKS,0.0
2016-08-29,1,BOOKS,0.0
2016-08-30,1,BOOKS,0.0
2016-08-31,1,BOOKS,0.0
2016-09-01,1,BOOKS,0.0
2016-09-02,1,BOOKS,0.0
2016-09-03,1,BOOKS,0.0
2016-09-04,1,BOOKS,0.0
2016-09-05,1,BOOKS,0.0
2016-09-06,1,BOOKS,0.0
2016-09-07,1,BOOKS,0.0
2016-09-08,1,BOOKS,0.0
2016-09-09,1,BOOKS,0.0
2016-09-10,1,BOOKS,0.0
2016-09-11,1,BOOKS,0.0
2016-09-12,1,BOOKS,0.0
2016-09-13,1,BOOKS,0.0
2016-09-14,1,BOOKS,0.0
2016-09-15,1,BOOKS,0.0
2016-09-16,1,BOOKS,0.0
2016-09-17,1,BOOKS,0.0
2016-09-18,1,BOOKS,0.0
2016-09-19,1,BOOKS,0.0
2016-09-20,1,BOOKS,0.0
2016-09-21,1,BOOKS,0.0
2016-09-22,1,BOOKS,0.0
2016-09-23,1,BOOKS,0.0
2016-09-24,1,BOOKS,0.0
2016-09-25,1,BOOKS,0.0
2016-09-26,1,BOOKS,0.0
2016-09-27,1,BOOKS,0.0
2016-09-28,1,BOOKS,0.0
2016-09-29,1,BOOKS,0.0
2016-09-30,1,BOOKS,0.0
2016-10-01,1,BOOKS,0.0
2016-10-02,1,BOOKS,0.0
2016-10-03,1,BOOKS,0.0
2016-10-04,1,BOOKS,0.0
2016-10-05,1,BOOKS,0.0
2016-10-06,1,BOOKS,0.0
2016-10-07,1,BOOKS,0.0
2016-10-08,1,BOOKS,0.0
2016-10-09,1,BOOKS,0.0
2016-10-10,1,BOOKS,0.0
2016-10-11,1,BOOKS,0.0
2016-10-12,1,BOOKS,0.0
2016-10-13,1,BOOKS,2.0
2016-10-14,1,BOOKS,2.0
2016-10-15,1,BOOKS,3.0
2016-10-16,1,BOOKS,2.0
2016-10-17,1,BOOKS,2.0
2016-10-18,1,BOOKS,0.0
2016-10-19,1,BOOKS,2.0
2016-10-20,1,BOOKS,1.0
2016-10-21,1,BOOKS,3.0
2016-10-22,1,BOOKS,2.0
2016-10-23,1,BOOKS,0.0
2016-10-24,1,BOOKS,1.0
2016-10-25,1,BOOKS,2.0
2016-10-26,1,BOOKS,0.0
2016-10-27,1,BOOKS,0.0
2016-10-28,1,BOOKS,0.0
2016-10-29,1,BOOKS,1.0
2016-10-30,1,BOOKS,0.0
2016-10-31,1,BOOKS,3.0
2016-11-01,1,BOOKS,1.0
2016-11-02,1,BOOKS,0.0
2016-11-03,1,BOOKS,0.0
2016-11-04,1,BOOKS,0.0
2016-11-05,1,BOOKS,3.0
2016-11-06,1,BOOKS,1.0
2016-11-07,1,BOOKS,1.0
2016-11-08,1,BOOKS,1.0
2016-11-09,1,BOOKS,2.0
2016-11-10,1,BOOKS,1.0
2016-11-11,1,BOOKS,1.0
2016-11-12,1,BOOKS,0.0
2016-11-13,1,BOOKS,2.0
2016-11-14,1,BOOKS,3.0
2016-11-15,1,BOOKS,0.0
2016-11-16,1,BOOKS,2.0
2016-11-17,1,BOOKS,3.0
2016-11-18,1,BOOKS,4.0
2016-11-19,1,BOOKS,0.0
2016-11-20,1,BOOKS,1.0
2016-11-21,1,BOOKS,3.0
2016-11-22,1,BOOKS,1.0
2016-11-23,1,BOOKS,1.0
2016-11-24,1,BOOKS,1.0
2016-11-25,1,BOOKS,0.0
2016-11-26,1,BOOKS,1.0
2016-11-27,1,BOOKS,0.0
2016-11-28,1,BOOKS,4.0
2016-11-29,1,BOOKS,1.0
2016-11-30,1,BOOKS,2.0
2016-12-01,1,BOOKS,1.0
2016-12-02,1,BOOKS,1.0
2016-12-03,1,BOOKS,1.0
2016-12-04,1,BOOKS,0.0
2016-12-05,1,BOOKS,0.0
2016-12-06,1,BOOKS,0.0
2016-12-07,1,BOOKS,0.0
2016-12-08,1,BOOKS,0.0
2016-12-09,1,BOOKS,2.0
2016-12-10,1,BOOKS,0.0
2016-12-11,1,BOOKS,0.0
2016-12-12,1,BOOKS,5.0
2016-12-13,1,BOOKS,6.0
2016-12-14,1,BOOKS,0.0
2016-12-15,1,BOOKS,0.0
2016-12-16,1,BOOKS,1.0
2016-12-17,1,BOOKS,2.0
2016-12-18,1,BOOKS,0.0
2016-12-19,1,BOOKS,0.0
2016-12-20,1,BOOKS,1.0
2016-12-21,1,BOOKS,6.0
2016-12-22,1,BOOKS,1.0
2016-12-23,1,BOOKS,3.0
2016-12-24,1,BOOKS,8.0
2016-12-26,1,BOOKS,0.0
2016-12-27,1,BOOKS,1.0
2016-12-28,1,BOOKS,1.0
2016-12-29,1,BOOKS,0.0
2016-12-30,1,BOOKS,0.0
2016-12-31,1,BOOKS,1.0
2017-01-01,1,BOOKS,0.0
2017-01-02,1,BOOKS,0.0
2017-01-03,1,BOOKS,2.0
2017-01-04,1,BOOKS,2.0
2017-01-05,1,BOOKS,0.0
2017-01-06,1,BOOKS,0.0
2017-01-07,1,BOOKS,0.0
2017-01-08,1,BOOKS,1.0
2017-01-09,1,BOOKS,0.0
2017-01-10,1,BOOKS,3.0
2017-01-11,1,BOOKS,0.0
2017-01-12,1,BOOKS,2.0
2017-01-13,1,BOOKS,2.0
2017-01-14,1,BOOKS,2.0
2017-01-15,1,BOOKS,0.0
2017-01-16,1,BOOKS,0.0
2017-01-17,1,BOOKS,2.0
2017-01-18,1,BOOKS,1.0
2017-01-19,1,BOOKS,1.0
2017-01-20,1,BOOKS,0.0
2017-01-21,1,BOOKS,1.0
2017-01-22,1,BOOKS,1.0
2017-01-23,1,BOOKS,1.0
2017-01-24,1,BOOKS,0.0
2017-01-25,1,BOOKS,3.0
2017-01-26,1,BOOKS,0.0
2017-01-27,1,BOOKS,1.0
2017-01-28,1,BOOKS,0.0
2017-01-29,1,BOOKS,0.0
2017-01-30,1,BOOKS,0.0
2017-01-31,1,BOOKS,1.0
2017-02-01,1,BOOKS,1.0
2017-02-02,1,BOOKS,0.0
2017-02-03,1,BOOKS,1.0
2017-02-04,1,BOOKS,1.0
2017-02-05,1,BOOKS,1.0
2017-02-06,1,BOOKS,0.0
2017-02-07,1,BOOKS,2.0
2017-02-08,1,BOOKS,2.0
2017-02-09,1,BOOKS,2.0
2017-02-10,1,BOOKS,1.0
2017-02-11,1,BOOKS,0.0
2017-02-12,1,BOOKS,1.0
2017-02-13,1,BOOKS,1.0
2017-02-14,1,BOOKS,0.0
2017-02-15,1,BOOKS,0.0
2017-02-16,1,BOOKS,3.0
2017-02-17,1,BOOKS,1.0
2017-02-18,1,BOOKS,0.0
2017-02-19,1,BOOKS,0.0
2017-02-20,1,BOOKS,0.0
2017-02-21,1,BOOKS,0.0
2017-02-22,1,BOOKS,0.0
2017-02-23,1,BOOKS,0.0
2017-02-24,1,BOOKS,0.0
2017-02-25,1,BOOKS,0.0
2017-02-26,1,BOOKS,0.0
2017-02-27,1,BOOKS,0.0
2017-02-28,1,BOOKS,0.0
2017-03-01,1,BOOKS,0.0
2017-03-02,1,BOOKS,0.0
2017-03-03,1,BOOKS,0.0
2017-03-04,1,BOOKS,1.0
2017-03-05,1,BOOKS,0.0
2017-03-06,1,BOOKS,0.0
2017-03-07,1,BOOKS,2.0
2017-03-08,1,BOOKS,0.0
2017-03-09,1,BOOKS,1.0
2017-03-10,1,BOOKS,2.0
2017-03-11,1,BOOKS,2.0
2017-03-12,1,BOOKS,0.0
2017-03-13,1,BOOKS,0.0
2017-03-14,1,BOOKS,1.0
2017-03-15,1,BOOKS,0.0
2017-03-16,1,BOOKS,0.0
2017-03-17,1,BOOKS,0.0
2017-03-18,1,BOOKS,0.0
2017-03-19,1,BOOKS,1.0
2017-03-20,1,BOOKS,0.0
2017-03-21,1,BOOKS,0.0
2017-03-22,1,BOOKS,1.0
2017-03-23,1,BOOKS,0.0
2017-03-24,1,BOOKS,1.0
2017-03-25,1,BOOKS,0.0
2017-03-26,1,BOOKS,0.0
2017-03-27,1,BOOKS,1.0
2017-03-28,1,BOOKS,0.0
2017-03-29,1,BOOKS,1.0
2017-03-30,1,BOOKS,0.0
2017-03-31,1,BOOKS,1.0
2017-04-01,1,BOOKS,0.0
2017-04-02,1,BOOKS,0.0
2017-04-03,1,BOOKS,0.0
2017-04-04,1,BOOKS,1.0
2017-04-05,1,BOOKS,2.0
2017-04-06,1,BOOKS,1.0
2017-04-07,1,BOOKS,0.0
2017-04-08,1,BOOKS,0.0
2017-04-09,1,BOOKS,0.0
2017-04-10,1,BOOKS,1.0
2017-04-11,1,BOOKS,0.0
2017-04-12,1,BOOKS,1.0
2017-04-13,1,BOOKS,0.0
2017-04-14,1,BOOKS,0.0
2017-04-15,1,BOOKS,0.0
2017-04-16,1,BOOKS,0.0
2017-04-17,1,BOOKS,0.0
2017-04-18,1,BOOKS,1.0
2017-04-19,1,BOOKS,0.0
2017-04-20,1,BOOKS,0.0
2017-04-21,1,BOOKS,1.0
2017-04-22,1,BOOKS,1.0
2017-04-23,1,BOOKS,1.0
2017-04-24,1,BOOKS,0.0
2017-04-25,1,BOOKS,0.0
2017-04-26,1,BOOKS,2.0
2017-04-27,1,BOOKS,0.0
2017-04-28,1,BOOKS,0.0
2017-04-29,1,BOOKS,0.0
2017-04-30,1,BOOKS,1.0
2017-05-01,1,BOOKS,0.0
2017-05-02,1,BOOKS,0.0
2017-05-03,1,BOOKS,1.0
2017-05-04,1,BOOKS,0.0
2017-05-05,1,BOOKS,1.0
2017-05-06,1,BOOKS,0.0
2017-05-07,1,BOOKS,0.0
2017-05-08,1,BOOKS,2.0
2017-05-09,1,BOOKS,1.0
2017-05-10,1,BOOKS,0.0
2017-05-11,1,BOOKS,1.0
2017-05-12,1,BOOKS,0.0
2017-05-13,1,BOOKS,0.0
2017-05-14,1,BOOKS,0.0
2017-05-15,1,BOOKS,0.0
2017-05-16,1,BOOKS,0.0
2017-05-17,1,BOOKS,1.0
2017-05-18,1,BOOKS,0.0
2017-05-19,1,BOOKS,0.0
2017-05-20,1,BOOKS,0.0
2017-05-21,1,BOOKS,0.0
2017-05-22,1,BOOKS,1.0
2017-05-23,1,BOOKS,1.0
2017-05-24,1,BOOKS,1.0
2017-05-25,1,BOOKS,0.0
2017-05-26,1,BOOKS,0.0
2017-05-27,1,BOOKS,0.0
2017-05-28,1,BOOKS,0.0
2017-05-29,1,BOOKS,0.0
2017-05-30,1,BOOKS,0.0
2017-05-31,1,BOOKS,1.0
2017-06-01,1,BOOKS,3.0
2017-06-02,1,BOOKS,0.0
2017-06-03,1,BOOKS,0.0
2017-06-04,1,BOOKS,0.0
2017-06-05,1,BOOKS,0.0
2017-06-06,1,BOOKS,1.0
2017-06-07,1,BOOKS,1.0
2017-06-08,1,BOOKS,0.0
2017-06-09,1,BOOKS,0.0
2017-06-10,1,BOOKS,0.0
2017-06-11,1,BOOKS,2.0
2017-06-12,1,BOOKS,0.0
2017-06-13,1,BOOKS,2.0
2017-06-14,1,BOOKS,3.0
2017-06-15,1,BOOKS,1.0
2017-06-16,1,BOOKS,1.0
2017-06-17,1,BOOKS,0.0
2017-06-18,1,BOOKS,0.0
2017-06-19,1,BOOKS,0.0
2017-06-20,1,BOOKS,0.0
2017-06-21,1,BOOKS,0.0
2017-06-22,1,BOOKS,0.0
2017-06-23,1,BOOKS,0.0
2017-06-24,1,BOOKS,1.0
2017-06-25,1,BOOKS,0.0
2017-06-26,1,BOOKS,0.0
2017-06-27,1,BOOKS,0.0
2017-06-28,1,BOOKS,0.0
2017-06-29,1,BOOKS,0.0
2017-06-30,1,BOOKS,0.0
2017-07-01,1,BOOKS,0.0
2017-07-02,1,BOOKS,0.0
2017-07-03,1,BOOKS,1.0
2017-07-04,1,BOOKS,0.0
2017-07-05,1,BOOKS,0.0
2017-07-06,1,BOOKS,0.0
2017-07-07,1,BOOKS,1.0
2017-07-08,1,BOOKS,0.0
2017-07-09,1,BOOKS,0.0
2017-07-10,1,BOOKS,0.0
2017-07-11,1,BOOKS,1.0
2017-07-12,1,BOOKS,0.0
2017-07-13,1,BOOKS,0.0
2017-07-14,1,BOOKS,2.0
2017-07-15,1,BOOKS,0.0
2017-07-16,1,BOOKS,0.0
2017-07-17,1,BOOKS,1.0
2017-07-18,1,BOOKS,0.0
2017-07-19,1,BOOKS,0.0
2017-07-20,1,BOOKS,0.0
2017-07-21,1,BOOKS,0.0
2017-07-22,1,BOOKS,0.0
2017-07-23,1,BOOKS,0.0
2017-07-24,1,BOOKS,0.0
2017-07-25,1,BOOKS,0.0
2017-07-26,1,BOOKS,0.0
2017-07-27,1,BOOKS,0.0
2017-07-28,1,BOOKS,0.0
2017-07-29,1,BOOKS,0.0
2017-07-30,1,BOOKS,0.0
2017-07-31,1,BOOKS,1.0
2017-08-01,1,BOOKS,0.0
2017-08-02,1,BOOKS,0.0
2017-08-03,1,BOOKS,0.0
2017-08-04,1,BOOKS,0.0
2017-08-05,1,BOOKS,0.0
2017-08-06,1,BOOKS,0.0
2017-08-07,1,BOOKS,0.0
2017-08-08,1,BOOKS,0.0
2017-08-09,1,BOOKS,0.0
2017-08-10,1,BOOKS,0.0
2017-08-11,1,BOOKS,0.0
2017-08-12,1,BOOKS,0.0
2017-08-13,1,BOOKS,0.0
2017-08-14,1,BOOKS,0.0
2017-08-15,1,BOOKS,0.0
2016-01-01,1,BREAD/BAKERY,0.0
2016-01-02,1,BREAD/BAKERY,259.811
2016-01-03,1,BREAD/BAKERY,138.275
2016-01-04,1,BREAD/BAKERY,552.172
2016-01-05,1,BREAD/BAKERY,461.738
2016-01-06,1,BREAD/BAKERY,546.093
2016-01-07,1,BREAD/BAKERY,405.434
2016-01-08,1,BREAD/BAKERY,374.608
2016-01-09,1,BREAD/BAKERY,395.857
2016-01-10,1,BREAD/BAKERY,164.491
2016-01-11,1,BREAD/BAKERY,448.489
2016-01-12,1,BREAD/BAKERY,355.079
2016-01-13,1,BREAD/BAKERY,438.284
2016-01-14,1,BREAD/BAKERY,362.167
2016-01-15,1,BREAD/BAKERY,421.101
2016-01-16,1,BREAD/BAKERY,402.96
2016-01-17,1,BREAD/BAKERY,152.183
2016-01-18,1,BREAD/BAKERY,416.247
2016-01-19,1,BREAD/BAKERY,368.74
2016-01-20,1,BREAD/BAKERY,487.965
2016-01-21,1,BREAD/BAKERY,306.138
2016-01-22,1,BREAD/BAKERY,389.2
2016-01-23,1,BREAD/BAKERY,388.784
2016-01-24,1,BREAD/BAKERY,142.692
2016-01-25,1,BREAD/BAKERY,424.7
2016-01-26,1,BREAD/BAKERY,412.52
2016-01-27,1,BREAD/BAKERY,466.98
2016-01-28,1,BREAD/BAKERY,395.806
2016-01-29,1,BREAD/BAKERY,390.256
2016-01-30,1,BREAD/BAKERY,380.055
2016-01-31,1,BREAD/BAKERY,152.98
2016-02-01,1,BREAD/BAKERY,340.998
2016-02-02,1,BREAD/BAKERY,409.535
2016-02-03,1,BREAD/BAKERY,482.185
2016-02-04,1,BREAD/BAKERY,382.542
2016-02-05,1,BREAD/BAKERY,406.70898
2016-02-06,1,BREAD/BAKERY,336.78
2016-02-07,1,BREAD/BAKERY,83.352
2016-02-08,1,BREAD/BAKERY,126.15
2016-02-09,1,BREAD/BAKERY,118.463
2016-02-10,1,BREAD/BAKERY,474.432
2016-02-11,1,BREAD/BAKERY,415.018
2016-02-12,1,BREAD/BAKERY,391.837
2016-02-13,1,BREAD/BAKERY,398.123
2016-02-14,1,BREAD/BAKERY,124.839005
2016-02-15,1,BREAD/BAKERY,419.176
2016-02-16,1,BREAD/BAKERY,421.306
2016-02-17,1,BREAD/BAKERY,435.493
2016-02-18,1,BREAD/BAKERY,336.626
2016-02-19,1,BREAD/BAKERY,467.339
2016-02-20,1,BREAD/BAKERY,382.8
2016-02-21,1,BREAD/BAKERY,189.837
2016-02-22,1,BREAD/BAKERY,410.313
2016-02-23,1,BREAD/BAKERY,434.357
2016-02-24,1,BREAD/BAKERY,442.308
2016-02-25,1,BREAD/BAKERY,335.579
2016-02-26,1,BREAD/BAKERY,473.042
2016-02-27,1,BREAD/BAKERY,399.372
2016-02-28,1,BREAD/BAKERY,135.795
2016-02-29,1,BREAD/BAKERY,433.866
2016-03-01,1,BREAD/BAKERY,436.377
2016-03-02,1,BREAD/BAKERY,454.004
2016-03-03,1,BREAD/BAKERY,402.055
2016-03-04,1,BREAD/BAKERY,399.19598
2016-03-05,1,BREAD/BAKERY,456.28
2016-03-06,1,BREAD/BAKERY,170.45999
2016-03-07,1,BREAD/BAKERY,442.537
2016-03-08,1,BREAD/BAKERY,377.493
2016-03-09,1,BREAD/BAKERY,480.74
2016-03-10,1,BREAD/BAKERY,447.839
2016-03-11,1,BREAD/BAKERY,422.815
2016-03-12,1,BREAD/BAKERY,451.37
2016-03-13,1,BREAD/BAKERY,156.193
2016-03-14,1,BREAD/BAKERY,485.249
2016-03-15,1,BREAD/BAKERY,389.163
2016-03-16,1,BREAD/BAKERY,522.187
2016-03-17,1,BREAD/BAKERY,425.419
2016-03-18,1,BREAD/BAKERY,438.707
2016-03-19,1,BREAD/BAKERY,446.02
2016-03-20,1,BREAD/BAKERY,183.736
2016-03-21,1,BREAD/BAKERY,367.463
2016-03-22,1,BREAD/BAKERY,382.535
2016-03-23,1,BREAD/BAKERY,439.493
2016-03-24,1,BREAD/BAKERY,433.456
2016-03-25,1,BREAD/BAKERY,144.46
2016-03-26,1,BREAD/BAKERY,249.438
2016-03-27,1,BREAD/BAKERY,127.553
2016-03-28,1,BREAD/BAKERY,465.139
2016-03-29,1,BREAD/BAKERY,419.562
2016-03-30,1,BREAD/BAKERY,419.899
2016-03-31,1,BREAD/BAKERY,409.066
2016-04-01,1,BREAD/BAKERY,442.63
2016-04-02,1,BREAD/BAKERY,395.24
2016-04-03,1,BREAD/BAKERY,164.148
2016-04-04,1,BREAD/BAKERY,467.59
2016-04-05,1,BREAD/BAKERY,426.262
2016-04-06,1,BREAD/BAKERY,436.531
2016-04-07,1,BREAD/BAKERY,373.203
2016-04-08,1,BREAD/BAKERY,428.489
2016-04-09,1,BREAD/BAKERY,374.533
2016-04-10,1,BREAD/BAKERY,167.619
2016-04-11,1,BREAD/BAKERY,395.952
2016-04-12,1,BREAD/BAKERY,389.782
2016-04-13,1,BREAD/BAKERY,439.81702
2016-04-14,1,BREAD/BAKERY,457.507
2016-04-15,1,BREAD/BAKERY,402.216
2016-04-16,1,BREAD/BAKERY,388.352
2016-04-17,1,BREAD/BAKERY,198.982
2016-04-18,1,BREAD/BAKERY,569.079
2016-04-19,1,BREAD/BAKERY,485.579
2016-04-20,1,BREAD/BAKERY,489.121
2016-04-21,1,BREAD/BAKERY,426.731
2016-04-22,1,BREAD/BAKERY,500.751
2016-04-23,1,BREAD/BAKERY,456.474
2016-04-24,1,BREAD/BAKERY,211.934
2016-04-25,1,BREAD/BAKERY,359.333
2016-04-26,1,BREAD/BAKERY,509.385
2016-04-27,1,BREAD/BAKERY,466.339
2016-04-28,1,BREAD/BAKERY,481.58398
2016-04-29,1,BREAD/BAKERY,432.432
2016-04-30,1,BREAD/BAKERY,349.919
2016-05-01,1,BREAD/BAKERY,166.976
2016-05-02,1,BREAD/BAKERY,472.491
2016-05-03,1,BREAD/BAKERY,440.784
2016-05-04,1,BREAD/BAKERY,493.214
2016-05-05,1,BREAD/BAKERY,464.401
2016-05-06,1,BREAD/BAKERY,438.079
2016-05-07,1,BREAD/BAKERY,441.068
2016-05-08,1,BREAD/BAKERY,175.267
2016-05-09,1,BREAD/BAKERY,518.698
2016-05-10,1,BREAD/BAKERY,462.048
2016-05-11,1,BREAD/BAKERY,600.778
2016-05-12,1,BREAD/BAKERY,372.533
2016-05-13,1,BREAD/BAKERY,474.778
2016-05-14,1,BREAD/BAKERY,495.156
2016-05-15,1,BREAD/BAKERY,165.509
2016-05-16,1,BREAD/BAKERY,508.509
2016-05-17,1,BREAD/BAKERY,413.883
2016-05-18,1,BREAD/BAKERY,459.17
2016-05-19,1,BREAD/BAKERY,369.48
2016-05-20,1,BREAD/BAKERY,634.511
2016-05-21,1,BREAD/BAKERY,438.469
2016-05-22,1,BREAD/BAKERY,171.077
2016-05-23,1,BREAD/BAKERY,434.254
2016-05-24,1,BREAD/BAKERY,373.368
2016-05-25,1,BREAD/BAKERY,496.33
2016-05-26,1,BREAD/BAKERY,452.055
2016-05-27,1,BREAD/BAKERY,201.231
2016-05-28,1,BREAD/BAKERY,364.438
2016-05-29,1,BREAD/BAKERY,170.575
2016-05-30,1,BREAD/BAKERY,471.372
2016-05-31,1,BREAD/BAKERY,512.11
2016-06-01,1,BREAD/BAKERY,522.57
2016-06-02,1,BREAD/BAKERY,420.857
2016-06-03,1,BREAD/BAKERY,510.872
2016-06-04,1,BREAD/BAKERY,525.297
2016-06-05,1,BREAD/BAKERY,166.117
2016-06-06,1,BREAD/BAKERY,471.586
2016-06-07,1,BREAD/BAKERY,417.963
2016-06-08,1,BREAD/BAKERY,545.531
2016-06-09,1,BREAD/BAKERY,403.293
2016-06-10,1,BREAD/BAKERY,535.751
2016-06-11,1,BREAD/BAKERY,417.852
2016-06-12,1,BREAD/BAKERY,183.319
2016-06-13,1,BREAD/BAKERY,462.029
2016-06-14,1,BREAD/BAKERY,467.203
2016-06-15,1,BREAD/BAKERY,507.85
2016-06-16,1,BREAD/BAKERY,413.355
2016-06-17,1,BREAD/BAKERY,474.722
2016-06-18,1,BREAD/BAKERY,418.65
2016-06-19,1,BREAD/BAKERY,186.396
2016-06-20,1,BREAD/BAKERY,505.648
2016-06-21,1,BREAD/BAKERY,369.447
2016-06-22,1,BREAD/BAKERY,506.667
2016-06-23,1,BREAD/BAKERY,435.372
2016-06-24,1,BREAD/BAKERY,436.198
2016-06-25,1,BREAD/BAKERY,435.601
2016-06-26,1,BREAD/BAKERY,212.319
2016-06-27,1,BREAD/BAKERY,493.905
2016-06-28,1,BREAD/BAKERY,427.174
2016-06-29,1,BREAD/BAKERY,446.839
2016-06-30,1,BREAD/BAKERY,447.674
2016-07-01,1,BREAD/BAKERY,522.509
2016-07-02,1,BREAD/BAKERY,473.826
2016-07-03,1,BREAD/BAKERY,176.868
2016-07-04,1,BREAD/BAKERY,485.606
2016-07-05,1,BREAD/BAKERY,418.7
2016-07-06,1,BREAD/BAKERY,501.161
2016-07-07,1,BREAD/BAKERY,448.949
2016-07-08,1,BREAD/BAKERY,498.121
2016-07-09,1,BREAD/BAKERY,368.733
2016-07-10,1,BREAD/BAKERY,192.837
2016-07-11,1,BREAD/BAKERY,454.339
2016-07-12,1,BREAD/BAKERY,381.756
2016-07-13,1,BREAD/BAKERY,512.209
2016-07-14,1,BREAD/BAKERY,432.13
2016-07-15,1,BREAD/BAKERY,453.581
2016-07-16,1,BREAD/BAKERY,506.978
2016-07-17,1,BREAD/BAKERY,146.033
2016-07-18,1,BREAD/BAKERY,477.007
2016-07-19,1,BREAD/BAKERY,352.954
2016-07-20,1,BREAD/BAKERY,447.982
2016-07-21,1,BREAD/BAKERY,360.472
2016-07-22,1,BREAD/BAKERY,446.637
2016-07-23,1,BREAD/BAKERY,411.018
2016-07-24,1,BREAD/BAKERY,151.004
2016-07-25,1,BREAD/BAKERY,379.877
2016-07-26,1,BREAD/BAKERY,347.91602
2016-07-27,1,BREAD/BAKERY,455.612
2016-07-28,1,BREAD/BAKERY,418.441
2016-07-29,1,BREAD/BAKERY,411.324
2016-07-30,1,BREAD/BAKERY,442.965
2016-07-31,1,BREAD/BAKERY,128.513
2016-08-01,1,BREAD/BAKERY,454.106
2016-08-02,1,BREAD/BAKERY,365.231
2016-08-03,1,BREAD/BAKERY,461.628
2016-08-04,1,BREAD/BAKERY,393.822
2016-08-05,1,BREAD/BAKERY,535.773
2016-08-06,1,BREAD/BAKERY,371.115
2016-08-07,1,BREAD/BAKERY,159.844
2016-08-08,1,BREAD/BAKERY,446.507
2016-08-09,1,BREAD/BAKERY,441.165
2016-08-10,1,BREAD/BAKERY,448.194
2016-08-11,1,BREAD/BAKERY,491.705
2016-08-12,1,BREAD/BAKERY,193.868
2016-08-13,1,BREAD/BAKERY,351.969
2016-08-14,1,BREAD/BAKERY,138.256
2016-08-15,1,BREAD/BAKERY,502.555
2016-08-16,1,BREAD/BAKERY,384.275
2016-08-17,1,BREAD/BAKERY,423.218
2016-08-18,1,BREAD/BAKERY,374.447
2016-08-19,1,BREAD/BAKERY,402.659
2016-08-20,1,BREAD/BAKERY,416.081
2016-08-21,1,BREAD/BAKERY,160.956
2016-08-22,1,BREAD/BAKERY,402.073
2016-08-23,1,BREAD/BAKERY,389.645
2016-08-24,1,BREAD/BAKERY,442.718
2016-08-25,1,BREAD/BAKERY,301.857
2016-08-26,1,BREAD/BAKERY,402.267
2016-08-27,1,BREAD/BAKERY,378.229
2016-08-28,1,BREAD/BAKERY,155.209
2016-08-29,1,BREAD/BAKERY,391.121
2016-08-30,1,BREAD/BAKERY,381.392
2016-08-31,1,BREAD/BAKERY,443.273
2016-09-01,1,BREAD/BAKERY,452.119
2016-09-02,1,BREAD/BAKERY,442.119
2016-09-03,1,BREAD/BAKERY,434.172
2016-09-04,1,BREAD/BAKERY,156.128
2016-09-05,1,BREAD/BAKERY,458.198
2016-09-06,1,BREAD/BAKERY,460.17
2016-09-07,1,BREAD/BAKERY,496.806
2016-09-08,1,BREAD/BAKERY,433.61
2016-09-09,1,BREAD/BAKERY,406.705
2016-09-10,1,BREAD/BAKERY,427.588
2016-09-11,1,BREAD/BAKERY,150.559
2016-09-12,1,BREAD/BAKERY,471.822
2016-09-13,1,BREAD/BAKERY,398.716
2016-09-14,1,BREAD/BAKERY,500.181
2016-09-15,1,BREAD/BAKERY,421.493
2016-09-16,1,BREAD/BAKERY,407.678
2016-09-17,1,BREAD/BAKERY,451.689
2016-09-18,1,BREAD/BAKERY,187.852
2016-09-19,1,BREAD/BAKERY,521.826
2016-09-20,1,BREAD/BAKERY,393.432
2016-09-21,1,BREAD/BAKERY,502.925
2016-09-22,1,BREAD/BAKERY,463.991
2016-09-23,1,BREAD/BAKERY,392.319
2016-09-24,1,BREAD/BAKERY,423.414
2016-09-25,1,BREAD/BAKERY,218.134
2016-09-26,1,BREAD/BAKERY,455.947
2016-09-27,1,BREAD/BAKERY,313.632
2016-09-28,1,BREAD/BAKERY,534.584
2016-09-29,1,BREAD/BAKERY,385.775
2016-09-30,1,BREAD/BAKERY,411.203
2016-10-01,1,BREAD/BAKERY,525.866
2016-10-02,1,BREAD/BAKERY,165.751
2016-10-03,1,BREAD/BAKERY,509.573
2016-10-04,1,BREAD/BAKERY,435.467
2016-10-05,1,BREAD/BAKERY,466.249
2016-10-06,1,BREAD/BAKERY,419.687
2016-10-07,1,BREAD/BAKERY,427.319
2016-10-08,1,BREAD/BAKERY,426.844
2016-10-09,1,BREAD/BAKERY,167.319
2016-10-10,1,BREAD/BAKERY,428.601
2016-10-11,1,BREAD/BAKERY,400.733
2016-10-12,1,BREAD/BAKERY,471.531
2016-10-13,1,BREAD/BAKERY,417.513
2016-10-14,1,BREAD/BAKERY,472.844
2016-10-15,1,BREAD/BAKERY,469.112
2016-10-16,1,BREAD/BAKERY,195.282
2016-10-17,1,BREAD/BAKERY,418.163
2016-10-18,1,BREAD/BAKERY,407.295
2016-10-19,1,BREAD/BAKERY,745.513
2016-10-20,1,BREAD/BAKERY,359.934
2016-10-21,1,BREAD/BAKERY,431.165
2016-10-22,1,BREAD/BAKERY,416.231
2016-10-23,1,BREAD/BAKERY,201.45801
2016-10-24,1,BREAD/BAKERY,371.973
2016-10-25,1,BREAD/BAKERY,405.661
2016-10-26,1,BREAD/BAKERY,446.588
2016-10-27,1,BREAD/BAKERY,441.987
2016-10-28,1,BREAD/BAKERY,404.513
2016-10-29,1,BREAD/BAKERY,411.945
2016-10-30,1,BREAD/BAKERY,140.099
2016-10-31,1,BREAD/BAKERY,261.152
2016-11-01,1,BREAD/BAKERY,439.152
2016-11-02,1,BREAD/BAKERY,144.189
2016-11-03,1,BREAD/BAKERY,154.8
2016-11-04,1,BREAD/BAKERY,275.69598
2016-11-05,1,BREAD/BAKERY,278.8
2016-11-06,1,BREAD/BAKERY,143.87
2016-11-07,1,BREAD/BAKERY,422.141
2016-11-08,1,BREAD/BAKERY,383.919
2016-11-09,1,BREAD/BAKERY,516.965
2016-11-10,1,BREAD/BAKERY,385.782
2016-11-11,1,BREAD/BAKERY,401.205
2016-11-12,1,BREAD/BAKERY,447.211
2016-11-13,1,BREAD/BAKERY,187.48
2016-11-14,1,BREAD/BAKERY,448.267
2016-11-15,1,BREAD/BAKERY,430.462
2016-11-16,1,BREAD/BAKERY,485.634
2016-11-17,1,BREAD/BAKERY,413.692
2016-11-18,1,BREAD/BAKERY,449.894
2016-11-19,1,BREAD/BAKERY,411.275
2016-11-20,1,BREAD/BAKERY,147.758
2016-11-21,1,BREAD/BAKERY,457.575
2016-11-22,1,BREAD/BAKERY,393.61
2016-11-23,1,BREAD/BAKERY,521.883
2016-11-24,1,BREAD/BAKERY,382.998
2016-11-25,1,BREAD/BAKERY,410.863
2016-11-26,1,BREAD/BAKERY,364.846
2016-11-27,1,BREAD/BAKERY,151.511
2016-11-28,1,BREAD/BAKERY,460.112
2016-11-29,1,BREAD/BAKERY,389.141
2016-11-30,1,BREAD/BAKERY,516.46
2016-12-01,1,BREAD/BAKERY,371.051
2016-12-02,1,BREAD/BAKERY,454.546
2016-12-03,1,BREAD/BAKERY,444.874
2016-12-04,1,BREAD/BAKERY,175.253
2016-12-05,1,BREAD/BAKERY,345.119
2016-12-06,1,BREAD/BAKERY,158.824
2016-12-07,1,BREAD/BAKERY,542.454
2016-12-08,1,BREAD/BAKERY,427.833
2016-12-09,1,BREAD/BAKERY,421.337
2016-12-10,1,BREAD/BAKERY,374.588
2016-12-11,1,BREAD/BAKERY,175.463
2016-12-12,1,BREAD/BAKERY,381.714
2016-12-13,1,BREAD/BAKERY,384.181
2016-12-14,1,BREAD/BAKERY,432.044
2016-12-15,1,BREAD/BAKERY,442.031
2016-12-16,1,BREAD/BAKERY,433.172
2016-12-17,1,BREAD/BAKERY,400.465
2016-12-18,1,BREAD/BAKERY,210.372
2016-12-19,1,BREAD/BAKERY,486.531
2016-12-20,1,BREAD/BAKERY,490.529
2016-12-21,1,BREAD/BAKERY,449.835
2016-12-22,1,BREAD/BAKERY,426.247
2016-12-23,1,BREAD/BAKERY,390.496
2016-12-24,1,BREAD/BAKERY,353.597
2016-12-26,1,BREAD/BAKERY,113.251
2016-12-27,1,BREAD/BAKERY,438.436
2016-12-28,1,BREAD/BAKERY,364.324
2016-12-29,1,BREAD/BAKERY,306.137
2016-12-30,1,BREAD/BAKERY,435.2
2016-12-31,1,BREAD/BAKERY,334.965
2017-01-01,1,BREAD/BAKERY,0.0
2017-01-02,1,BREAD/BAKERY,166.819
2017-01-03,1,BREAD/BAKERY,519.348
2017-01-04,1,BREAD/BAKERY,543.251
2017-01-05,1,BREAD/BAKERY,533.48
2017-01-06,1,BREAD/BAKERY,442.91
2017-01-07,1,BREAD/BAKERY,428.22
2017-01-08,1,BREAD/BAKERY,165.123
2017-01-09,1,BREAD/BAKERY,443.518
2017-01-10,1,BREAD/BAKERY,402.117
2017-01-11,1,BREAD/BAKERY,485.901
2017-01-12,1,BREAD/BAKERY,458.714
2017-01-13,1,BREAD/BAKERY,437.744
2017-01-14,1,BREAD/BAKERY,423.425
2017-01-15,1,BREAD/BAKERY,178.54199
2017-01-16,1,BREAD/BAKERY,446.852
2017-01-17,1,BREAD/BAKERY,356.595
2017-01-18,1,BREAD/BAKERY,489.989
2017-01-19,1,BREAD/BAKERY,383.597
2017-01-20,1,BREAD/BAKERY,415.931
2017-01-21,1,BREAD/BAKERY,548.317
2017-01-22,1,BREAD/BAKERY,176.059
2017-01-23,1,BREAD/BAKERY,423.656
2017-01-24,1,BREAD/BAKERY,390.546
2017-01-25,1,BREAD/BAKERY,440.445
2017-01-26,1,BREAD/BAKERY,410.938
2017-01-27,1,BREAD/BAKERY,424.178
2017-01-28,1,BREAD/BAKERY,534.066
2017-01-29,1,BREAD/BAKERY,194.053
2017-01-30,1,BREAD/BAKERY,411.963
2017-01-31,1,BREAD/BAKERY,408.073
2017-02-01,1,BREAD/BAKERY,512.612
2017-02-02,1,BREAD/BAKERY,401.498
2017-02-03,1,BREAD/BAKERY,426.004
2017-02-04,1,BREAD/BAKERY,428.366
2017-02-05,1,BREAD/BAKERY,171.024
2017-02-06,1,BREAD/BAKERY,419.905
2017-02-07,1,BREAD/BAKERY,442.26
2017-02-08,1,BREAD/BAKERY,484.537
2017-02-09,1,BREAD/BAKERY,431.694
2017-02-10,1,BREAD/BAKERY,419.394
2017-02-11,1,BREAD/BAKERY,504.894
2017-02-12,1,BREAD/BAKERY,184.727
2017-02-13,1,BREAD/BAKERY,483.722
2017-02-14,1,BREAD/BAKERY,400.835
2017-02-15,1,BREAD/BAKERY,494.802
2017-02-16,1,BREAD/BAKERY,398.753
2017-02-17,1,BREAD/BAKERY,431.773
2017-02-18,1,BREAD/BAKERY,471.921
2017-02-19,1,BREAD/BAKERY,146.619
2017-02-20,1,BREAD/BAKERY,427.359
2017-02-21,1,BREAD/BAKERY,368.982
2017-02-22,1,BREAD/BAKERY,440.41602
2017-02-23,1,BREAD/BAKERY,436.41602
2017-02-24,1,BREAD/BAKERY,387.487
2017-02-25,1,BREAD/BAKERY,353.808
2017-02-26,1,BREAD/BAKERY,124.075
2017-02-27,1,BREAD/BAKERY,104.888
2017-02-28,1,BREAD/BAKERY,134.242
2017-03-01,1,BREAD/BAKERY,564.652
2017-03-02,1,BREAD/BAKERY,410.388
2017-03-03,1,BREAD/BAKERY,469.035
2017-03-04,1,BREAD/BAKERY,453.046
2017-03-05,1,BREAD/BAKERY,164.811
2017-03-06,1,BREAD/BAKERY,428.57
2017-03-07,1,BREAD/BAKERY,454.72
2017-03-08,1,BREAD/BAKERY,447.205
2017-03-09,1,BREAD/BAKERY,336.09
2017-03-10,1,BREAD/BAKERY,436.295
2017-03-11,1,BREAD/BAKERY,442.795
2017-03-12,1,BREAD/BAKERY,184.134
2017-03-13,1,BREAD/BAKERY,426.337
2017-03-14,1,BREAD/BAKERY,366.405
2017-03-15,1,BREAD/BAKERY,529.848
2017-03-16,1,BREAD/BAKERY,380.284
2017-03-17,1,BREAD/BAKERY,502.811
2017-03-18,1,BREAD/BAKERY,496.185
2017-03-19,1,BREAD/BAKERY,168.275
2017-03-20,1,BREAD/BAKERY,562.557
2017-03-21,1,BREAD/BAKERY,346.535
2017-03-22,1,BREAD/BAKERY,431.674
2017-03-23,1,BREAD/BAKERY,400.888
2017-03-24,1,BREAD/BAKERY,441.63
2017-03-25,1,BREAD/BAKERY,465.903
2017-03-26,1,BREAD/BAKERY,216.934
2017-03-27,1,BREAD/BAKERY,447.837
2017-03-28,1,BREAD/BAKERY,416.425
2017-03-29,1,BREAD/BAKERY,464.377
2017-03-30,1,BREAD/BAKERY,453.802
2017-03-31,1,BREAD/BAKERY,463.54
2017-04-01,1,BREAD/BAKERY,526.249
2017-04-02,1,BREAD/BAKERY,180.339
2017-04-03,1,BREAD/BAKERY,444.857
2017-04-04,1,BREAD/BAKERY,403.819
2017-04-05,1,BREAD/BAKERY,499.385
2017-04-06,1,BREAD/BAKERY,376.694
2017-04-07,1,BREAD/BAKERY,382.203
2017-04-08,1,BREAD/BAKERY,463.815
2017-04-09,1,BREAD/BAKERY,190.93
2017-04-10,1,BREAD/BAKERY,334.557
2017-04-11,1,BREAD/BAKERY,371.559
2017-04-12,1,BREAD/BAKERY,417.58398
2017-04-13,1,BREAD/BAKERY,364.597
2017-04-14,1,BREAD/BAKERY,156.081
2017-04-15,1,BREAD/BAKERY,351.967
2017-04-16,1,BREAD/BAKERY,154.388
2017-04-17,1,BREAD/BAKERY,464.106
2017-04-18,1,BREAD/BAKERY,307.667
2017-04-19,1,BREAD/BAKERY,413.586
2017-04-20,1,BREAD/BAKERY,420.877
2017-04-21,1,BREAD/BAKERY,376.189
2017-04-22,1,BREAD/BAKERY,440.086
2017-04-23,1,BREAD/BAKERY,178.518
2017-04-24,1,BREAD/BAKERY,433.097
2017-04-25,1,BREAD/BAKERY,323.238
2017-04-26,1,BREAD/BAKERY,391.912
2017-04-27,1,BREAD/BAKERY,396.322
2017-04-28,1,BREAD/BAKERY,397.879
2017-04-29,1,BREAD/BAKERY,408.377
2017-04-30,1,BREAD/BAKERY,139.507
2017-05-01,1,BREAD/BAKERY,116.339
2017-05-02,1,BREAD/BAKERY,447.238
2017-05-03,1,BREAD/BAKERY,434.029
2017-05-04,1,BREAD/BAKERY,438.214
2017-05-05,1,BREAD/BAKERY,398.965
2017-05-06,1,BREAD/BAKERY,426.652
2017-05-07,1,BREAD/BAKERY,186.965
2017-05-08,1,BREAD/BAKERY,460.901
2017-05-09,1,BREAD/BAKERY,387.498
2017-05-10,1,BREAD/BAKERY,400.233
2017-05-11,1,BREAD/BAKERY,395.214
2017-05-12,1,BREAD/BAKERY,361.828
2017-05-13,1,BREAD/BAKERY,463.982
2017-05-14,1,BREAD/BAKERY,170.293
2017-05-15,1,BREAD/BAKERY,340.48
2017-05-16,1,BREAD/BAKERY,364.471
2017-05-17,1,BREAD/BAKERY,468.181
2017-05-18,1,BREAD/BAKERY,350.502
2017-05-19,1,BREAD/BAKERY,481.324
2017-05-20,1,BREAD/BAKERY,392.965
2017-05-21,1,BREAD/BAKERY,161.529
2017-05-22,1,BREAD/BAKERY,418.029
2017-05-23,1,BREAD/BAKERY,413.152
2017-05-24,1,BREAD/BAKERY,349.681
2017-05-25,1,BREAD/BAKERY,372.385
2017-05-26,1,BREAD/BAKERY,190.733
2017-05-27,1,BREAD/BAKERY,300.786
2017-05-28,1,BREAD/BAKERY,167.441
2017-05-29,1,BREAD/BAKERY,387.28
2017-05-30,1,BREAD/BAKERY,378.91
2017-05-31,1,BREAD/BAKERY,439.526
2017-06-01,1,BREAD/BAKERY,391.227
2017-06-02,1,BREAD/BAKERY,417.912
2017-06-03,1,BREAD/BAKERY,380.692
2017-06-04,1,BREAD/BAKERY,161.493
2017-06-05,1,BREAD/BAKERY,402.837
2017-06-06,1,BREAD/BAKERY,387.346
2017-06-07,1,BREAD/BAKERY,401.793
2017-06-08,1,BREAD/BAKERY,348.987
2017-06-09,1,BREAD/BAKERY,408.15
2017-06-10,1,BREAD/BAKERY,418.077
2017-06-11,1,BREAD/BAKERY,180.703
2017-06-12,1,BREAD/BAKERY,377.262
2017-06-13,1,BREAD/BAKERY,350.359
2017-06-14,1,BREAD/BAKERY,470.74
2017-06-15,1,BREAD/BAKERY,364.447
2017-06-16,1,BREAD/BAKERY,370.159
2017-06-17,1,BREAD/BAKERY,387.04
2017-06-18,1,BREAD/BAKERY,160.192
2017-06-19,1,BREAD/BAKERY,402.694
2017-06-20,1,BREAD/BAKERY,414.98
2017-06-21,1,BREAD/BAKERY,388.403
2017-06-22,1,BREAD/BAKERY,361.813
2017-06-23,1,BREAD/BAKERY,424.383
2017-06-24,1,BREAD/BAKERY,416.026
2017-06-25,1,BREAD/BAKERY,215.282
2017-06-26,1,BREAD/BAKERY,389.051
2017-06-27,1,BREAD/BAKERY,329.405
2017-06-28,1,BREAD/BAKERY,404.476
2017-06-29,1,BREAD/BAKERY,387.057
2017-06-30,1,BREAD/BAKERY,417.877
2017-07-01,1,BREAD/BAKERY,344.722
2017-07-02,1,BREAD/BAKERY,177.385
2017-07-03,1,BREAD/BAKERY,452.515
2017-07-04,1,BREAD/BAKERY,355.031
2017-07-05,1,BREAD/BAKERY,426.284
2017-07-06,1,BREAD/BAKERY,331.689
2017-07-07,1,BREAD/BAKERY,397.388
2017-07-08,1,BREAD/BAKERY,407.33
2017-07-09,1,BREAD/BAKERY,152.535
2017-07-10,1,BREAD/BAKERY,417.143
2017-07-11,1,BREAD/BAKERY,320.145
2017-07-12,1,BREAD/BAKERY,428.963
2017-07-13,1,BREAD/BAKERY,348.923
2017-07-14,1,BREAD/BAKERY,297.425
2017-07-15,1,BREAD/BAKERY,318.612
2017-07-16,1,BREAD/BAKERY,121.055
2017-07-17,1,BREAD/BAKERY,385.808
2017-07-18,1,BREAD/BAKERY,356.837
2017-07-19,1,BREAD/BAKERY,411.062
2017-07-20,1,BREAD/BAKERY,338.802
2017-07-21,1,BREAD/BAKERY,427.278
2017-07-22,1,BREAD/BAKERY,383.414
2017-07-23,1,BREAD/BAKERY,136.874
2017-07-24,1,BREAD/BAKERY,365.35
2017-07-25,1,BREAD/BAKERY,374.29102
2017-07-26,1,BREAD/BAKERY,354.80402
2017-07-27,1,BREAD/BAKERY,321.0
2017-07-28,1,BREAD/BAKERY,403.645
2017-07-29,1,BREAD/BAKERY,330.035
2017-07-30,1,BREAD/BAKERY,153.808
2017-07-31,1,BREAD/BAKERY,370.994
2017-08-01,1,BREAD/BAKERY,373.70898
2017-08-02,1,BREAD/BAKERY,428.186
2017-08-03,1,BREAD/BAKERY,282.81
2017-08-04,1,BREAD/BAKERY,385.044
2017-08-05,1,BREAD/BAKERY,271.579
2017-08-06,1,BREAD/BAKERY,144.024
2017-08-07,1,BREAD/BAKERY,328.382
2017-08-08,1,BREAD/BAKERY,361.412
2017-08-09,1,BREAD/BAKERY,399.547
2017-08-10,1,BREAD/BAKERY,417.021
2017-08-11,1,BREAD/BAKERY,145.607
2017-08-12,1,BREAD/BAKERY,243.22
2017-08-13,1,BREAD/BAKERY,136.679
2017-08-14,1,BREAD/BAKERY,346.038
2017-08-15,1,BREAD/BAKERY,329.54102
2016-01-01,1,CELEBRATION,0.0
2016-01-02,1,CELEBRATION,5.0
2016-01-03,1,CELEBRATION,5.0
2016-01-04,1,CELEBRATION,8.0
2016-01-05,1,CELEBRATION,19.0
2016-01-06,1,CELEBRATION,14.0
2016-01-07,1,CELEBRATION,17.0
2016-01-08,1,CELEBRATION,21.0
2016-01-09,1,CELEBRATION,22.0
2016-01-10,1,CELEBRATION,7.0
2016-01-11,1,CELEBRATION,10.0
2016-01-12,1,CELEBRATION,15.0
2016-01-13,1,CELEBRATION,21.0
2016-01-14,1,CELEBRATION,22.0
2016-01-15,1,CELEBRATION,17.0
2016-01-16,1,CELEBRATION,23.0
2016-01-17,1,CELEBRATION,7.0
2016-01-18,1,CELEBRATION,14.0
2016-01-19,1,CELEBRATION,16.0
2016-01-20,1,CELEBRATION,8.0
2016-01-21,1,CELEBRATION,6.0
2016-01-22,1,CELEBRATION,25.0
2016-01-23,1,CELEBRATION,7.0
2016-01-24,1,CELEBRATION,5.0
2016-01-25,1,CELEBRATION,10.0
2016-01-26,1,CELEBRATION,19.0
2016-01-27,1,CELEBRATION,24.0
2016-01-28,1,CELEBRATION,21.0
2016-01-29,1,CELEBRATION,39.0
2016-01-30,1,CELEBRATION,11.0
2016-01-31,1,CELEBRATION,0.0
2016-02-01,1,CELEBRATION,5.0
2016-02-02,1,CELEBRATION,29.0
2016-02-03,1,CELEBRATION,17.0
2016-02-04,1,CELEBRATION,12.0
2016-02-05,1,CELEBRATION,22.0
2016-02-06,1,CELEBRATION,20.0
2016-02-07,1,CELEBRATION,2.0
2016-02-08,1,CELEBRATION,10.0
2016-02-09,1,CELEBRATION,1.0
2016-02-10,1,CELEBRATION,25.0
2016-02-11,1,CELEBRATION,22.0
2016-02-12,1,CELEBRATION,23.0
2016-02-13,1,CELEBRATION,13.0
2016-02-14,1,CELEBRATION,0.0
2016-02-15,1,CELEBRATION,9.0
2016-02-16,1,CELEBRATION,8.0
2016-02-17,1,CELEBRATION,24.0
2016-02-18,1,CELEBRATION,15.0
2016-02-19,1,CELEBRATION,20.0
2016-02-20,1,CELEBRATION,19.0
2016-02-21,1,CELEBRATION,5.0
2016-02-22,1,CELEBRATION,15.0
2016-02-23,1,CELEBRATION,4.0
2016-02-24,1,CELEBRATION,14.0
2016-02-25,1,CELEBRATION,16.0
2016-02-26,1,CELEBRATION,39.0
2016-02-27,1,CELEBRATION,13.0
2016-02-28,1,CELEBRATION,4.0
2016-02-29,1,CELEBRATION,22.0
2016-03-01,1,CELEBRATION,11.0
2016-03-02,1,CELEBRATION,20.0
2016-03-03,1,CELEBRATION,17.0
2016-03-04,1,CELEBRATION,15.0
2016-03-05,1,CELEBRATION,27.0
2016-03-06,1,CELEBRATION,4.0
2016-03-07,1,CELEBRATION,12.0
2016-03-08,1,CELEBRATION,13.0
2016-03-09,1,CELEBRATION,14.0
2016-03-10,1,CELEBRATION,5.0
2016-03-11,1,CELEBRATION,32.0
2016-03-12,1,CELEBRATION,19.0
2016-03-13,1,CELEBRATION,2.0
2016-03-14,1,CELEBRATION,9.0
2016-03-15,1,CELEBRATION,20.0
2016-03-16,1,CELEBRATION,21.0
2016-03-17,1,CELEBRATION,20.0
2016-03-18,1,CELEBRATION,28.0
2016-03-19,1,CELEBRATION,15.0
2016-03-20,1,CELEBRATION,3.0
2016-03-21,1,CELEBRATION,16.0
2016-03-22,1,CELEBRATION,5.0
2016-03-23,1,CELEBRATION,18.0
2016-03-24,1,CELEBRATION,13.0
2016-03-25,1,CELEBRATION,5.0
2016-03-26,1,CELEBRATION,9.0
2016-03-27,1,CELEBRATION,1.0
2016-03-28,1,CELEBRATION,6.0
2016-03-29,1,CELEBRATION,18.0
2016-03-30,1,CELEBRATION,7.0
2016-03-31,1,CELEBRATION,8.0
2016-04-01,1,CELEBRATION,52.0
2016-04-02,1,CELEBRATION,12.0
2016-04-03,1,CELEBRATION,3.0
2016-04-04,1,CELEBRATION,16.0
2016-04-05,1,CELEBRATION,12.0
2016-04-06,1,CELEBRATION,21.0
2016-04-07,1,CELEBRATION,14.0
2016-04-08,1,CELEBRATION,31.0
2016-04-09,1,CELEBRATION,25.0
2016-04-10,1,CELEBRATION,10.0
2016-04-11,1,CELEBRATION,16.0
2016-04-12,1,CELEBRATION,24.0
2016-04-13,1,CELEBRATION,14.0
2016-04-14,1,CELEBRATION,17.0
2016-04-15,1,CELEBRATION,13.0
2016-04-16,1,CELEBRATION,34.0
2016-04-17,1,CELEBRATION,1.0
2016-04-18,1,CELEBRATION,4.0
2016-04-19,1,CELEBRATION,13.0
2016-04-20,1,CELEBRATION,11.0
2016-04-21,1,CELEBRATION,25.0
2016-04-22,1,CELEBRATION,35.0
2016-04-23,1,CELEBRATION,5.0
2016-04-24,1,CELEBRATION,8.0
2016-04-25,1,CELEBRATION,9.0
2016-04-26,1,CELEBRATION,13.0
2016-04-27,1,CELEBRATION,20.0
2016-04-28,1,CELEBRATION,26.0
2016-04-29,1,CELEBRATION,31.0
2016-04-30,1,CELEBRATION,9.0
2016-05-01,1,CELEBRATION,2.0
2016-05-02,1,CELEBRATION,19.0
2016-05-03,1,CELEBRATION,13.0
2016-05-04,1,CELEBRATION,9.0
2016-05-05,1,CELEBRATION,22.0
2016-05-06,1,CELEBRATION,13.0
2016-05-07,1,CELEBRATION,20.0
2016-05-08,1,CELEBRATION,0.0
2016-05-09,1,CELEBRATION,7.0
2016-05-10,1,CELEBRATION,12.0
2016-05-11,1,CELEBRATION,14.0
2016-05-12,1,CELEBRATION,22.0
2016-05-13,1,CELEBRATION,28.0
2016-05-14,1,CELEBRATION,14.0
2016-05-15,1,CELEBRATION,1.0
2016-05-16,1,CELEBRATION,10.0
2016-05-17,1,CELEBRATION,20.0
2016-05-18,1,CELEBRATION,15.0
2016-05-19,1,CELEBRATION,17.0
2016-05-20,1,CELEBRATION,26.0
2016-05-21,1,CELEBRATION,18.0
2016-05-22,1,CELEBRATION,8.0
2016-05-23,1,CELEBRATION,15.0
2016-05-24,1,CELEBRATION,13.0
2016-05-25,1,CELEBRATION,8.0
2016-05-26,1,CELEBRATION,24.0
2016-05-27,1,CELEBRATION,5.0
2016-05-28,1,CELEBRATION,8.0
2016-05-29,1,CELEBRATION,4.0
2016-05-30,1,CELEBRATION,5.0
2016-05-31,1,CELEBRATION,14.0
2016-06-01,1,CELEBRATION,19.0
2016-06-02,1,CELEBRATION,34.0
2016-06-03,1,CELEBRATION,33.0
2016-06-04,1,CELEBRATION,10.0
2016-06-05,1,CELEBRATION,6.0
2016-06-06,1,CELEBRATION,9.0
2016-06-07,1,CELEBRATION,17.0
2016-06-08,1,CELEBRATION,40.0
2016-06-09,1,CELEBRATION,14.0
2016-06-10,1,CELEBRATION,43.0
2016-06-11,1,CELEBRATION,12.0
2016-06-12,1,CELEBRATION,3.0
2016-06-13,1,CELEBRATION,10.0
2016-06-14,1,CELEBRATION,4.0
2016-06-15,1,CELEBRATION,11.0
2016-06-16,1,CELEBRATION,17.0
2016-06-17,1,CELEBRATION,18.0
2016-06-18,1,CELEBRATION,19.0
2016-06-19,1,CELEBRATION,3.0
2016-06-20,1,CELEBRATION,5.0
2016-06-21,1,CELEBRATION,13.0
2016-06-22,1,CELEBRATION,9.0
2016-06-23,1,CELEBRATION,16.0
2016-06-24,1,CELEBRATION,19.0
2016-06-25,1,CELEBRATION,17.0
2016-06-26,1,CELEBRATION,0.0
2016-06-27,1,CELEBRATION,9.0
2016-06-28,1,CELEBRATION,29.0
2016-06-29,1,CELEBRATION,22.0
2016-06-30,1,CELEBRATION,15.0
2016-07-01,1,CELEBRATION,20.0
2016-07-02,1,CELEBRATION,17.0
2016-07-03,1,CELEBRATION,1.0
2016-07-04,1,CELEBRATION,17.0
2016-07-05,1,CELEBRATION,5.0
2016-07-06,1,CELEBRATION,25.0
2016-07-07,1,CELEBRATION,21.0
2016-07-08,1,CELEBRATION,24.0
2016-07-09,1,CELEBRATION,10.0
2016-07-10,1,CELEBRATION,8.0
2016-07-11,1,CELEBRATION,8.0
2016-07-12,1,CELEBRATION,11.0
2016-07-13,1,CELEBRATION,11.0
2016-07-14,1,CELEBRATION,16.0
2016-07-15,1,CELEBRATION,17.0
2016-07-16,1,CELEBRATION,15.0
2016-07-17,1,CELEBRATION,4.0
2016-07-18,1,CELEBRATION,17.0
2016-07-19,1,CELEBRATION,7.0
2016-07-20,1,CELEBRATION,28.0
2016-07-21,1,CELEBRATION,25.0
2016-07-22,1,CELEBRATION,25.0
2016-07-23,1,CELEBRATION,22.0
2016-07-24,1,CELEBRATION,4.0
2016-07-25,1,CELEBRATION,27.0
2016-07-26,1,CELEBRATION,12.0
2016-07-27,1,CELEBRATION,30.0
2016-07-28,1,CELEBRATION,25.0
2016-07-29,1,CELEBRATION,20.0
2016-07-30,1,CELEBRATION,11.0
2016-07-31,1,CELEBRATION,13.0
2016-08-01,1,CELEBRATION,16.0
2016-08-02,1,CELEBRATION,17.0
2016-08-03,1,CELEBRATION,16.0
2016-08-04,1,CELEBRATION,11.0
2016-08-05,1,CELEBRATION,21.0
2016-08-06,1,CELEBRATION,20.0
2016-08-07,1,CELEBRATION,7.0
2016-08-08,1,CELEBRATION,16.0
2016-08-09,1,CELEBRATION,14.0
2016-08-10,1,CELEBRATION,28.0
2016-08-11,1,CELEBRATION,15.0
2016-08-12,1,CELEBRATION,7.0
2016-08-13,1,CELEBRATION,9.0
2016-08-14,1,CELEBRATION,6.0
2016-08-15,1,CELEBRATION,11.0
2016-08-16,1,CELEBRATION,22.0
2016-08-17,1,CELEBRATION,20.0
2016-08-18,1,CELEBRATION,11.0
2016-08-19,1,CELEBRATION,21.0
2016-08-20,1,CELEBRATION,25.0
2016-08-21,1,CELEBRATION,12.0
2016-08-22,1,CELEBRATION,11.0
2016-08-23,1,CELEBRATION,7.0
2016-08-24,1,CELEBRATION,7.0
2016-08-25,1,CELEBRATION,9.0
2016-08-26,1,CELEBRATION,30.0
2016-08-27,1,CELEBRATION,19.0
2016-08-28,1,CELEBRATION,6.0
2016-08-29,1,CELEBRATION,11.0
2016-08-30,1,CELEBRATION,14.0
2016-08-31,1,CELEBRATION,13.0
2016-09-01,1,CELEBRATION,26.0
2016-09-02,1,CELEBRATION,17.0
2016-09-03,1,CELEBRATION,9.0
2016-09-04,1,CELEBRATION,6.0
2016-09-05,1,CELEBRATION,20.0
2016-09-06,1,CELEBRATION,12.0
2016-09-07,1,CELEBRATION,17.0
2016-09-08,1,CELEBRATION,24.0
2016-09-09,1,CELEBRATION,28.0
2016-09-10,1,CELEBRATION,16.0
2016-09-11,1,CELEBRATION,5.0
2016-09-12,1,CELEBRATION,9.0
2016-09-13,1,CELEBRATION,24.0
2016-09-14,1,CELEBRATION,14.0
2016-09-15,1,CELEBRATION,14.0
2016-09-16,1,CELEBRATION,29.0
2016-09-17,1,CELEBRATION,6.0
2016-09-18,1,CELEBRATION,1.0
2016-09-19,1,CELEBRATION,21.0
2016-09-20,1,CELEBRATION,42.0
2016-09-21,1,CELEBRATION,25.0
2016-09-22,1,CELEBRATION,23.0
2016-09-23,1,CELEBRATION,19.0
2016-09-24,1,CELEBRATION,15.0
2016-09-25,1,CELEBRATION,4.0
2016-09-26,1,CELEBRATION,10.0
2016-09-27,1,CELEBRATION,14.0
2016-09-28,1,CELEBRATION,14.0
2016-09-29,1,CELEBRATION,13.0
2016-09-30,1,CELEBRATION,23.0
2016-10-01,1,CELEBRATION,23.0
2016-10-02,1,CELEBRATION,3.0
2016-10-03,1,CELEBRATION,20.0
2016-10-04,1,CELEBRATION,32.0
2016-10-05,1,CELEBRATION,27.0
2016-10-06,1,CELEBRATION,37.0
2016-10-07,1,CELEBRATION,35.0
2016-10-08,1,CELEBRATION,20.0
2016-10-09,1,CELEBRATION,7.0
2016-10-10,1,CELEBRATION,9.0
2016-10-11,1,CELEBRATION,23.0
2016-10-12,1,CELEBRATION,20.0
2016-10-13,1,CELEBRATION,21.0
2016-10-14,1,CELEBRATION,18.0
2016-10-15,1,CELEBRATION,24.0
2016-10-16,1,CELEBRATION,1.0
2016-10-17,1,CELEBRATION,22.0
2016-10-18,1,CELEBRATION,8.0
2016-10-19,1,CELEBRATION,15.0
2016-10-20,1,CELEBRATION,25.0
2016-10-21,1,CELEBRATION,18.0
2016-10-22,1,CELEBRATION,20.0
2016-10-23,1,CELEBRATION,9.0
2016-10-24,1,CELEBRATION,16.0
2016-10-25,1,CELEBRATION,26.0
2016-10-26,1,CELEBRATION,27.0
2016-10-27,1,CELEBRATION,11.0
2016-10-28,1,CELEBRATION,17.0
2016-10-29,1,CELEBRATION,13.0
2016-10-30,1,CELEBRATION,2.0
2016-10-31,1,CELEBRATION,13.0
2016-11-01,1,CELEBRATION,9.0
2016-11-02,1,CELEBRATION,2.0
2016-11-03,1,CELEBRATION,5.0
2016-11-04,1,CELEBRATION,13.0
2016-11-05,1,CELEBRATION,7.0
2016-11-06,1,CELEBRATION,4.0
2016-11-07,1,CELEBRATION,15.0
2016-11-08,1,CELEBRATION,19.0
2016-11-09,1,CELEBRATION,16.0
2016-11-10,1,CELEBRATION,17.0
2016-11-11,1,CELEBRATION,20.0
2016-11-12,1,CELEBRATION,18.0
2016-11-13,1,CELEBRATION,3.0
2016-11-14,1,CELEBRATION,14.0
2016-11-15,1,CELEBRATION,18.0
2016-11-16,1,CELEBRATION,17.0
2016-11-17,1,CELEBRATION,6.0
2016-11-18,1,CELEBRATION,8.0
2016-11-19,1,CELEBRATION,18.0
2016-11-20,1,CELEBRATION,1.0
2016-11-21,1,CELEBRATION,25.0
2016-11-22,1,CELEBRATION,21.0
2016-11-23,1,CELEBRATION,29.0
2016-11-24,1,CELEBRATION,9.0
2016-11-25,1,CELEBRATION,30.0
2016-11-26,1,CELEBRATION,15.0
2016-11-27,1,CELEBRATION,1.0
2016-11-28,1,CELEBRATION,21.0
2016-11-29,1,CELEBRATION,15.0
2016-11-30,1,CELEBRATION,17.0
2016-12-01,1,CELEBRATION,12.0
2016-12-02,1,CELEBRATION,31.0
2016-12-03,1,CELEBRATION,23.0
2016-12-04,1,CELEBRATION,3.0
2016-12-05,1,CELEBRATION,16.0
2016-12-06,1,CELEBRATION,6.0
2016-12-07,1,CELEBRATION,24.0
2016-12-08,1,CELEBRATION,14.0
2016-12-09,1,CELEBRATION,29.0
2016-12-10,1,CELEBRATION,19.0
2016-12-11,1,CELEBRATION,6.0
2016-12-12,1,CELEBRATION,14.0
2016-12-13,1,CELEBRATION,24.0
2016-12-14,1,CELEBRATION,47.0
2016-12-15,1,CELEBRATION,24.0
2016-12-16,1,CELEBRATION,31.0
2016-12-17,1,CELEBRATION,22.0
2016-12-18,1,CELEBRATION,13.0
2016-12-19,1,CELEBRATION,44.0
2016-12-20,1,CELEBRATION,34.0
2016-12-21,1,CELEBRATION,65.0
2016-12-22,1,CELEBRATION,34.0
2016-12-23,1,CELEBRATION,16.0
2016-12-24,1,CELEBRATION,13.0
2016-12-26,1,CELEBRATION,2.0
2016-12-27,1,CELEBRATION,10.0
2016-12-28,1,CELEBRATION,8.0
2016-12-29,1,CELEBRATION,13.0
2016-12-30,1,CELEBRATION,12.0
2016-12-31,1,CELEBRATION,10.0
2017-01-01,1,CELEBRATION,0.0
2017-01-02,1,CELEBRATION,0.0
2017-01-03,1,CELEBRATION,15.0
2017-01-04,1,CELEBRATION,17.0
2017-01-05,1,CELEBRATION,40.0
2017-01-06,1,CELEBRATION,9.0
2017-01-07,1,CELEBRATION,14.0
2017-01-08,1,CELEBRATION,1.0
2017-01-09,1,CELEBRATION,21.0
2017-01-10,1,CELEBRATION,8.0
2017-01-11,1,CELEBRATION,10.0
2017-01-12,1,CELEBRATION,20.0
2017-01-13,1,CELEBRATION,12.0
2017-01-14,1,CELEBRATION,22.0
2017-01-15,1,CELEBRATION,5.0
2017-01-16,1,CELEBRATION,17.0
2017-01-17,1,CELEBRATION,12.0
2017-01-18,1,CELEBRATION,3.0
2017-01-19,1,CELEBRATION,16.0
2017-01-20,1,CELEBRATION,16.0
2017-01-21,1,CELEBRATION,11.0
2017-01-22,1,CELEBRATION,5.0
2017-01-23,1,CELEBRATION,13.0
2017-01-24,1,CELEBRATION,14.0
2017-01-25,1,CELEBRATION,19.0
2017-01-26,1,CELEBRATION,22.0
2017-01-27,1,CELEBRATION,29.0
2017-01-28,1,CELEBRATION,11.0
2017-01-29,1,CELEBRATION,2.0
2017-01-30,1,CELEBRATION,10.0
2017-01-31,1,CELEBRATION,11.0
2017-02-01,1,CELEBRATION,3.0
2017-02-02,1,CELEBRATION,22.0
2017-02-03,1,CELEBRATION,21.0
2017-02-04,1,CELEBRATION,23.0
2017-02-05,1,CELEBRATION,2.0
2017-02-06,1,CELEBRATION,7.0
2017-02-07,1,CELEBRATION,9.0
2017-02-08,1,CELEBRATION,25.0
2017-02-09,1,CELEBRATION,19.0
2017-02-10,1,CELEBRATION,33.0
2017-02-11,1,CELEBRATION,22.0
2017-02-12,1,CELEBRATION,6.0
2017-02-13,1,CELEBRATION,17.0
2017-02-14,1,CELEBRATION,23.0
2017-02-15,1,CELEBRATION,26.0
2017-02-16,1,CELEBRATION,18.0
2017-02-17,1,CELEBRATION,16.0
2017-02-18,1,CELEBRATION,13.0
2017-02-19,1,CELEBRATION,1.0
2017-02-20,1,CELEBRATION,6.0
2017-02-21,1,CELEBRATION,7.0
2017-02-22,1,CELEBRATION,12.0
2017-02-23,1,CELEBRATION,22.0
2017-02-24,1,CELEBRATION,9.0
2017-02-25,1,CELEBRATION,7.0
2017-02-26,1,CELEBRATION,0.0
2017-02-27,1,CELEBRATION,0.0
2017-02-28,1,CELEBRATION,7.0
2017-03-01,1,CELEBRATION,14.0
2017-03-02,1,CELEBRATION,22.0
2017-03-03,1,CELEBRATION,22.0
2017-03-04,1,CELEBRATION,7.0
2017-03-05,1,CELEBRATION,2.0
2017-03-06,1,CELEBRATION,14.0
2017-03-07,1,CELEBRATION,7.0
2017-03-08,1,CELEBRATION,17.0
2017-03-09,1,CELEBRATION,26.0
2017-03-10,1,CELEBRATION,22.0
2017-03-11,1,CELEBRATION,22.0
2017-03-12,1,CELEBRATION,6.0
2017-03-13,1,CELEBRATION,19.0
2017-03-14,1,CELEBRATION,18.0
2017-03-15,1,CELEBRATION,20.0
2017-03-16,1,CELEBRATION,6.0
2017-03-17,1,CELEBRATION,25.0
2017-03-18,1,CELEBRATION,18.0
2017-03-19,1,CELEBRATION,3.0
2017-03-20,1,CELEBRATION,7.0
2017-03-21,1,CELEBRATION,18.0
2017-03-22,1,CELEBRATION,28.0
2017-03-23,1,CELEBRATION,15.0
2017-03-24,1,CELEBRATION,20.0
2017-03-25,1,CELEBRATION,25.0
2017-03-26,1,CELEBRATION,2.0
2017-03-27,1,CELEBRATION,12.0
2017-03-28,1,CELEBRATION,20.0
2017-03-29,1,CELEBRATION,15.0
2017-03-30,1,CELEBRATION,17.0
2017-03-31,1,CELEBRATION,29.0
2017-04-01,1,CELEBRATION,14.0
2017-04-02,1,CELEBRATION,3.0
2017-04-03,1,CELEBRATION,11.0
2017-04-04,1,CELEBRATION,19.0
2017-04-05,1,CELEBRATION,18.0
2017-04-06,1,CELEBRATION,19.0
2017-04-07,1,CELEBRATION,28.0
2017-04-08,1,CELEBRATION,11.0
2017-04-09,1,CELEBRATION,3.0
2017-04-10,1,CELEBRATION,16.0
2017-04-11,1,CELEBRATION,22.0
2017-04-12,1,CELEBRATION,10.0
2017-04-13,1,CELEBRATION,25.0
2017-04-14,1,CELEBRATION,7.0
2017-04-15,1,CELEBRATION,4.0
2017-04-16,1,CELEBRATION,7.0
2017-04-17,1,CELEBRATION,14.0
2017-04-18,1,CELEBRATION,12.0
2017-04-19,1,CELEBRATION,18.0
2017-04-20,1,CELEBRATION,20.0
2017-04-21,1,CELEBRATION,24.0
2017-04-22,1,CELEBRATION,22.0
2017-04-23,1,CELEBRATION,6.0
2017-04-24,1,CELEBRATION,16.0
2017-04-25,1,CELEBRATION,22.0
2017-04-26,1,CELEBRATION,28.0
2017-04-27,1,CELEBRATION,16.0
2017-04-28,1,CELEBRATION,30.0
2017-04-29,1,CELEBRATION,20.0
2017-04-30,1,CELEBRATION,2.0
2017-05-01,1,CELEBRATION,2.0
2017-05-02,1,CELEBRATION,20.0
2017-05-03,1,CELEBRATION,22.0
2017-05-04,1,CELEBRATION,15.0
2017-05-05,1,CELEBRATION,15.0
2017-05-06,1,CELEBRATION,15.0
2017-05-07,1,CELEBRATION,6.0
2017-05-08,1,CELEBRATION,29.0
2017-05-09,1,CELEBRATION,18.0
2017-05-10,1,CELEBRATION,7.0
2017-05-11,1,CELEBRATION,38.0
2017-05-12,1,CELEBRATION,27.0
2017-05-13,1,CELEBRATION,15.0
2017-05-14,1,CELEBRATION,3.0
2017-05-15,1,CELEBRATION,13.0
2017-05-16,1,CELEBRATION,12.0
2017-05-17,1,CELEBRATION,29.0
2017-05-18,1,CELEBRATION,12.0
2017-05-19,1,CELEBRATION,24.0
2017-05-20,1,CELEBRATION,7.0
2017-05-21,1,CELEBRATION,1.0
2017-05-22,1,CELEBRATION,16.0
2017-05-23,1,CELEBRATION,8.0
2017-05-24,1,CELEBRATION,11.0
2017-05-25,1,CELEBRATION,18.0
2017-05-26,1,CELEBRATION,7.0
2017-05-27,1,CELEBRATION,10.0
2017-05-28,1,CELEBRATION,1.0
2017-05-29,1,CELEBRATION,13.0
2017-05-30,1,CELEBRATION,17.0
2017-05-31,1,CELEBRATION,29.0
2017-06-01,1,CELEBRATION,34.0
2017-06-02,1,CELEBRATION,25.0
2017-06-03,1,CELEBRATION,15.0
2017-06-04,1,CELEBRATION,2.0
2017-06-05,1,CELEBRATION,5.0
2017-06-06,1,CELEBRATION,19.0
2017-06-07,1,CELEBRATION,17.0
2017-06-08,1,CELEBRATION,13.0
2017-06-09,1,CELEBRATION,21.0
2017-06-10,1,CELEBRATION,10.0
2017-06-11,1,CELEBRATION,4.0
2017-06-12,1,CELEBRATION,19.0
2017-06-13,1,CELEBRATION,11.0
2017-06-14,1,CELEBRATION,19.0
2017-06-15,1,CELEBRATION,33.0
2017-06-16,1,CELEBRATION,27.0
2017-06-17,1,CELEBRATION,17.0
2017-06-18,1,CELEBRATION,7.0
2017-06-19,1,CELEBRATION,15.0
2017-06-20,1,CELEBRATION,13.0
2017-06-21,1,CELEBRATION,10.0
2017-06-22,1,CELEBRATION,18.0
2017-06-23,1,CELEBRATION,39.0
2017-06-24,1,CELEBRATION,5.0
2017-06-25,1,CELEBRATION,9.0
2017-06-26,1,CELEBRATION,12.0
2017-06-27,1,CELEBRATION,22.0
2017-06-28,1,CELEBRATION,20.0
2017-06-29,1,CELEBRATION,14.0
2017-06-30,1,CELEBRATION,26.0
2017-07-01,1,CELEBRATION,10.0
2017-07-02,1,CELEBRATION,8.0
2017-07-03,1,CELEBRATION,15.0
2017-07-04,1,CELEBRATION,36.0
2017-07-05,1,CELEBRATION,11.0
2017-07-06,1,CELEBRATION,14.0
2017-07-07,1,CELEBRATION,12.0
2017-07-08,1,CELEBRATION,5.0
2017-07-09,1,CELEBRATION,6.0
2017-07-10,1,CELEBRATION,46.0
2017-07-11,1,CELEBRATION,14.0
2017-07-12,1,CELEBRATION,11.0
2017-07-13,1,CELEBRATION,19.0
2017-07-14,1,CELEBRATION,26.0
2017-07-15,1,CELEBRATION,23.0
2017-07-16,1,CELEBRATION,9.0
2017-07-17,1,CELEBRATION,8.0
2017-07-18,1,CELEBRATION,11.0
2017-07-19,1,CELEBRATION,12.0
2017-07-20,1,CELEBRATION,15.0
2017-07-21,1,CELEBRATION,35.0
2017-07-22,1,CELEBRATION,26.0
2017-07-23,1,CELEBRATION,0.0
2017-07-24,1,CELEBRATION,22.0
2017-07-25,1,CELEBRATION,21.0
2017-07-26,1,CELEBRATION,16.0
2017-07-27,1,CELEBRATION,21.0
2017-07-28,1,CELEBRATION,20.0
2017-07-29,1,CELEBRATION,6.0
2017-07-30,1,CELEBRATION,0.0
2017-07-31,1,CELEBRATION,3.0
2017-08-01,1,CELEBRATION,11.0
2017-08-02,1,CELEBRATION,7.0
2017-08-03,1,CELEBRATION,10.0
2017-08-04,1,CELEBRATION,24.0
2017-08-05,1,CELEBRATION,12.0
2017-08-06,1,CELEBRATION,2.0
2017-08-07,1,CELEBRATION,18.0
2017-08-08,1,CELEBRATION,11.0
2017-08-09,1,CELEBRATION,12.0
2017-08-10,1,CELEBRATION,17.0
2017-08-11,1,CELEBRATION,4.0
2017-08-12,1,CELEBRATION,3.0
2017-08-13,1,CELEBRATION,1.0
2017-08-14,1,CELEBRATION,4.0
2017-08-15,1,CELEBRATION,21.0
2016-01-01,1,CLEANING,0.0
2016-01-02,1,CLEANING,526.0
2016-01-03,1,CLEANING,293.0
2016-01-04,1,CLEANING,938.0
2016-01-05,1,CLEANING,846.0
2016-01-06,1,CLEANING,1224.0
2016-01-07,1,CLEANING,838.0
2016-01-08,1,CLEANING,877.0
2016-01-09,1,CLEANING,689.0
2016-01-10,1,CLEANING,274.0
2016-01-11,1,CLEANING,706.0
2016-01-12,1,CLEANING,808.0
2016-01-13,1,CLEANING,740.0
2016-01-14,1,CLEANING,1351.0
2016-01-15,1,CLEANING,754.0
2016-01-16,1,CLEANING,750.0
2016-01-17,1,CLEANING,278.0
2016-01-18,1,CLEANING,752.0
2016-01-19,1,CLEANING,680.0
2016-01-20,1,CLEANING,844.0
2016-01-21,1,CLEANING,621.0
2016-01-22,1,CLEANING,812.0
2016-01-23,1,CLEANING,674.0
2016-01-24,1,CLEANING,256.0
2016-01-25,1,CLEANING,748.0
2016-01-26,1,CLEANING,626.0
2016-01-27,1,CLEANING,776.0
2016-01-28,1,CLEANING,665.0
2016-01-29,1,CLEANING,669.0
2016-01-30,1,CLEANING,821.0
2016-01-31,1,CLEANING,286.0
2016-02-01,1,CLEANING,768.0
2016-02-02,1,CLEANING,746.0
2016-02-03,1,CLEANING,1086.0
2016-02-04,1,CLEANING,879.0
2016-02-05,1,CLEANING,872.0
2016-02-06,1,CLEANING,585.0
2016-02-07,1,CLEANING,164.0
2016-02-08,1,CLEANING,181.0
2016-02-09,1,CLEANING,223.0
2016-02-10,1,CLEANING,739.0
2016-02-11,1,CLEANING,775.0
2016-02-12,1,CLEANING,746.0
2016-02-13,1,CLEANING,651.0
2016-02-14,1,CLEANING,218.0
2016-02-15,1,CLEANING,697.0
2016-02-16,1,CLEANING,794.0
2016-02-17,1,CLEANING,783.0
2016-02-18,1,CLEANING,658.0
2016-02-19,1,CLEANING,754.0
2016-02-20,1,CLEANING,651.0
2016-02-21,1,CLEANING,273.0
2016-02-22,1,CLEANING,641.0
2016-02-23,1,CLEANING,690.0
2016-02-24,1,CLEANING,681.0
2016-02-25,1,CLEANING,581.0
2016-02-26,1,CLEANING,699.0
2016-02-27,1,CLEANING,635.0
2016-02-28,1,CLEANING,193.0
2016-02-29,1,CLEANING,648.0
2016-03-01,1,CLEANING,826.0
2016-03-02,1,CLEANING,883.0
2016-03-03,1,CLEANING,602.0
2016-03-04,1,CLEANING,851.0
2016-03-05,1,CLEANING,739.0
2016-03-06,1,CLEANING,320.0
2016-03-07,1,CLEANING,627.0
2016-03-08,1,CLEANING,609.0
2016-03-09,1,CLEANING,744.0
2016-03-10,1,CLEANING,682.0
2016-03-11,1,CLEANING,759.0
2016-03-12,1,CLEANING,615.0
2016-03-13,1,CLEANING,245.0
2016-03-14,1,CLEANING,607.0
2016-03-15,1,CLEANING,788.0
2016-03-16,1,CLEANING,867.0
2016-03-17,1,CLEANING,546.0
2016-03-18,1,CLEANING,572.0
2016-03-19,1,CLEANING,670.0
2016-03-20,1,CLEANING,289.0
2016-03-21,1,CLEANING,621.0
2016-03-22,1,CLEANING,598.0
2016-03-23,1,CLEANING,701.0
2016-03-24,1,CLEANING,717.0
2016-03-25,1,CLEANING,239.0
2016-03-26,1,CLEANING,417.0
2016-03-27,1,CLEANING,224.0
2016-03-28,1,CLEANING,602.0
2016-03-29,1,CLEANING,685.0
2016-03-30,1,CLEANING,738.0
2016-03-31,1,CLEANING,744.0
2016-04-01,1,CLEANING,1017.0
2016-04-02,1,CLEANING,727.0
2016-04-03,1,CLEANING,337.0
2016-04-04,1,CLEANING,763.0
2016-04-05,1,CLEANING,840.0
2016-04-06,1,CLEANING,898.0
2016-04-07,1,CLEANING,784.0
2016-04-08,1,CLEANING,731.0
2016-04-09,1,CLEANING,550.0
2016-04-10,1,CLEANING,264.0
2016-04-11,1,CLEANING,554.0
2016-04-12,1,CLEANING,740.0
2016-04-13,1,CLEANING,747.0
2016-04-14,1,CLEANING,678.0
2016-04-15,1,CLEANING,827.0
2016-04-16,1,CLEANING,642.0
2016-04-17,1,CLEANING,358.0
2016-04-18,1,CLEANING,1659.0
2016-04-19,1,CLEANING,1382.0
2016-04-20,1,CLEANING,1284.0
2016-04-21,1,CLEANING,857.0
2016-04-22,1,CLEANING,958.0
2016-04-23,1,CLEANING,683.0
2016-04-24,1,CLEANING,279.0
2016-04-25,1,CLEANING,637.0
2016-04-26,1,CLEANING,722.0
2016-04-27,1,CLEANING,789.0
2016-04-28,1,CLEANING,732.0
2016-04-29,1,CLEANING,801.0
2016-04-30,1,CLEANING,689.0
2016-05-01,1,CLEANING,293.0
2016-05-02,1,CLEANING,671.0
2016-05-03,1,CLEANING,839.0
2016-05-04,1,CLEANING,882.0
2016-05-05,1,CLEANING,765.0
2016-05-06,1,CLEANING,937.0
2016-05-07,1,CLEANING,777.0
2016-05-08,1,CLEANING,209.0
2016-05-09,1,CLEANING,692.0
2016-05-10,1,CLEANING,585.0
2016-05-11,1,CLEANING,838.0
2016-05-12,1,CLEANING,671.0
2016-05-13,1,CLEANING,694.0
2016-05-14,1,CLEANING,648.0
2016-05-15,1,CLEANING,280.0
2016-05-16,1,CLEANING,851.0
2016-05-17,1,CLEANING,780.0
2016-05-18,1,CLEANING,709.0
2016-05-19,1,CLEANING,586.0
2016-05-20,1,CLEANING,842.0
2016-05-21,1,CLEANING,711.0
2016-05-22,1,CLEANING,242.0
2016-05-23,1,CLEANING,587.0
2016-05-24,1,CLEANING,557.0
2016-05-25,1,CLEANING,845.0
2016-05-26,1,CLEANING,645.0
2016-05-27,1,CLEANING,269.0
2016-05-28,1,CLEANING,472.0
2016-05-29,1,CLEANING,302.0
2016-05-30,1,CLEANING,732.0
2016-05-31,1,CLEANING,939.0
2016-06-01,1,CLEANING,827.0
2016-06-02,1,CLEANING,767.0
2016-06-03,1,CLEANING,961.0
2016-06-04,1,CLEANING,655.0
2016-06-05,1,CLEANING,260.0
2016-06-06,1,CLEANING,720.0
2016-06-07,1,CLEANING,815.0
2016-06-08,1,CLEANING,783.0
2016-06-09,1,CLEANING,556.0
2016-06-10,1,CLEANING,679.0
2016-06-11,1,CLEANING,553.0
2016-06-12,1,CLEANING,239.0
2016-06-13,1,CLEANING,558.0
2016-06-14,1,CLEANING,565.0
2016-06-15,1,CLEANING,837.0
2016-06-16,1,CLEANING,692.0
2016-06-17,1,CLEANING,794.0
2016-06-18,1,CLEANING,639.0
2016-06-19,1,CLEANING,251.0
2016-06-20,1,CLEANING,645.0
2016-06-21,1,CLEANING,602.0
2016-06-22,1,CLEANING,716.0
2016-06-23,1,CLEANING,667.0
2016-06-24,1,CLEANING,683.0
2016-06-25,1,CLEANING,626.0
2016-06-26,1,CLEANING,261.0
2016-06-27,1,CLEANING,759.0
2016-06-28,1,CLEANING,828.0
2016-06-29,1,CLEANING,694.0
2016-06-30,1,CLEANING,670.0
2016-07-01,1,CLEANING,942.0
2016-07-02,1,CLEANING,730.0
2016-07-03,1,CLEANING,306.0
2016-07-04,1,CLEANING,925.0
2016-07-05,1,CLEANING,807.0
2016-07-06,1,CLEANING,957.0
2016-07-07,1,CLEANING,659.0
2016-07-08,1,CLEANING,823.0
2016-07-09,1,CLEANING,596.0
2016-07-10,1,CLEANING,245.0
2016-07-11,1,CLEANING,634.0
2016-07-12,1,CLEANING,686.0
2016-07-13,1,CLEANING,958.0
2016-07-14,1,CLEANING,591.0
2016-07-15,1,CLEANING,847.0
2016-07-16,1,CLEANING,623.0
2016-07-17,1,CLEANING,274.0
2016-07-18,1,CLEANING,731.0
2016-07-19,1,CLEANING,601.0
2016-07-20,1,CLEANING,749.0
2016-07-21,1,CLEANING,686.0
2016-07-22,1,CLEANING,776.0
2016-07-23,1,CLEANING,551.0
2016-07-24,1,CLEANING,285.0
2016-07-25,1,CLEANING,671.0
2016-07-26,1,CLEANING,672.0
2016-07-27,1,CLEANING,806.0
2016-07-28,1,CLEANING,742.0
2016-07-29,1,CLEANING,612.0
2016-07-30,1,CLEANING,690.0
2016-07-31,1,CLEANING,261.0
2016-08-01,1,CLEANING,894.0
2016-08-02,1,CLEANING,668.0
2016-08-03,1,CLEANING,1063.0
2016-08-04,1,CLEANING,752.0
2016-08-05,1,CLEANING,780.0
2016-08-06,1,CLEANING,610.0
2016-08-07,1,CLEANING,230.0
2016-08-08,1,CLEANING,660.0
2016-08-09,1,CLEANING,760.0
2016-08-10,1,CLEANING,785.0
2016-08-11,1,CLEANING,567.0
2016-08-12,1,CLEANING,320.0
2016-08-13,1,CLEANING,418.0
2016-08-14,1,CLEANING,186.0
2016-08-15,1,CLEANING,840.0
2016-08-16,1,CLEANING,626.0
2016-08-17,1,CLEANING,848.0
2016-08-18,1,CLEANING,579.0
2016-08-19,1,CLEANING,707.0
2016-08-20,1,CLEANING,574.0
2016-08-21,1,CLEANING,191.0
2016-08-22,1,CLEANING,550.0
2016-08-23,1,CLEANING,707.0
2016-08-24,1,CLEANING,689.0
2016-08-25,1,CLEANING,640.0
2016-08-26,1,CLEANING,707.0
2016-08-27,1,CLEANING,549.0
2016-08-28,1,CLEANING,240.0
2016-08-29,1,CLEANING,541.0
2016-08-30,1,CLEANING,503.0
2016-08-31,1,CLEANING,811.0
2016-09-01,1,CLEANING,814.0
2016-09-02,1,CLEANING,832.0
2016-09-03,1,CLEANING,711.0
2016-09-04,1,CLEANING,310.0
2016-09-05,1,CLEANING,754.0
2016-09-06,1,CLEANING,675.0
2016-09-07,1,CLEANING,839.0
2016-09-08,1,CLEANING,727.0
2016-09-09,1,CLEANING,677.0
2016-09-10,1,CLEANING,638.0
2016-09-11,1,CLEANING,230.0
2016-09-12,1,CLEANING,805.0
2016-09-13,1,CLEANING,688.0
2016-09-14,1,CLEANING,761.0
2016-09-15,1,CLEANING,662.0
2016-09-16,1,CLEANING,832.0
2016-09-17,1,CLEANING,602.0
2016-09-18,1,CLEANING,243.0
2016-09-19,1,CLEANING,742.0
2016-09-20,1,CLEANING,776.0
2016-09-21,1,CLEANING,787.0
2016-09-22,1,CLEANING,626.0
2016-09-23,1,CLEANING,718.0
2016-09-24,1,CLEANING,545.0
2016-09-25,1,CLEANING,268.0
2016-09-26,1,CLEANING,652.0
2016-09-27,1,CLEANING,551.0
2016-09-28,1,CLEANING,753.0
2016-09-29,1,CLEANING,542.0
2016-09-30,1,CLEANING,819.0
2016-10-01,1,CLEANING,768.0
2016-10-02,1,CLEANING,343.0
2016-10-03,1,CLEANING,833.0
2016-10-04,1,CLEANING,778.0
2016-10-05,1,CLEANING,1008.0
2016-10-06,1,CLEANING,692.0
2016-10-07,1,CLEANING,700.0
2016-10-08,1,CLEANING,698.0
2016-10-09,1,CLEANING,294.0
2016-10-10,1,CLEANING,675.0
2016-10-11,1,CLEANING,625.0
2016-10-12,1,CLEANING,818.0
2016-10-13,1,CLEANING,596.0
2016-10-14,1,CLEANING,731.0
2016-10-15,1,CLEANING,603.0
2016-10-16,1,CLEANING,324.0
2016-10-17,1,CLEANING,813.0
2016-10-18,1,CLEANING,827.0
2016-10-19,1,CLEANING,787.0
2016-10-20,1,CLEANING,639.0
2016-10-21,1,CLEANING,747.0
2016-10-22,1,CLEANING,714.0
2016-10-23,1,CLEANING,301.0
2016-10-24,1,CLEANING,604.0
2016-10-25,1,CLEANING,712.0
2016-10-26,1,CLEANING,732.0
2016-10-27,1,CLEANING,716.0
2016-10-28,1,CLEANING,766.0
2016-10-29,1,CLEANING,630.0
2016-10-30,1,CLEANING,325.0
2016-10-31,1,CLEANING,625.0
2016-11-01,1,CLEANING,889.0
2016-11-02,1,CLEANING,282.0
2016-11-03,1,CLEANING,244.0
2016-11-04,1,CLEANING,456.0
2016-11-05,1,CLEANING,452.0
2016-11-06,1,CLEANING,262.0
2016-11-07,1,CLEANING,794.0
2016-11-08,1,CLEANING,887.0
2016-11-09,1,CLEANING,1275.0
2016-11-10,1,CLEANING,680.0
2016-11-11,1,CLEANING,813.0
2016-11-12,1,CLEANING,639.0
2016-11-13,1,CLEANING,281.0
2016-11-14,1,CLEANING,703.0
2016-11-15,1,CLEANING,726.0
2016-11-16,1,CLEANING,916.0
2016-11-17,1,CLEANING,647.0
2016-11-18,1,CLEANING,639.0
2016-11-19,1,CLEANING,696.0
2016-11-20,1,CLEANING,251.0
2016-11-21,1,CLEANING,770.0
2016-11-22,1,CLEANING,643.0
2016-11-23,1,CLEANING,744.0
2016-11-24,1,CLEANING,644.0
2016-11-25,1,CLEANING,751.0
2016-11-26,1,CLEANING,581.0
2016-11-27,1,CLEANING,261.0
2016-11-28,1,CLEANING,699.0
2016-11-29,1,CLEANING,632.0
2016-11-30,1,CLEANING,806.0
2016-12-01,1,CLEANING,818.0
2016-12-02,1,CLEANING,960.0
2016-12-03,1,CLEANING,601.0
2016-12-04,1,CLEANING,316.0
2016-12-05,1,CLEANING,632.0
2016-12-06,1,CLEANING,260.0
2016-12-07,1,CLEANING,977.0
2016-12-08,1,CLEANING,719.0
2016-12-09,1,CLEANING,940.0
2016-12-10,1,CLEANING,616.0
2016-12-11,1,CLEANING,312.0
2016-12-12,1,CLEANING,804.0
2016-12-13,1,CLEANING,919.0
2016-12-14,1,CLEANING,867.0
2016-12-15,1,CLEANING,715.0
2016-12-16,1,CLEANING,805.0
2016-12-17,1,CLEANING,703.0
2016-12-18,1,CLEANING,487.0
2016-12-19,1,CLEANING,823.0
2016-12-20,1,CLEANING,847.0
2016-12-21,1,CLEANING,979.0
2016-12-22,1,CLEANING,882.0
2016-12-23,1,CLEANING,837.0
2016-12-24,1,CLEANING,620.0
2016-12-26,1,CLEANING,234.0
2016-12-27,1,CLEANING,876.0
2016-12-28,1,CLEANING,791.0
2016-12-29,1,CLEANING,634.0
2016-12-30,1,CLEANING,916.0
2016-12-31,1,CLEANING,518.0
2017-01-01,1,CLEANING,0.0
2017-01-02,1,CLEANING,332.0
2017-01-03,1,CLEANING,952.0
2017-01-04,1,CLEANING,1055.0
2017-01-05,1,CLEANING,918.0
2017-01-06,1,CLEANING,799.0
2017-01-07,1,CLEANING,767.0
2017-01-08,1,CLEANING,345.0
2017-01-09,1,CLEANING,878.0
2017-01-10,1,CLEANING,920.0
2017-01-11,1,CLEANING,947.0
2017-01-12,1,CLEANING,686.0
2017-01-13,1,CLEANING,778.0
2017-01-14,1,CLEANING,637.0
2017-01-15,1,CLEANING,280.0
2017-01-16,1,CLEANING,766.0
2017-01-17,1,CLEANING,1030.0
2017-01-18,1,CLEANING,861.0
2017-01-19,1,CLEANING,676.0
2017-01-20,1,CLEANING,672.0
2017-01-21,1,CLEANING,650.0
2017-01-22,1,CLEANING,267.0
2017-01-23,1,CLEANING,852.0
2017-01-24,1,CLEANING,738.0
2017-01-25,1,CLEANING,750.0
2017-01-26,1,CLEANING,693.0
2017-01-27,1,CLEANING,738.0
2017-01-28,1,CLEANING,605.0
2017-01-29,1,CLEANING,302.0
2017-01-30,1,CLEANING,580.0
2017-01-31,1,CLEANING,679.0
2017-02-01,1,CLEANING,1070.0
2017-02-02,1,CLEANING,703.0
2017-02-03,1,CLEANING,702.0
2017-02-04,1,CLEANING,763.0
2017-02-05,1,CLEANING,234.0
2017-02-06,1,CLEANING,650.0
2017-02-07,1,CLEANING,757.0
2017-02-08,1,CLEANING,811.0
2017-02-09,1,CLEANING,666.0
2017-02-10,1,CLEANING,789.0
2017-02-11,1,CLEANING,848.0
2017-02-12,1,CLEANING,298.0
2017-02-13,1,CLEANING,725.0
2017-02-14,1,CLEANING,640.0
2017-02-15,1,CLEANING,828.0
2017-02-16,1,CLEANING,668.0
2017-02-17,1,CLEANING,765.0
2017-02-18,1,CLEANING,691.0
2017-02-19,1,CLEANING,225.0
2017-02-20,1,CLEANING,645.0
2017-02-21,1,CLEANING,753.0
2017-02-22,1,CLEANING,820.0
2017-02-23,1,CLEANING,662.0
2017-02-24,1,CLEANING,682.0
2017-02-25,1,CLEANING,651.0
2017-02-26,1,CLEANING,220.0
2017-02-27,1,CLEANING,145.0
2017-02-28,1,CLEANING,309.0
2017-03-01,1,CLEANING,1029.0
2017-03-02,1,CLEANING,924.0
2017-03-03,1,CLEANING,903.0
2017-03-04,1,CLEANING,752.0
2017-03-05,1,CLEANING,250.0
2017-03-06,1,CLEANING,819.0
2017-03-07,1,CLEANING,1234.0
2017-03-08,1,CLEANING,720.0
2017-03-09,1,CLEANING,677.0
2017-03-10,1,CLEANING,733.0
2017-03-11,1,CLEANING,661.0
2017-03-12,1,CLEANING,317.0
2017-03-13,1,CLEANING,655.0
2017-03-14,1,CLEANING,659.0
2017-03-15,1,CLEANING,1001.0
2017-03-16,1,CLEANING,727.0
2017-03-17,1,CLEANING,923.0
2017-03-18,1,CLEANING,607.0
2017-03-19,1,CLEANING,285.0
2017-03-20,1,CLEANING,606.0
2017-03-21,1,CLEANING,892.0
2017-03-22,1,CLEANING,806.0
2017-03-23,1,CLEANING,712.0
2017-03-24,1,CLEANING,805.0
2017-03-25,1,CLEANING,690.0
2017-03-26,1,CLEANING,275.0
2017-03-27,1,CLEANING,668.0
2017-03-28,1,CLEANING,674.0
2017-03-29,1,CLEANING,818.0
2017-03-30,1,CLEANING,666.0
2017-03-31,1,CLEANING,772.0
2017-04-01,1,CLEANING,858.0
2017-04-02,1,CLEANING,281.0
2017-04-03,1,CLEANING,801.0
2017-04-04,1,CLEANING,673.0
2017-04-05,1,CLEANING,1057.0
2017-04-06,1,CLEANING,756.0
2017-04-07,1,CLEANING,776.0
2017-04-08,1,CLEANING,657.0
2017-04-09,1,CLEANING,251.0
2017-04-10,1,CLEANING,560.0
2017-04-11,1,CLEANING,769.0
2017-04-12,1,CLEANING,773.0
2017-04-13,1,CLEANING,574.0
2017-04-14,1,CLEANING,184.0
2017-04-15,1,CLEANING,429.0
2017-04-16,1,CLEANING,228.0
2017-04-17,1,CLEANING,851.0
2017-04-18,1,CLEANING,661.0
2017-04-19,1,CLEANING,794.0
2017-04-20,1,CLEANING,696.0
2017-04-21,1,CLEANING,871.0
2017-04-22,1,CLEANING,701.0
2017-04-23,1,CLEANING,253.0
2017-04-24,1,CLEANING,648.0
2017-04-25,1,CLEANING,655.0
2017-04-26,1,CLEANING,972.0
2017-04-27,1,CLEANING,614.0
2017-04-28,1,CLEANING,737.0
2017-04-29,1,CLEANING,638.0
2017-04-30,1,CLEANING,208.0
2017-05-01,1,CLEANING,227.0
2017-05-02,1,CLEANING,1061.0
2017-05-03,1,CLEANING,1117.0
2017-05-04,1,CLEANING,956.0
2017-05-05,1,CLEANING,829.0
2017-05-06,1,CLEANING,688.0
2017-05-07,1,CLEANING,266.0
2017-05-08,1,CLEANING,728.0
2017-05-09,1,CLEANING,891.0
2017-05-10,1,CLEANING,945.0
2017-05-11,1,CLEANING,594.0
2017-05-12,1,CLEANING,764.0
2017-05-13,1,CLEANING,721.0
2017-05-14,1,CLEANING,152.0
2017-05-15,1,CLEANING,662.0
2017-05-16,1,CLEANING,785.0
2017-05-17,1,CLEANING,841.0
2017-05-18,1,CLEANING,669.0
2017-05-19,1,CLEANING,826.0
2017-05-20,1,CLEANING,588.0
2017-05-21,1,CLEANING,243.0
2017-05-22,1,CLEANING,712.0
2017-05-23,1,CLEANING,822.0
2017-05-24,1,CLEANING,944.0
2017-05-25,1,CLEANING,706.0
2017-05-26,1,CLEANING,303.0
2017-05-27,1,CLEANING,462.0
2017-05-28,1,CLEANING,272.0
2017-05-29,1,CLEANING,656.0
2017-05-30,1,CLEANING,681.0
2017-05-31,1,CLEANING,857.0
2017-06-01,1,CLEANING,683.0
2017-06-02,1,CLEANING,830.0
2017-06-03,1,CLEANING,621.0
2017-06-04,1,CLEANING,253.0
2017-06-05,1,CLEANING,680.0
2017-06-06,1,CLEANING,832.0
2017-06-07,1,CLEANING,892.0
2017-06-08,1,CLEANING,610.0
2017-06-09,1,CLEANING,845.0
2017-06-10,1,CLEANING,638.0
2017-06-11,1,CLEANING,259.0
2017-06-12,1,CLEANING,570.0
2017-06-13,1,CLEANING,754.0
2017-06-14,1,CLEANING,808.0
2017-06-15,1,CLEANING,672.0
2017-06-16,1,CLEANING,851.0
2017-06-17,1,CLEANING,554.0
2017-06-18,1,CLEANING,197.0
2017-06-19,1,CLEANING,674.0
2017-06-20,1,CLEANING,773.0
2017-06-21,1,CLEANING,780.0
2017-06-22,1,CLEANING,816.0
2017-06-23,1,CLEANING,872.0
2017-06-24,1,CLEANING,698.0
2017-06-25,1,CLEANING,290.0
2017-06-26,1,CLEANING,698.0
2017-06-27,1,CLEANING,727.0
2017-06-28,1,CLEANING,790.0
2017-06-29,1,CLEANING,709.0
2017-06-30,1,CLEANING,813.0
2017-07-01,1,CLEANING,777.0
2017-07-02,1,CLEANING,272.0
2017-07-03,1,CLEANING,734.0
2017-07-04,1,CLEANING,784.0
2017-07-05,1,CLEANING,879.0
2017-07-06,1,CLEANING,719.0
2017-07-07,1,CLEANING,751.0
2017-07-08,1,CLEANING,700.0
2017-07-09,1,CLEANING,268.0
2017-07-10,1,CLEANING,772.0
2017-07-11,1,CLEANING,754.0
2017-07-12,1,CLEANING,826.0
2017-07-13,1,CLEANING,615.0
2017-07-14,1,CLEANING,766.0
2017-07-15,1,CLEANING,621.0
2017-07-16,1,CLEANING,231.0
2017-07-17,1,CLEANING,704.0
2017-07-18,1,CLEANING,647.0
2017-07-19,1,CLEANING,860.0
2017-07-20,1,CLEANING,772.0
2017-07-21,1,CLEANING,879.0
2017-07-22,1,CLEANING,732.0
2017-07-23,1,CLEANING,276.0
2017-07-24,1,CLEANING,646.0
2017-07-25,1,CLEANING,644.0
2017-07-26,1,CLEANING,727.0
2017-07-27,1,CLEANING,660.0
2017-07-28,1,CLEANING,714.0
2017-07-29,1,CLEANING,667.0
2017-07-30,1,CLEANING,238.0
2017-07-31,1,CLEANING,678.0
2017-08-01,1,CLEANING,867.0
2017-08-02,1,CLEANING,942.0
2017-08-03,1,CLEANING,622.0
2017-08-04,1,CLEANING,729.0
2017-08-05,1,CLEANING,442.0
2017-08-06,1,CLEANING,233.0
2017-08-07,1,CLEANING,741.0
2017-08-08,1,CLEANING,767.0
2017-08-09,1,CLEANING,651.0
2017-08-10,1,CLEANING,696.0
2017-08-11,1,CLEANING,341.0
2017-08-12,1,CLEANING,351.0
2017-08-13,1,CLEANING,169.0
2017-08-14,1,CLEANING,571.0
2017-08-15,1,CLEANING,703.0
2016-01-01,1,DAIRY,0.0
2016-01-02,1,DAIRY,627.0
2016-01-03,1,DAIRY,382.0
2016-01-04,1,DAIRY,983.0
2016-01-05,1,DAIRY,932.0
2016-01-06,1,DAIRY,1143.0
2016-01-07,1,DAIRY,697.0
2016-01-08,1,DAIRY,821.0
2016-01-09,1,DAIRY,844.0
2016-01-10,1,DAIRY,368.0
2016-01-11,1,DAIRY,802.0
2016-01-12,1,DAIRY,809.0
2016-01-13,1,DAIRY,848.0
2016-01-14,1,DAIRY,808.0
2016-01-15,1,DAIRY,757.0
2016-01-16,1,DAIRY,872.0
2016-01-17,1,DAIRY,444.0
2016-01-18,1,DAIRY,875.0
2016-01-19,1,DAIRY,762.0
2016-01-20,1,DAIRY,960.0
2016-01-21,1,DAIRY,576.0
2016-01-22,1,DAIRY,888.0
2016-01-23,1,DAIRY,778.0
2016-01-24,1,DAIRY,353.0
2016-01-25,1,DAIRY,805.0
2016-01-26,1,DAIRY,741.0
2016-01-27,1,DAIRY,893.0
2016-01-28,1,DAIRY,709.0
2016-01-29,1,DAIRY,761.0
2016-01-30,1,DAIRY,821.0
2016-01-31,1,DAIRY,415.0
2016-02-01,1,DAIRY,809.0
2016-02-02,1,DAIRY,771.0
2016-02-03,1,DAIRY,902.0
2016-02-04,1,DAIRY,685.0
2016-02-05,1,DAIRY,821.0
2016-02-06,1,DAIRY,685.0
2016-02-07,1,DAIRY,201.0
2016-02-08,1,DAIRY,225.0
2016-02-09,1,DAIRY,327.0
2016-02-10,1,DAIRY,934.0
2016-02-11,1,DAIRY,747.0
2016-02-12,1,DAIRY,894.0
2016-02-13,1,DAIRY,808.0
2016-02-14,1,DAIRY,367.0
2016-02-15,1,DAIRY,745.0
2016-02-16,1,DAIRY,758.0
2016-02-17,1,DAIRY,944.0
2016-02-18,1,DAIRY,647.0
2016-02-19,1,DAIRY,797.0
2016-02-20,1,DAIRY,888.0
2016-02-21,1,DAIRY,370.0
2016-02-22,1,DAIRY,777.0
2016-02-23,1,DAIRY,697.0
2016-02-24,1,DAIRY,911.0
2016-02-25,1,DAIRY,621.0
2016-02-26,1,DAIRY,803.0
2016-02-27,1,DAIRY,851.0
2016-02-28,1,DAIRY,355.0
2016-02-29,1,DAIRY,776.0
2016-03-01,1,DAIRY,838.0
2016-03-02,1,DAIRY,921.0
2016-03-03,1,DAIRY,752.0
2016-03-04,1,DAIRY,862.0
2016-03-05,1,DAIRY,925.0
2016-03-06,1,DAIRY,404.0
2016-03-07,1,DAIRY,789.0
2016-03-08,1,DAIRY,641.0
2016-03-09,1,DAIRY,902.0
2016-03-10,1,DAIRY,689.0
2016-03-11,1,DAIRY,839.0
2016-03-12,1,DAIRY,861.0
2016-03-13,1,DAIRY,438.0
2016-03-14,1,DAIRY,782.0
2016-03-15,1,DAIRY,630.0
2016-03-16,1,DAIRY,923.0
2016-03-17,1,DAIRY,708.0
2016-03-18,1,DAIRY,835.0
2016-03-19,1,DAIRY,924.0
2016-03-20,1,DAIRY,378.0
2016-03-21,1,DAIRY,756.0
2016-03-22,1,DAIRY,750.0
2016-03-23,1,DAIRY,993.0
2016-03-24,1,DAIRY,963.0
2016-03-25,1,DAIRY,317.0
2016-03-26,1,DAIRY,550.0
2016-03-27,1,DAIRY,313.0
2016-03-28,1,DAIRY,796.0
2016-03-29,1,DAIRY,765.0
2016-03-30,1,DAIRY,851.0
2016-03-31,1,DAIRY,668.0
2016-04-01,1,DAIRY,868.0
2016-04-02,1,DAIRY,895.0
2016-04-03,1,DAIRY,418.0
2016-04-04,1,DAIRY,839.0
2016-04-05,1,DAIRY,827.0
2016-04-06,1,DAIRY,890.0
2016-04-07,1,DAIRY,771.0
2016-04-08,1,DAIRY,840.0
2016-04-09,1,DAIRY,829.0
2016-04-10,1,DAIRY,348.0
2016-04-11,1,DAIRY,707.0
2016-04-12,1,DAIRY,680.0
2016-04-13,1,DAIRY,841.0
2016-04-14,1,DAIRY,671.0
2016-04-15,1,DAIRY,811.0
2016-04-16,1,DAIRY,795.0
2016-04-17,1,DAIRY,418.0
2016-04-18,1,DAIRY,848.0
2016-04-19,1,DAIRY,779.0
2016-04-20,1,DAIRY,962.0
2016-04-21,1,DAIRY,765.0
2016-04-22,1,DAIRY,883.0
2016-04-23,1,DAIRY,831.0
2016-04-24,1,DAIRY,405.0
2016-04-25,1,DAIRY,728.0
2016-04-26,1,DAIRY,746.0
2016-04-27,1,DAIRY,862.0
2016-04-28,1,DAIRY,660.0
2016-04-29,1,DAIRY,895.0
2016-04-30,1,DAIRY,888.0
2016-05-01,1,DAIRY,468.0
2016-05-02,1,DAIRY,934.0
2016-05-03,1,DAIRY,789.0
2016-05-04,1,DAIRY,1002.0
2016-05-05,1,DAIRY,728.0
2016-05-06,1,DAIRY,1028.0
2016-05-07,1,DAIRY,1083.0
2016-05-08,1,DAIRY,317.0
2016-05-09,1,DAIRY,856.0
2016-05-10,1,DAIRY,722.0
2016-05-11,1,DAIRY,911.0
2016-05-12,1,DAIRY,686.0
2016-05-13,1,DAIRY,796.0
2016-05-14,1,DAIRY,812.0
2016-05-15,1,DAIRY,442.0
2016-05-16,1,DAIRY,952.0
2016-05-17,1,DAIRY,724.0
2016-05-18,1,DAIRY,877.0
2016-05-19,1,DAIRY,677.0
2016-05-20,1,DAIRY,849.0
2016-05-21,1,DAIRY,861.0
2016-05-22,1,DAIRY,349.0
2016-05-23,1,DAIRY,806.0
2016-05-24,1,DAIRY,658.0
2016-05-25,1,DAIRY,841.0
2016-05-26,1,DAIRY,719.0
2016-05-27,1,DAIRY,367.0
2016-05-28,1,DAIRY,602.0
2016-05-29,1,DAIRY,316.0
2016-05-30,1,DAIRY,784.0
2016-05-31,1,DAIRY,966.0
2016-06-01,1,DAIRY,1007.0
2016-06-02,1,DAIRY,805.0
2016-06-03,1,DAIRY,833.0
2016-06-04,1,DAIRY,828.0
2016-06-05,1,DAIRY,391.0
2016-06-06,1,DAIRY,801.0
2016-06-07,1,DAIRY,671.0
2016-06-08,1,DAIRY,886.0
2016-06-09,1,DAIRY,675.0
2016-06-10,1,DAIRY,848.0
2016-06-11,1,DAIRY,800.0
2016-06-12,1,DAIRY,360.0
2016-06-13,1,DAIRY,841.0
2016-06-14,1,DAIRY,737.0
2016-06-15,1,DAIRY,959.0
2016-06-16,1,DAIRY,829.0
2016-06-17,1,DAIRY,824.0
2016-06-18,1,DAIRY,869.0
2016-06-19,1,DAIRY,435.0
2016-06-20,1,DAIRY,822.0
2016-06-21,1,DAIRY,729.0
2016-06-22,1,DAIRY,1044.0
2016-06-23,1,DAIRY,706.0
2016-06-24,1,DAIRY,747.0
2016-06-25,1,DAIRY,797.0
2016-06-26,1,DAIRY,416.0
2016-06-27,1,DAIRY,780.0
2016-06-28,1,DAIRY,764.0
2016-06-29,1,DAIRY,877.0
2016-06-30,1,DAIRY,599.0
2016-07-01,1,DAIRY,1013.0
2016-07-02,1,DAIRY,762.0
2016-07-03,1,DAIRY,370.0
2016-07-04,1,DAIRY,837.0
2016-07-05,1,DAIRY,719.0
2016-07-06,1,DAIRY,945.0
2016-07-07,1,DAIRY,754.0
2016-07-08,1,DAIRY,896.0
2016-07-09,1,DAIRY,883.0
2016-07-10,1,DAIRY,343.0
2016-07-11,1,DAIRY,702.0
2016-07-12,1,DAIRY,751.0
2016-07-13,1,DAIRY,930.0
2016-07-14,1,DAIRY,636.0
2016-07-15,1,DAIRY,845.0
2016-07-16,1,DAIRY,819.0
2016-07-17,1,DAIRY,371.0
2016-07-18,1,DAIRY,825.0
2016-07-19,1,DAIRY,752.0
2016-07-20,1,DAIRY,889.0
2016-07-21,1,DAIRY,665.0
2016-07-22,1,DAIRY,872.0
2016-07-23,1,DAIRY,728.0
2016-07-24,1,DAIRY,326.0
2016-07-25,1,DAIRY,678.0
2016-07-26,1,DAIRY,687.0
2016-07-27,1,DAIRY,885.0
2016-07-28,1,DAIRY,665.0
2016-07-29,1,DAIRY,687.0
2016-07-30,1,DAIRY,894.0
2016-07-31,1,DAIRY,328.0
2016-08-01,1,DAIRY,823.0
2016-08-02,1,DAIRY,704.0
2016-08-03,1,DAIRY,940.0
2016-08-04,1,DAIRY,656.0
2016-08-05,1,DAIRY,770.0
2016-08-06,1,DAIRY,713.0
2016-08-07,1,DAIRY,316.0
2016-08-08,1,DAIRY,825.0
2016-08-09,1,DAIRY,782.0
2016-08-10,1,DAIRY,957.0
2016-08-11,1,DAIRY,603.0
2016-08-12,1,DAIRY,377.0
2016-08-13,1,DAIRY,559.0
2016-08-14,1,DAIRY,270.0
2016-08-15,1,DAIRY,849.0
2016-08-16,1,DAIRY,717.0
2016-08-17,1,DAIRY,897.0
2016-08-18,1,DAIRY,664.0
2016-08-19,1,DAIRY,698.0
2016-08-20,1,DAIRY,771.0
2016-08-21,1,DAIRY,299.0
2016-08-22,1,DAIRY,729.0
2016-08-23,1,DAIRY,676.0
2016-08-24,1,DAIRY,862.0
2016-08-25,1,DAIRY,613.0
2016-08-26,1,DAIRY,748.0
2016-08-27,1,DAIRY,720.0
2016-08-28,1,DAIRY,349.0
2016-08-29,1,DAIRY,697.0
2016-08-30,1,DAIRY,628.0
2016-08-31,1,DAIRY,882.0
2016-09-01,1,DAIRY,799.0
2016-09-02,1,DAIRY,826.0
2016-09-03,1,DAIRY,848.0
2016-09-04,1,DAIRY,399.0
2016-09-05,1,DAIRY,758.0
2016-09-06,1,DAIRY,751.0
2016-09-07,1,DAIRY,859.0
2016-09-08,1,DAIRY,734.0
2016-09-09,1,DAIRY,810.0
2016-09-10,1,DAIRY,820.0
2016-09-11,1,DAIRY,297.0
2016-09-12,1,DAIRY,855.0
2016-09-13,1,DAIRY,703.0
2016-09-14,1,DAIRY,773.0
2016-09-15,1,DAIRY,674.0
2016-09-16,1,DAIRY,834.0
2016-09-17,1,DAIRY,789.0
2016-09-18,1,DAIRY,419.0
2016-09-19,1,DAIRY,751.0
2016-09-20,1,DAIRY,758.0
2016-09-21,1,DAIRY,895.0
2016-09-22,1,DAIRY,623.0
2016-09-23,1,DAIRY,737.0
2016-09-24,1,DAIRY,793.0
2016-09-25,1,DAIRY,382.0
2016-09-26,1,DAIRY,750.0
2016-09-27,1,DAIRY,665.0
2016-09-28,1,DAIRY,932.0
2016-09-29,1,DAIRY,539.0
2016-09-30,1,DAIRY,740.0
2016-10-01,1,DAIRY,1004.0
2016-10-02,1,DAIRY,416.0
2016-10-03,1,DAIRY,835.0
2016-10-04,1,DAIRY,806.0
2016-10-05,1,DAIRY,924.0
2016-10-06,1,DAIRY,691.0
2016-10-07,1,DAIRY,793.0
2016-10-08,1,DAIRY,880.0
2016-10-09,1,DAIRY,438.0
2016-10-10,1,DAIRY,729.0
2016-10-11,1,DAIRY,693.0
2016-10-12,1,DAIRY,994.0
2016-10-13,1,DAIRY,693.0
2016-10-14,1,DAIRY,940.0
2016-10-15,1,DAIRY,787.0
2016-10-16,1,DAIRY,430.0
2016-10-17,1,DAIRY,792.0
2016-10-18,1,DAIRY,706.0
2016-10-19,1,DAIRY,958.0
2016-10-20,1,DAIRY,683.0
2016-10-21,1,DAIRY,771.0
2016-10-22,1,DAIRY,853.0
2016-10-23,1,DAIRY,401.0
2016-10-24,1,DAIRY,755.0
2016-10-25,1,DAIRY,803.0
2016-10-26,1,DAIRY,884.0
2016-10-27,1,DAIRY,756.0
2016-10-28,1,DAIRY,863.0
2016-10-29,1,DAIRY,770.0
2016-10-30,1,DAIRY,388.0
2016-10-31,1,DAIRY,539.0
2016-11-01,1,DAIRY,799.0
2016-11-02,1,DAIRY,307.0
2016-11-03,1,DAIRY,283.0
2016-11-04,1,DAIRY,542.0
2016-11-05,1,DAIRY,549.0
2016-11-06,1,DAIRY,335.0
2016-11-07,1,DAIRY,880.0
2016-11-08,1,DAIRY,809.0
2016-11-09,1,DAIRY,1161.0
2016-11-10,1,DAIRY,702.0
2016-11-11,1,DAIRY,804.0
2016-11-12,1,DAIRY,857.0
2016-11-13,1,DAIRY,391.0
2016-11-14,1,DAIRY,831.0
2016-11-15,1,DAIRY,862.0
2016-11-16,1,DAIRY,936.0
2016-11-17,1,DAIRY,685.0
2016-11-18,1,DAIRY,845.0
2016-11-19,1,DAIRY,881.0
2016-11-20,1,DAIRY,389.0
2016-11-21,1,DAIRY,952.0
2016-11-22,1,DAIRY,707.0
2016-11-23,1,DAIRY,983.0
2016-11-24,1,DAIRY,653.0
2016-11-25,1,DAIRY,711.0
2016-11-26,1,DAIRY,809.0
2016-11-27,1,DAIRY,350.0
2016-11-28,1,DAIRY,883.0
2016-11-29,1,DAIRY,740.0
2016-11-30,1,DAIRY,884.0
2016-12-01,1,DAIRY,844.0
2016-12-02,1,DAIRY,915.0
2016-12-03,1,DAIRY,756.0
2016-12-04,1,DAIRY,435.0
2016-12-05,1,DAIRY,655.0
2016-12-06,1,DAIRY,313.0
2016-12-07,1,DAIRY,969.0
2016-12-08,1,DAIRY,740.0
2016-12-09,1,DAIRY,846.0
2016-12-10,1,DAIRY,758.0
2016-12-11,1,DAIRY,359.0
2016-12-12,1,DAIRY,764.0
2016-12-13,1,DAIRY,781.0
2016-12-14,1,DAIRY,836.0
2016-12-15,1,DAIRY,835.0
2016-12-16,1,DAIRY,886.0
2016-12-17,1,DAIRY,832.0
2016-12-18,1,DAIRY,531.0
2016-12-19,1,DAIRY,864.0
2016-12-20,1,DAIRY,924.0
2016-12-21,1,DAIRY,1062.0
2016-12-22,1,DAIRY,985.0
2016-12-23,1,DAIRY,1225.0
2016-12-24,1,DAIRY,934.0
2016-12-26,1,DAIRY,257.0
2016-12-27,1,DAIRY,835.0
2016-12-28,1,DAIRY,712.0
2016-12-29,1,DAIRY,652.0
2016-12-30,1,DAIRY,882.0
2016-12-31,1,DAIRY,631.0
2017-01-01,1,DAIRY,0.0
2017-01-02,1,DAIRY,376.0
2017-01-03,1,DAIRY,1045.0
2017-01-04,1,DAIRY,1029.0
2017-01-05,1,DAIRY,853.0
2017-01-06,1,DAIRY,927.0
2017-01-07,1,DAIRY,836.0
2017-01-08,1,DAIRY,447.0
2017-01-09,1,DAIRY,853.0
2017-01-10,1,DAIRY,923.0
2017-01-11,1,DAIRY,958.0
2017-01-12,1,DAIRY,674.0
2017-01-13,1,DAIRY,841.0
2017-01-14,1,DAIRY,903.0
2017-01-15,1,DAIRY,466.0
2017-01-16,1,DAIRY,782.0
2017-01-17,1,DAIRY,819.0
2017-01-18,1,DAIRY,926.0
2017-01-19,1,DAIRY,811.0
2017-01-20,1,DAIRY,688.0
2017-01-21,1,DAIRY,918.0
2017-01-22,1,DAIRY,349.0
2017-01-23,1,DAIRY,956.0
2017-01-24,1,DAIRY,744.0
2017-01-25,1,DAIRY,930.0
2017-01-26,1,DAIRY,719.0
2017-01-27,1,DAIRY,810.0
2017-01-28,1,DAIRY,881.0
2017-01-29,1,DAIRY,329.0
2017-01-30,1,DAIRY,841.0
2017-01-31,1,DAIRY,749.0
2017-02-01,1,DAIRY,937.0
2017-02-02,1,DAIRY,768.0
2017-02-03,1,DAIRY,875.0
2017-02-04,1,DAIRY,890.0
2017-02-05,1,DAIRY,380.0
2017-02-06,1,DAIRY,768.0
2017-02-07,1,DAIRY,839.0
2017-02-08,1,DAIRY,871.0
2017-02-09,1,DAIRY,733.0
2017-02-10,1,DAIRY,804.0
2017-02-11,1,DAIRY,850.0
2017-02-12,1,DAIRY,374.0
2017-02-13,1,DAIRY,945.0
2017-02-14,1,DAIRY,762.0
2017-02-15,1,DAIRY,863.0
2017-02-16,1,DAIRY,725.0
2017-02-17,1,DAIRY,840.0
2017-02-18,1,DAIRY,963.0
2017-02-19,1,DAIRY,366.0
2017-02-20,1,DAIRY,742.0
2017-02-21,1,DAIRY,780.0
2017-02-22,1,DAIRY,766.0
2017-02-23,1,DAIRY,738.0
2017-02-24,1,DAIRY,791.0
2017-02-25,1,DAIRY,705.0
2017-02-26,1,DAIRY,227.0
2017-02-27,1,DAIRY,183.0
2017-02-28,1,DAIRY,361.0
2017-03-01,1,DAIRY,1162.0
2017-03-02,1,DAIRY,848.0
2017-03-03,1,DAIRY,890.0
2017-03-04,1,DAIRY,898.0
2017-03-05,1,DAIRY,345.0
2017-03-06,1,DAIRY,785.0
2017-03-07,1,DAIRY,748.0
2017-03-08,1,DAIRY,854.0
2017-03-09,1,DAIRY,721.0
2017-03-10,1,DAIRY,858.0
2017-03-11,1,DAIRY,889.0
2017-03-12,1,DAIRY,415.0
2017-03-13,1,DAIRY,815.0
2017-03-14,1,DAIRY,783.0
2017-03-15,1,DAIRY,953.0
2017-03-16,1,DAIRY,794.0
2017-03-17,1,DAIRY,1118.0
2017-03-18,1,DAIRY,920.0
2017-03-19,1,DAIRY,423.0
2017-03-20,1,DAIRY,861.0
2017-03-21,1,DAIRY,787.0
2017-03-22,1,DAIRY,921.0
2017-03-23,1,DAIRY,761.0
2017-03-24,1,DAIRY,936.0
2017-03-25,1,DAIRY,943.0
2017-03-26,1,DAIRY,399.0
2017-03-27,1,DAIRY,855.0
2017-03-28,1,DAIRY,805.0
2017-03-29,1,DAIRY,956.0
2017-03-30,1,DAIRY,756.0
2017-03-31,1,DAIRY,949.0
2017-04-01,1,DAIRY,1151.0
2017-04-02,1,DAIRY,446.0
2017-04-03,1,DAIRY,794.0
2017-04-04,1,DAIRY,725.0
2017-04-05,1,DAIRY,1074.0
2017-04-06,1,DAIRY,690.0
2017-04-07,1,DAIRY,943.0
2017-04-08,1,DAIRY,897.0
2017-04-09,1,DAIRY,393.0
2017-04-10,1,DAIRY,744.0
2017-04-11,1,DAIRY,724.0
2017-04-12,1,DAIRY,955.0
2017-04-13,1,DAIRY,913.0
2017-04-14,1,DAIRY,357.0
2017-04-15,1,DAIRY,563.0
2017-04-16,1,DAIRY,324.0
2017-04-17,1,DAIRY,774.0
2017-04-18,1,DAIRY,691.0
2017-04-19,1,DAIRY,801.0
2017-04-20,1,DAIRY,666.0
2017-04-21,1,DAIRY,1078.0
2017-04-22,1,DAIRY,884.0
2017-04-23,1,DAIRY,390.0
2017-04-24,1,DAIRY,832.0
2017-04-25,1,DAIRY,669.0
2017-04-26,1,DAIRY,832.0
2017-04-27,1,DAIRY,734.0
2017-04-28,1,DAIRY,867.0
2017-04-29,1,DAIRY,809.0
2017-04-30,1,DAIRY,315.0
2017-05-01,1,DAIRY,326.0
2017-05-02,1,DAIRY,897.0
2017-05-03,1,DAIRY,927.0
2017-05-04,1,DAIRY,755.0
2017-05-05,1,DAIRY,882.0
2017-05-06,1,DAIRY,919.0
2017-05-07,1,DAIRY,355.0
2017-05-08,1,DAIRY,852.0
2017-05-09,1,DAIRY,780.0
2017-05-10,1,DAIRY,906.0
2017-05-11,1,DAIRY,721.0
2017-05-12,1,DAIRY,857.0
2017-05-13,1,DAIRY,939.0
2017-05-14,1,DAIRY,299.0
2017-05-15,1,DAIRY,710.0
2017-05-16,1,DAIRY,794.0
2017-05-17,1,DAIRY,828.0
2017-05-18,1,DAIRY,718.0
2017-05-19,1,DAIRY,957.0
2017-05-20,1,DAIRY,795.0
2017-05-21,1,DAIRY,337.0
2017-05-22,1,DAIRY,754.0
2017-05-23,1,DAIRY,736.0
2017-05-24,1,DAIRY,867.0
2017-05-25,1,DAIRY,723.0
2017-05-26,1,DAIRY,375.0
2017-05-27,1,DAIRY,634.0
2017-05-28,1,DAIRY,319.0
2017-05-29,1,DAIRY,818.0
2017-05-30,1,DAIRY,641.0
2017-05-31,1,DAIRY,912.0
2017-06-01,1,DAIRY,801.0
2017-06-02,1,DAIRY,792.0
2017-06-03,1,DAIRY,862.0
2017-06-04,1,DAIRY,358.0
2017-06-05,1,DAIRY,769.0
2017-06-06,1,DAIRY,832.0
2017-06-07,1,DAIRY,842.0
2017-06-08,1,DAIRY,648.0
2017-06-09,1,DAIRY,920.0
2017-06-10,1,DAIRY,785.0
2017-06-11,1,DAIRY,410.0
2017-06-12,1,DAIRY,746.0
2017-06-13,1,DAIRY,712.0
2017-06-14,1,DAIRY,792.0
2017-06-15,1,DAIRY,811.0
2017-06-16,1,DAIRY,779.0
2017-06-17,1,DAIRY,865.0
2017-06-18,1,DAIRY,347.0
2017-06-19,1,DAIRY,665.0
2017-06-20,1,DAIRY,707.0
2017-06-21,1,DAIRY,810.0
2017-06-22,1,DAIRY,713.0
2017-06-23,1,DAIRY,834.0
2017-06-24,1,DAIRY,795.0
2017-06-25,1,DAIRY,300.0
2017-06-26,1,DAIRY,748.0
2017-06-27,1,DAIRY,741.0
2017-06-28,1,DAIRY,805.0
2017-06-29,1,DAIRY,680.0
2017-06-30,1,DAIRY,784.0
2017-07-01,1,DAIRY,811.0
2017-07-02,1,DAIRY,389.0
2017-07-03,1,DAIRY,801.0
2017-07-04,1,DAIRY,734.0
2017-07-05,1,DAIRY,814.0
2017-07-06,1,DAIRY,652.0
2017-07-07,1,DAIRY,764.0
2017-07-08,1,DAIRY,754.0
2017-07-09,1,DAIRY,341.0
2017-07-10,1,DAIRY,835.0
2017-07-11,1,DAIRY,726.0
2017-07-12,1,DAIRY,884.0
2017-07-13,1,DAIRY,764.0
2017-07-14,1,DAIRY,748.0
2017-07-15,1,DAIRY,615.0
2017-07-16,1,DAIRY,325.0
2017-07-17,1,DAIRY,795.0
2017-07-18,1,DAIRY,777.0
2017-07-19,1,DAIRY,781.0
2017-07-20,1,DAIRY,758.0
2017-07-21,1,DAIRY,741.0
2017-07-22,1,DAIRY,691.0
2017-07-23,1,DAIRY,382.0
2017-07-24,1,DAIRY,758.0
2017-07-25,1,DAIRY,698.0
2017-07-26,1,DAIRY,775.0
2017-07-27,1,DAIRY,722.0
2017-07-28,1,DAIRY,711.0
2017-07-29,1,DAIRY,676.0
2017-07-30,1,DAIRY,316.0
2017-07-31,1,DAIRY,727.0
2017-08-01,1,DAIRY,668.0
2017-08-02,1,DAIRY,941.0
2017-08-03,1,DAIRY,529.0
2017-08-04,1,DAIRY,767.0
2017-08-05,1,DAIRY,624.0
2017-08-06,1,DAIRY,312.0
2017-08-07,1,DAIRY,717.0
2017-08-08,1,DAIRY,569.0
2017-08-09,1,DAIRY,789.0
2017-08-10,1,DAIRY,736.0
2017-08-11,1,DAIRY,343.0
2017-08-12,1,DAIRY,526.0
2017-08-13,1,DAIRY,266.0
2017-08-14,1,DAIRY,699.0
2017-08-15,1,DAIRY,602.0
2016-01-01,1,DELI,0.0
2016-01-02,1,DELI,115.96
2016-01-03,1,DELI,59.737
2016-01-04,1,DELI,144.129
2016-01-05,1,DELI,136.606
2016-01-06,1,DELI,212.97
2016-01-07,1,DELI,110.943
2016-01-08,1,DELI,159.957
2016-01-09,1,DELI,144.921
2016-01-10,1,DELI,70.838
2016-01-11,1,DELI,146.262
2016-01-12,1,DELI,160.928
2016-01-13,1,DELI,146.036
2016-01-14,1,DELI,130.771
2016-01-15,1,DELI,159.255
2016-01-16,1,DELI,166.864
2016-01-17,1,DELI,85.698
2016-01-18,1,DELI,110.945
2016-01-19,1,DELI,124.507
2016-01-20,1,DELI,149.775
2016-01-21,1,DELI,119.786
2016-01-22,1,DELI,189.181
2016-01-23,1,DELI,139.646
2016-01-24,1,DELI,62.29
2016-01-25,1,DELI,167.678
2016-01-26,1,DELI,113.874
2016-01-27,1,DELI,137.148
2016-01-28,1,DELI,109.142
2016-01-29,1,DELI,130.823
2016-01-30,1,DELI,135.885
2016-01-31,1,DELI,60.324
2016-02-01,1,DELI,175.311
2016-02-02,1,DELI,108.823
2016-02-03,1,DELI,181.855
2016-02-04,1,DELI,108.046
2016-02-05,1,DELI,142.919
2016-02-06,1,DELI,105.939
2016-02-07,1,DELI,46.021
2016-02-08,1,DELI,32.615
2016-02-09,1,DELI,39.137
2016-02-10,1,DELI,139.432
2016-02-11,1,DELI,135.743
2016-02-12,1,DELI,159.971
2016-02-13,1,DELI,139.859
2016-02-14,1,DELI,50.27
2016-02-15,1,DELI,142.312
2016-02-16,1,DELI,127.543
2016-02-17,1,DELI,130.272
2016-02-18,1,DELI,112.3
2016-02-19,1,DELI,161.446
2016-02-20,1,DELI,140.46
2016-02-21,1,DELI,69.127
2016-02-22,1,DELI,154.649
2016-02-23,1,DELI,144.237
2016-02-24,1,DELI,146.548
2016-02-25,1,DELI,143.962
2016-02-26,1,DELI,151.255
2016-02-27,1,DELI,144.117
2016-02-28,1,DELI,44.923
2016-02-29,1,DELI,159.183
2016-03-01,1,DELI,146.779
2016-03-02,1,DELI,171.651
2016-03-03,1,DELI,104.575
2016-03-04,1,DELI,183.074
2016-03-05,1,DELI,113.367
2016-03-06,1,DELI,68.316
2016-03-07,1,DELI,120.236
2016-03-08,1,DELI,122.434
2016-03-09,1,DELI,144.701
2016-03-10,1,DELI,109.85
2016-03-11,1,DELI,157.596
2016-03-12,1,DELI,140.619
2016-03-13,1,DELI,80.648
2016-03-14,1,DELI,107.281
2016-03-15,1,DELI,164.975
2016-03-16,1,DELI,145.927
2016-03-17,1,DELI,136.716
2016-03-18,1,DELI,164.37
2016-03-19,1,DELI,136.573
2016-03-20,1,DELI,46.96
2016-03-21,1,DELI,131.008
2016-03-22,1,DELI,92.453
2016-03-23,1,DELI,117.256
2016-03-24,1,DELI,158.448
2016-03-25,1,DELI,30.263
2016-03-26,1,DELI,87.322
2016-03-27,1,DELI,18.894
2016-03-28,1,DELI,139.688
2016-03-29,1,DELI,160.636
2016-03-30,1,DELI,125.639
2016-03-31,1,DELI,137.949
2016-04-01,1,DELI,181.927
2016-04-02,1,DELI,132.393
2016-04-03,1,DELI,44.424
2016-04-04,1,DELI,147.597
2016-04-05,1,DELI,162.202
2016-04-06,1,DELI,142.194
2016-04-07,1,DELI,110.65
2016-04-08,1,DELI,149.16
2016-04-09,1,DELI,136.533
2016-04-10,1,DELI,62.108
2016-04-11,1,DELI,137.555
2016-04-12,1,DELI,131.857
2016-04-13,1,DELI,146.701
2016-04-14,1,DELI,136.843
2016-04-15,1,DELI,167.869
2016-04-16,1,DELI,144.691
2016-04-17,1,DELI,63.702
2016-04-18,1,DELI,160.647
2016-04-19,1,DELI,154.843
2016-04-20,1,DELI,124.275
2016-04-21,1,DELI,122.062
2016-04-22,1,DELI,165.589
2016-04-23,1,DELI,140.381
2016-04-24,1,DELI,44.608
2016-04-25,1,DELI,136.67
2016-04-26,1,DELI,118.682
2016-04-27,1,DELI,127.811
2016-04-28,1,DELI,117.263
2016-04-29,1,DELI,161.466
2016-04-30,1,DELI,156.477
2016-05-01,1,DELI,53.859
2016-05-02,1,DELI,156.837
2016-05-03,1,DELI,125.468
2016-05-04,1,DELI,139.153
2016-05-05,1,DELI,136.487
2016-05-06,1,DELI,173.496
2016-05-07,1,DELI,185.385
2016-05-08,1,DELI,36.729
2016-05-09,1,DELI,143.131
2016-05-10,1,DELI,132.118
2016-05-11,1,DELI,143.481
2016-05-12,1,DELI,114.352
2016-05-13,1,DELI,147.048
2016-05-14,1,DELI,129.525
2016-05-15,1,DELI,74.275
2016-05-16,1,DELI,165.748
2016-05-17,1,DELI,80.651
2016-05-18,1,DELI,136.4
2016-05-19,1,DELI,109.973
2016-05-20,1,DELI,166.558
2016-05-21,1,DELI,138.483
2016-05-22,1,DELI,65.642
2016-05-23,1,DELI,140.573
2016-05-24,1,DELI,114.523
2016-05-25,1,DELI,136.3
2016-05-26,1,DELI,116.148
2016-05-27,1,DELI,52.888
2016-05-28,1,DELI,115.346
2016-05-29,1,DELI,38.543
2016-05-30,1,DELI,144.744
2016-05-31,1,DELI,159.047
2016-06-01,1,DELI,152.472
2016-06-02,1,DELI,136.481
2016-06-03,1,DELI,159.513
2016-06-04,1,DELI,144.02
2016-06-05,1,DELI,50.133
2016-06-06,1,DELI,130.705
2016-06-07,1,DELI,117.344
2016-06-08,1,DELI,170.733
2016-06-09,1,DELI,102.385
2016-06-10,1,DELI,175.016
2016-06-11,1,DELI,146.822
2016-06-12,1,DELI,55.189
2016-06-13,1,DELI,138.204
2016-06-14,1,DELI,144.001
2016-06-15,1,DELI,127.75
2016-06-16,1,DELI,120.284
2016-06-17,1,DELI,140.999
2016-06-18,1,DELI,137.046
2016-06-19,1,DELI,48.535
2016-06-20,1,DELI,136.557
2016-06-21,1,DELI,113.437
2016-06-22,1,DELI,163.547
2016-06-23,1,DELI,115.031
2016-06-24,1,DELI,164.449
2016-06-25,1,DELI,199.283
2016-06-26,1,DELI,43.756
2016-06-27,1,DELI,134.226
2016-06-28,1,DELI,153.529
2016-06-29,1,DELI,118.074
2016-06-30,1,DELI,100.555
2016-07-01,1,DELI,157.255
2016-07-02,1,DELI,164.876
2016-07-03,1,DELI,62.601
2016-07-04,1,DELI,126.319
2016-07-05,1,DELI,111.93
2016-07-06,1,DELI,109.989
2016-07-07,1,DELI,135.629
2016-07-08,1,DELI,164.419
2016-07-09,1,DELI,136.623
2016-07-10,1,DELI,58.219
2016-07-11,1,DELI,132.513
2016-07-12,1,DELI,93.753
2016-07-13,1,DELI,150.151
2016-07-14,1,DELI,94.015
2016-07-15,1,DELI,153.715
2016-07-16,1,DELI,158.668
2016-07-17,1,DELI,39.108
2016-07-18,1,DELI,152.05
2016-07-19,1,DELI,144.519
2016-07-20,1,DELI,137.955
2016-07-21,1,DELI,138.826
2016-07-22,1,DELI,123.403
2016-07-23,1,DELI,153.332
2016-07-24,1,DELI,44.401
2016-07-25,1,DELI,134.097
2016-07-26,1,DELI,108.797
2016-07-27,1,DELI,149.971
2016-07-28,1,DELI,109.992
2016-07-29,1,DELI,124.917
2016-07-30,1,DELI,155.274
2016-07-31,1,DELI,50.508
2016-08-01,1,DELI,149.052
2016-08-02,1,DELI,148.037
2016-08-03,1,DELI,140.174
2016-08-04,1,DELI,93.096
2016-08-05,1,DELI,192.787
2016-08-06,1,DELI,130.788
2016-08-07,1,DELI,63.246
2016-08-08,1,DELI,163.806
2016-08-09,1,DELI,129.964
2016-08-10,1,DELI,134.386
2016-08-11,1,DELI,113.953
2016-08-12,1,DELI,48.659
2016-08-13,1,DELI,85.631
2016-08-14,1,DELI,41.301
2016-08-15,1,DELI,183.896
2016-08-16,1,DELI,152.01
2016-08-17,1,DELI,134.177
2016-08-18,1,DELI,125.434
2016-08-19,1,DELI,154.218
2016-08-20,1,DELI,143.444
2016-08-21,1,DELI,78.753
2016-08-22,1,DELI,135.806
2016-08-23,1,DELI,117.888
2016-08-24,1,DELI,131.198
2016-08-25,1,DELI,115.695
2016-08-26,1,DELI,183.513
2016-08-27,1,DELI,107.742
2016-08-28,1,DELI,44.043
2016-08-29,1,DELI,131.302
2016-08-30,1,DELI,131.377
2016-08-31,1,DELI,140.979
2016-09-01,1,DELI,131.895
2016-09-02,1,DELI,151.203
2016-09-03,1,DELI,141.359
2016-09-04,1,DELI,49.044
2016-09-05,1,DELI,167.761
2016-09-06,1,DELI,159.749
2016-09-07,1,DELI,134.015
2016-09-08,1,DELI,138.942
2016-09-09,1,DELI,136.15
2016-09-10,1,DELI,130.999
2016-09-11,1,DELI,58.715
2016-09-12,1,DELI,151.437
2016-09-13,1,DELI,137.696
2016-09-14,1,DELI,146.043
2016-09-15,1,DELI,85.202
2016-09-16,1,DELI,150.435
2016-09-17,1,DELI,159.296
2016-09-18,1,DELI,66.964
2016-09-19,1,DELI,137.172
2016-09-20,1,DELI,152.6
2016-09-21,1,DELI,118.442
2016-09-22,1,DELI,129.742
2016-09-23,1,DELI,122.772
2016-09-24,1,DELI,134.451
2016-09-25,1,DELI,58.875
2016-09-26,1,DELI,114.811
2016-09-27,1,DELI,136.006
2016-09-28,1,DELI,150.602
2016-09-29,1,DELI,104.041
2016-09-30,1,DELI,159.729
2016-10-01,1,DELI,181.6
2016-10-02,1,DELI,64.456
2016-10-03,1,DELI,180.634
2016-10-04,1,DELI,120.512
2016-10-05,1,DELI,153.027
2016-10-06,1,DELI,138.609
2016-10-07,1,DELI,182.892
2016-10-08,1,DELI,134.459
2016-10-09,1,DELI,83.285
2016-10-10,1,DELI,150.646
2016-10-11,1,DELI,106.783
2016-10-12,1,DELI,115.54
2016-10-13,1,DELI,109.073
2016-10-14,1,DELI,124.083
2016-10-15,1,DELI,109.032
2016-10-16,1,DELI,58.366
2016-10-17,1,DELI,173.725
2016-10-18,1,DELI,102.248
2016-10-19,1,DELI,133.636
2016-10-20,1,DELI,129.355
2016-10-21,1,DELI,168.52
2016-10-22,1,DELI,135.464
2016-10-23,1,DELI,68.53
2016-10-24,1,DELI,144.284
2016-10-25,1,DELI,129.934
2016-10-26,1,DELI,116.895004
2016-10-27,1,DELI,125.842
2016-10-28,1,DELI,158.29
2016-10-29,1,DELI,143.372
2016-10-30,1,DELI,61.19
2016-10-31,1,DELI,127.43
2016-11-01,1,DELI,152.928
2016-11-02,1,DELI,61.432
2016-11-03,1,DELI,49.81
2016-11-04,1,DELI,112.405
2016-11-05,1,DELI,89.539
2016-11-06,1,DELI,75.127
2016-11-07,1,DELI,130.916
2016-11-08,1,DELI,152.523
2016-11-09,1,DELI,127.067
2016-11-10,1,DELI,108.284
2016-11-11,1,DELI,192.491
2016-11-12,1,DELI,135.412
2016-11-13,1,DELI,60.995
2016-11-14,1,DELI,158.718
2016-11-15,1,DELI,127.908
2016-11-16,1,DELI,158.6
2016-11-17,1,DELI,156.787
2016-11-18,1,DELI,205.324
2016-11-19,1,DELI,159.505
2016-11-20,1,DELI,57.2
2016-11-21,1,DELI,174.755
2016-11-22,1,DELI,145.576
2016-11-23,1,DELI,156.579
2016-11-24,1,DELI,97.726
2016-11-25,1,DELI,174.116
2016-11-26,1,DELI,113.328
2016-11-27,1,DELI,53.923
2016-11-28,1,DELI,169.507
2016-11-29,1,DELI,156.711
2016-11-30,1,DELI,173.571
2016-12-01,1,DELI,155.612
2016-12-02,1,DELI,171.239
2016-12-03,1,DELI,137.895
2016-12-04,1,DELI,63.253
2016-12-05,1,DELI,112.085
2016-12-06,1,DELI,42.521
2016-12-07,1,DELI,197.441
2016-12-08,1,DELI,166.996
2016-12-09,1,DELI,179.377
2016-12-10,1,DELI,160.773
2016-12-11,1,DELI,65.724
2016-12-12,1,DELI,154.229
2016-12-13,1,DELI,142.474
2016-12-14,1,DELI,130.627
2016-12-15,1,DELI,106.684
2016-12-16,1,DELI,153.574
2016-12-17,1,DELI,147.934
2016-12-18,1,DELI,102.749
2016-12-19,1,DELI,173.435
2016-12-20,1,DELI,190.91
2016-12-21,1,DELI,167.773
2016-12-22,1,DELI,183.237
2016-12-23,1,DELI,226.94301
2016-12-24,1,DELI,133.111
2016-12-26,1,DELI,41.75
2016-12-27,1,DELI,132.23
2016-12-28,1,DELI,143.85
2016-12-29,1,DELI,104.211
2016-12-30,1,DELI,177.768
2016-12-31,1,DELI,133.267
2017-01-01,1,DELI,0.0
2017-01-02,1,DELI,44.98
2017-01-03,1,DELI,209.3
2017-01-04,1,DELI,135.944
2017-01-05,1,DELI,137.006
2017-01-06,1,DELI,162.622
2017-01-07,1,DELI,136.477
2017-01-08,1,DELI,61.691
2017-01-09,1,DELI,170.765
2017-01-10,1,DELI,129.809
2017-01-11,1,DELI,132.118
2017-01-12,1,DELI,83.691
2017-01-13,1,DELI,190.517
2017-01-14,1,DELI,150.582
2017-01-15,1,DELI,72.907
2017-01-16,1,DELI,200.558
2017-01-17,1,DELI,178.816
2017-01-18,1,DELI,153.801
2017-01-19,1,DELI,111.471
2017-01-20,1,DELI,150.941
2017-01-21,1,DELI,149.44
2017-01-22,1,DELI,73.999
2017-01-23,1,DELI,155.462
2017-01-24,1,DELI,113.632
2017-01-25,1,DELI,135.542
2017-01-26,1,DELI,114.253
2017-01-27,1,DELI,162.823
2017-01-28,1,DELI,158.105
2017-01-29,1,DELI,58.566
2017-01-30,1,DELI,159.216
2017-01-31,1,DELI,135.94
2017-02-01,1,DELI,156.98
2017-02-02,1,DELI,145.233
2017-02-03,1,DELI,211.69499
2017-02-04,1,DELI,138.384
2017-02-05,1,DELI,59.155
2017-02-06,1,DELI,106.768
2017-02-07,1,DELI,140.118
2017-02-08,1,DELI,149.69
2017-02-09,1,DELI,140.922
2017-02-10,1,DELI,182.475
2017-02-11,1,DELI,169.495
2017-02-12,1,DELI,54.053
2017-02-13,1,DELI,160.865
2017-02-14,1,DELI,146.659
2017-02-15,1,DELI,149.342
2017-02-16,1,DELI,104.388
2017-02-17,1,DELI,180.782
2017-02-18,1,DELI,187.018
2017-02-19,1,DELI,68.066
2017-02-20,1,DELI,168.708
2017-02-21,1,DELI,134.577
2017-02-22,1,DELI,137.158
2017-02-23,1,DELI,84.465
2017-02-24,1,DELI,192.513
2017-02-25,1,DELI,156.32
2017-02-26,1,DELI,44.641
2017-02-27,1,DELI,46.528
2017-02-28,1,DELI,61.934
2017-03-01,1,DELI,165.752
2017-03-02,1,DELI,129.168
2017-03-03,1,DELI,181.996
2017-03-04,1,DELI,132.485
2017-03-05,1,DELI,75.793
2017-03-06,1,DELI,154.674
2017-03-07,1,DELI,156.803
2017-03-08,1,DELI,140.254
2017-03-09,1,DELI,133.116
2017-03-10,1,DELI,188.0
2017-03-11,1,DELI,169.793
2017-03-12,1,DELI,83.189
2017-03-13,1,DELI,205.161
2017-03-14,1,DELI,130.407
2017-03-15,1,DELI,134.155
2017-03-16,1,DELI,118.196
2017-03-17,1,DELI,198.741
2017-03-18,1,DELI,152.291
2017-03-19,1,DELI,61.632
2017-03-20,1,DELI,156.675
2017-03-21,1,DELI,143.851
2017-03-22,1,DELI,144.975
2017-03-23,1,DELI,128.934
2017-03-24,1,DELI,226.842
2017-03-25,1,DELI,149.002
2017-03-26,1,DELI,63.731
2017-03-27,1,DELI,147.98
2017-03-28,1,DELI,163.049
2017-03-29,1,DELI,139.192
2017-03-30,1,DELI,185.202
2017-03-31,1,DELI,237.304
2017-04-01,1,DELI,243.272
2017-04-02,1,DELI,86.642
2017-04-03,1,DELI,166.12
2017-04-04,1,DELI,149.078
2017-04-05,1,DELI,216.743
2017-04-06,1,DELI,118.808
2017-04-07,1,DELI,209.33
2017-04-08,1,DELI,181.827
2017-04-09,1,DELI,83.347
2017-04-10,1,DELI,127.761
2017-04-11,1,DELI,143.269
2017-04-12,1,DELI,114.306
2017-04-13,1,DELI,140.374
2017-04-14,1,DELI,34.385
2017-04-15,1,DELI,101.421
2017-04-16,1,DELI,57.565
2017-04-17,1,DELI,177.245
2017-04-18,1,DELI,146.823
2017-04-19,1,DELI,162.371
2017-04-20,1,DELI,93.429
2017-04-21,1,DELI,191.298
2017-04-22,1,DELI,167.879
2017-04-23,1,DELI,54.598
2017-04-24,1,DELI,159.285
2017-04-25,1,DELI,139.501
2017-04-26,1,DELI,120.432
2017-04-27,1,DELI,111.918
2017-04-28,1,DELI,211.59
2017-04-29,1,DELI,120.647
2017-04-30,1,DELI,60.114
2017-05-01,1,DELI,52.673
2017-05-02,1,DELI,172.269
2017-05-03,1,DELI,165.995
2017-05-04,1,DELI,133.78
2017-05-05,1,DELI,149.824
2017-05-06,1,DELI,160.679
2017-05-07,1,DELI,70.833
2017-05-08,1,DELI,163.067
2017-05-09,1,DELI,94.888
2017-05-10,1,DELI,132.358
2017-05-11,1,DELI,115.962
2017-05-12,1,DELI,185.286
2017-05-13,1,DELI,183.368
2017-05-14,1,DELI,62.698
2017-05-15,1,DELI,127.835
2017-05-16,1,DELI,142.449
2017-05-17,1,DELI,144.168
2017-05-18,1,DELI,132.686
2017-05-19,1,DELI,177.191
2017-05-20,1,DELI,140.261
2017-05-21,1,DELI,75.683
2017-05-22,1,DELI,129.027
2017-05-23,1,DELI,127.909
2017-05-24,1,DELI,166.068
2017-05-25,1,DELI,122.562
2017-05-26,1,DELI,82.697
2017-05-27,1,DELI,99.587
2017-05-28,1,DELI,61.741
2017-05-29,1,DELI,147.152
2017-05-30,1,DELI,153.41
2017-05-31,1,DELI,157.443
2017-06-01,1,DELI,89.499
2017-06-02,1,DELI,217.501
2017-06-03,1,DELI,158.878
2017-06-04,1,DELI,87.502
2017-06-05,1,DELI,120.684
2017-06-06,1,DELI,179.062
2017-06-07,1,DELI,137.834
2017-06-08,1,DELI,140.974
2017-06-09,1,DELI,198.992
2017-06-10,1,DELI,107.817
2017-06-11,1,DELI,93.043
2017-06-12,1,DELI,142.837
2017-06-13,1,DELI,127.633
2017-06-14,1,DELI,121.333
2017-06-15,1,DELI,124.892
2017-06-16,1,DELI,133.194
2017-06-17,1,DELI,166.304
2017-06-18,1,DELI,62.162
2017-06-19,1,DELI,140.827
2017-06-20,1,DELI,127.118
2017-06-21,1,DELI,151.728
2017-06-22,1,DELI,130.453
2017-06-23,1,DELI,159.98
2017-06-24,1,DELI,149.693
2017-06-25,1,DELI,61.382
2017-06-26,1,DELI,116.363
2017-06-27,1,DELI,120.733
2017-06-28,1,DELI,166.777
2017-06-29,1,DELI,110.423996
2017-06-30,1,DELI,176.74
2017-07-01,1,DELI,159.367
2017-07-02,1,DELI,74.479004
2017-07-03,1,DELI,162.576
2017-07-04,1,DELI,144.405
2017-07-05,1,DELI,164.529
2017-07-06,1,DELI,123.136
2017-07-07,1,DELI,155.454
2017-07-08,1,DELI,126.255
2017-07-09,1,DELI,75.875
2017-07-10,1,DELI,135.753
2017-07-11,1,DELI,114.049
2017-07-12,1,DELI,122.322
2017-07-13,1,DELI,118.337
2017-07-14,1,DELI,209.174
2017-07-15,1,DELI,121.789
2017-07-16,1,DELI,62.795
2017-07-17,1,DELI,176.483
2017-07-18,1,DELI,164.567
2017-07-19,1,DELI,158.587
2017-07-20,1,DELI,127.906
2017-07-21,1,DELI,143.225
2017-07-22,1,DELI,143.608
2017-07-23,1,DELI,45.012
2017-07-24,1,DELI,157.249
2017-07-25,1,DELI,150.592
2017-07-26,1,DELI,135.268
2017-07-27,1,DELI,116.137
2017-07-28,1,DELI,178.409
2017-07-29,1,DELI,122.68
2017-07-30,1,DELI,54.296
2017-07-31,1,DELI,189.11
2017-08-01,1,DELI,133.588
2017-08-02,1,DELI,150.745
2017-08-03,1,DELI,106.929
2017-08-04,1,DELI,170.185
2017-08-05,1,DELI,104.168
2017-08-06,1,DELI,60.289
2017-08-07,1,DELI,138.907
2017-08-08,1,DELI,130.678
2017-08-09,1,DELI,123.496
2017-08-10,1,DELI,139.761
2017-08-11,1,DELI,64.302
2017-08-12,1,DELI,99.488
2017-08-13,1,DELI,47.77
2017-08-14,1,DELI,154.578
2017-08-15,1,DELI,116.402
2016-01-01,1,EGGS,0.0
2016-01-02,1,EGGS,153.0
2016-01-03,1,EGGS,78.0
2016-01-04,1,EGGS,211.0
2016-01-05,1,EGGS,168.0
2016-01-06,1,EGGS,213.0
2016-01-07,1,EGGS,132.0
2016-01-08,1,EGGS,168.0
2016-01-09,1,EGGS,151.0
2016-01-10,1,EGGS,79.0
2016-01-11,1,EGGS,158.0
2016-01-12,1,EGGS,148.0
2016-01-13,1,EGGS,151.0
2016-01-14,1,EGGS,159.0
2016-01-15,1,EGGS,153.0
2016-01-16,1,EGGS,203.0
2016-01-17,1,EGGS,79.0
2016-01-18,1,EGGS,154.0
2016-01-19,1,EGGS,135.0
2016-01-20,1,EGGS,181.0
2016-01-21,1,EGGS,111.0
2016-01-22,1,EGGS,174.0
2016-01-23,1,EGGS,171.0
2016-01-24,1,EGGS,89.0
2016-01-25,1,EGGS,171.0
2016-01-26,1,EGGS,137.0
2016-01-27,1,EGGS,167.0
2016-01-28,1,EGGS,126.0
2016-01-29,1,EGGS,156.0
2016-01-30,1,EGGS,173.0
2016-01-31,1,EGGS,68.0
2016-02-01,1,EGGS,167.0
2016-02-02,1,EGGS,150.0
2016-02-03,1,EGGS,168.0
2016-02-04,1,EGGS,133.0
2016-02-05,1,EGGS,165.0
2016-02-06,1,EGGS,184.0
2016-02-07,1,EGGS,45.0
2016-02-08,1,EGGS,56.0
2016-02-09,1,EGGS,64.0
2016-02-10,1,EGGS,194.0
2016-02-11,1,EGGS,154.0
2016-02-12,1,EGGS,161.0
2016-02-13,1,EGGS,176.0
2016-02-14,1,EGGS,71.0
2016-02-15,1,EGGS,152.0
2016-02-16,1,EGGS,156.0
2016-02-17,1,EGGS,186.0
2016-02-18,1,EGGS,132.0
2016-02-19,1,EGGS,159.0
2016-02-20,1,EGGS,192.0
2016-02-21,1,EGGS,83.0
2016-02-22,1,EGGS,156.0
2016-02-23,1,EGGS,156.0
2016-02-24,1,EGGS,161.0
2016-02-25,1,EGGS,103.0
2016-02-26,1,EGGS,157.0
2016-02-27,1,EGGS,171.0
2016-02-28,1,EGGS,91.0
2016-02-29,1,EGGS,145.0
2016-03-01,1,EGGS,127.0
2016-03-02,1,EGGS,193.0
2016-03-03,1,EGGS,129.0
2016-03-04,1,EGGS,170.0
2016-03-05,1,EGGS,183.0
2016-03-06,1,EGGS,91.0
2016-03-07,1,EGGS,147.0
2016-03-08,1,EGGS,106.0
2016-03-09,1,EGGS,174.0
2016-03-10,1,EGGS,139.0
2016-03-11,1,EGGS,195.0
2016-03-12,1,EGGS,171.0
2016-03-13,1,EGGS,83.0
2016-03-14,1,EGGS,155.0
2016-03-15,1,EGGS,130.0
2016-03-16,1,EGGS,183.0
2016-03-17,1,EGGS,128.0
2016-03-18,1,EGGS,163.0
2016-03-19,1,EGGS,195.0
2016-03-20,1,EGGS,89.0
2016-03-21,1,EGGS,146.0
2016-03-22,1,EGGS,138.0
2016-03-23,1,EGGS,139.0
2016-03-24,1,EGGS,177.0
2016-03-25,1,EGGS,65.0
2016-03-26,1,EGGS,117.0
2016-03-27,1,EGGS,86.0
2016-03-28,1,EGGS,140.0
2016-03-29,1,EGGS,146.0
2016-03-30,1,EGGS,170.0
2016-03-31,1,EGGS,151.0
2016-04-01,1,EGGS,186.0
2016-04-02,1,EGGS,182.0
2016-04-03,1,EGGS,102.0
2016-04-04,1,EGGS,167.0
2016-04-05,1,EGGS,130.0
2016-04-06,1,EGGS,149.0
2016-04-07,1,EGGS,126.0
2016-04-08,1,EGGS,132.0
2016-04-09,1,EGGS,164.0
2016-04-10,1,EGGS,80.0
2016-04-11,1,EGGS,150.0
2016-04-12,1,EGGS,130.0
2016-04-13,1,EGGS,148.0
2016-04-14,1,EGGS,105.0
2016-04-15,1,EGGS,171.0
2016-04-16,1,EGGS,169.0
2016-04-17,1,EGGS,84.0
2016-04-18,1,EGGS,150.0
2016-04-19,1,EGGS,119.0
2016-04-20,1,EGGS,175.0
2016-04-21,1,EGGS,134.0
2016-04-22,1,EGGS,143.0
2016-04-23,1,EGGS,159.0
2016-04-24,1,EGGS,82.0
2016-04-25,1,EGGS,136.0
2016-04-26,1,EGGS,134.0
2016-04-27,1,EGGS,153.0
2016-04-28,1,EGGS,110.0
2016-04-29,1,EGGS,174.0
2016-04-30,1,EGGS,184.0
2016-05-01,1,EGGS,106.0
2016-05-02,1,EGGS,138.0
2016-05-03,1,EGGS,140.0
2016-05-04,1,EGGS,159.0
2016-05-05,1,EGGS,128.0
2016-05-06,1,EGGS,169.0
2016-05-07,1,EGGS,177.0
2016-05-08,1,EGGS,68.0
2016-05-09,1,EGGS,154.0
2016-05-10,1,EGGS,129.0
2016-05-11,1,EGGS,156.0
2016-05-12,1,EGGS,108.0
2016-05-13,1,EGGS,153.0
2016-05-14,1,EGGS,161.0
2016-05-15,1,EGGS,95.0
2016-05-16,1,EGGS,180.0
2016-05-17,1,EGGS,126.0
2016-05-18,1,EGGS,149.0
2016-05-19,1,EGGS,100.0
2016-05-20,1,EGGS,142.0
2016-05-21,1,EGGS,149.0
2016-05-22,1,EGGS,91.0
2016-05-23,1,EGGS,133.0
2016-05-24,1,EGGS,126.0
2016-05-25,1,EGGS,166.0
2016-05-26,1,EGGS,139.0
2016-05-27,1,EGGS,102.0
2016-05-28,1,EGGS,129.0
2016-05-29,1,EGGS,77.0
2016-05-30,1,EGGS,153.0
2016-05-31,1,EGGS,141.0
2016-06-01,1,EGGS,189.0
2016-06-02,1,EGGS,128.0
2016-06-03,1,EGGS,169.0
2016-06-04,1,EGGS,149.0
2016-06-05,1,EGGS,86.0
2016-06-06,1,EGGS,135.0
2016-06-07,1,EGGS,101.0
2016-06-08,1,EGGS,172.0
2016-06-09,1,EGGS,97.0
2016-06-10,1,EGGS,146.0
2016-06-11,1,EGGS,148.0
2016-06-12,1,EGGS,75.0
2016-06-13,1,EGGS,118.0
2016-06-14,1,EGGS,112.0
2016-06-15,1,EGGS,173.0
2016-06-16,1,EGGS,128.0
2016-06-17,1,EGGS,134.0
2016-06-18,1,EGGS,150.0
2016-06-19,1,EGGS,80.0
2016-06-20,1,EGGS,160.0
2016-06-21,1,EGGS,105.0
2016-06-22,1,EGGS,176.0
2016-06-23,1,EGGS,108.0
2016-06-24,1,EGGS,133.0
2016-06-25,1,EGGS,159.0
2016-06-26,1,EGGS,78.0
2016-06-27,1,EGGS,155.0
2016-06-28,1,EGGS,120.0
2016-06-29,1,EGGS,128.0
2016-06-30,1,EGGS,108.0
2016-07-01,1,EGGS,191.0
2016-07-02,1,EGGS,161.0
2016-07-03,1,EGGS,87.0
2016-07-04,1,EGGS,148.0
2016-07-05,1,EGGS,129.0
2016-07-06,1,EGGS,167.0
2016-07-07,1,EGGS,119.0
2016-07-08,1,EGGS,144.0
2016-07-09,1,EGGS,158.0
2016-07-10,1,EGGS,61.0
2016-07-11,1,EGGS,136.0
2016-07-12,1,EGGS,116.0
2016-07-13,1,EGGS,149.0
2016-07-14,1,EGGS,118.0
2016-07-15,1,EGGS,157.0
2016-07-16,1,EGGS,155.0
2016-07-17,1,EGGS,85.0
2016-07-18,1,EGGS,147.0
2016-07-19,1,EGGS,138.0
2016-07-20,1,EGGS,144.0
2016-07-21,1,EGGS,136.0
2016-07-22,1,EGGS,173.0
2016-07-23,1,EGGS,141.0
2016-07-24,1,EGGS,83.0
2016-07-25,1,EGGS,132.0
2016-07-26,1,EGGS,124.0
2016-07-27,1,EGGS,147.0
2016-07-28,1,EGGS,98.0
2016-07-29,1,EGGS,148.0
2016-07-30,1,EGGS,173.0
2016-07-31,1,EGGS,78.0
2016-08-01,1,EGGS,157.0
2016-08-02,1,EGGS,101.0
2016-08-03,1,EGGS,159.0
2016-08-04,1,EGGS,99.0
2016-08-05,1,EGGS,159.0
2016-08-06,1,EGGS,151.0
2016-08-07,1,EGGS,57.0
2016-08-08,1,EGGS,162.0
2016-08-09,1,EGGS,115.0
2016-08-10,1,EGGS,151.0
2016-08-11,1,EGGS,113.0
2016-08-12,1,EGGS,55.0
2016-08-13,1,EGGS,111.0
2016-08-14,1,EGGS,59.0
2016-08-15,1,EGGS,169.0
2016-08-16,1,EGGS,146.0
2016-08-17,1,EGGS,151.0
2016-08-18,1,EGGS,105.0
2016-08-19,1,EGGS,133.0
2016-08-20,1,EGGS,140.0
2016-08-21,1,EGGS,56.0
2016-08-22,1,EGGS,138.0
2016-08-23,1,EGGS,110.0
2016-08-24,1,EGGS,151.0
2016-08-25,1,EGGS,98.0
2016-08-26,1,EGGS,144.0
2016-08-27,1,EGGS,148.0
2016-08-28,1,EGGS,62.0
2016-08-29,1,EGGS,145.0
2016-08-30,1,EGGS,125.0
2016-08-31,1,EGGS,156.0
2016-09-01,1,EGGS,122.0
2016-09-02,1,EGGS,154.0
2016-09-03,1,EGGS,149.0
2016-09-04,1,EGGS,80.0
2016-09-05,1,EGGS,151.0
2016-09-06,1,EGGS,122.0
2016-09-07,1,EGGS,141.0
2016-09-08,1,EGGS,117.0
2016-09-09,1,EGGS,157.0
2016-09-10,1,EGGS,152.0
2016-09-11,1,EGGS,63.0
2016-09-12,1,EGGS,135.0
2016-09-13,1,EGGS,120.0
2016-09-14,1,EGGS,155.0
2016-09-15,1,EGGS,112.0
2016-09-16,1,EGGS,150.0
2016-09-17,1,EGGS,167.0
2016-09-18,1,EGGS,74.0
2016-09-19,1,EGGS,132.0
2016-09-20,1,EGGS,125.0
2016-09-21,1,EGGS,136.0
2016-09-22,1,EGGS,118.0
2016-09-23,1,EGGS,140.0
2016-09-24,1,EGGS,162.0
2016-09-25,1,EGGS,76.0
2016-09-26,1,EGGS,157.0
2016-09-27,1,EGGS,118.0
2016-09-28,1,EGGS,153.0
2016-09-29,1,EGGS,69.0
2016-09-30,1,EGGS,112.0
2016-10-01,1,EGGS,204.0
2016-10-02,1,EGGS,77.0
2016-10-03,1,EGGS,148.0
2016-10-04,1,EGGS,127.0
2016-10-05,1,EGGS,153.0
2016-10-06,1,EGGS,114.0
2016-10-07,1,EGGS,162.0
2016-10-08,1,EGGS,154.0
2016-10-09,1,EGGS,96.0
2016-10-10,1,EGGS,130.0
2016-10-11,1,EGGS,107.0
2016-10-12,1,EGGS,157.0
2016-10-13,1,EGGS,129.0
2016-10-14,1,EGGS,151.0
2016-10-15,1,EGGS,165.0
2016-10-16,1,EGGS,67.0
2016-10-17,1,EGGS,141.0
2016-10-18,1,EGGS,130.0
2016-10-19,1,EGGS,153.0
2016-10-20,1,EGGS,94.0
2016-10-21,1,EGGS,161.0
2016-10-22,1,EGGS,146.0
2016-10-23,1,EGGS,96.0
2016-10-24,1,EGGS,129.0
2016-10-25,1,EGGS,165.0
2016-10-26,1,EGGS,134.0
2016-10-27,1,EGGS,117.0
2016-10-28,1,EGGS,160.0
2016-10-29,1,EGGS,171.0
2016-10-30,1,EGGS,85.0
2016-10-31,1,EGGS,114.0
2016-11-01,1,EGGS,144.0
2016-11-02,1,EGGS,62.0
2016-11-03,1,EGGS,69.0
2016-11-04,1,EGGS,104.0
2016-11-05,1,EGGS,109.0
2016-11-06,1,EGGS,67.0
2016-11-07,1,EGGS,172.0
2016-11-08,1,EGGS,142.0
2016-11-09,1,EGGS,171.0
2016-11-10,1,EGGS,131.0
2016-11-11,1,EGGS,147.0
2016-11-12,1,EGGS,161.0
2016-11-13,1,EGGS,85.0
2016-11-14,1,EGGS,141.0
2016-11-15,1,EGGS,151.0
2016-11-16,1,EGGS,157.0
2016-11-17,1,EGGS,122.0
2016-11-18,1,EGGS,133.0
2016-11-19,1,EGGS,160.0
2016-11-20,1,EGGS,85.0
2016-11-21,1,EGGS,146.0
2016-11-22,1,EGGS,140.0
2016-11-23,1,EGGS,175.0
2016-11-24,1,EGGS,99.0
2016-11-25,1,EGGS,149.0
2016-11-26,1,EGGS,118.0
2016-11-27,1,EGGS,67.0
2016-11-28,1,EGGS,163.0
2016-11-29,1,EGGS,133.0
2016-11-30,1,EGGS,138.0
2016-12-01,1,EGGS,112.0
2016-12-02,1,EGGS,167.0
2016-12-03,1,EGGS,165.0
2016-12-04,1,EGGS,85.0
2016-12-05,1,EGGS,117.0
2016-12-06,1,EGGS,59.0
2016-12-07,1,EGGS,181.0
2016-12-08,1,EGGS,141.0
2016-12-09,1,EGGS,155.0
2016-12-10,1,EGGS,149.0
2016-12-11,1,EGGS,75.0
2016-12-12,1,EGGS,141.0
2016-12-13,1,EGGS,115.0
2016-12-14,1,EGGS,146.0
2016-12-15,1,EGGS,134.0
2016-12-16,1,EGGS,156.0
2016-12-17,1,EGGS,162.0
2016-12-18,1,EGGS,116.0
2016-12-19,1,EGGS,147.0
2016-12-20,1,EGGS,154.0
2016-12-21,1,EGGS,151.0
2016-12-22,1,EGGS,131.0
2016-12-23,1,EGGS,184.0
2016-12-24,1,EGGS,181.0
2016-12-26,1,EGGS,69.0
2016-12-27,1,EGGS,149.0
2016-12-28,1,EGGS,132.0
2016-12-29,1,EGGS,75.0
2016-12-30,1,EGGS,150.0
2016-12-31,1,EGGS,138.0
2017-01-01,1,EGGS,0.0
2017-01-02,1,EGGS,76.0
2017-01-03,1,EGGS,202.0
2017-01-04,1,EGGS,197.0
2017-01-05,1,EGGS,159.0
2017-01-06,1,EGGS,169.0
2017-01-07,1,EGGS,153.0
2017-01-08,1,EGGS,91.0
2017-01-09,1,EGGS,166.0
2017-01-10,1,EGGS,117.0
2017-01-11,1,EGGS,134.0
2017-01-12,1,EGGS,119.0
2017-01-13,1,EGGS,176.0
2017-01-14,1,EGGS,171.0
2017-01-15,1,EGGS,88.0
2017-01-16,1,EGGS,159.0
2017-01-17,1,EGGS,140.0
2017-01-18,1,EGGS,155.0
2017-01-19,1,EGGS,110.0
2017-01-20,1,EGGS,134.0
2017-01-21,1,EGGS,212.0
2017-01-22,1,EGGS,83.0
2017-01-23,1,EGGS,145.0
2017-01-24,1,EGGS,122.0
2017-01-25,1,EGGS,148.0
2017-01-26,1,EGGS,127.0
2017-01-27,1,EGGS,153.0
2017-01-28,1,EGGS,161.0
2017-01-29,1,EGGS,82.0
2017-01-30,1,EGGS,135.0
2017-01-31,1,EGGS,141.0
2017-02-01,1,EGGS,170.0
2017-02-02,1,EGGS,117.0
2017-02-03,1,EGGS,153.0
2017-02-04,1,EGGS,159.0
2017-02-05,1,EGGS,75.0
2017-02-06,1,EGGS,143.0
2017-02-07,1,EGGS,147.0
2017-02-08,1,EGGS,131.0
2017-02-09,1,EGGS,106.0
2017-02-10,1,EGGS,145.0
2017-02-11,1,EGGS,187.0
2017-02-12,1,EGGS,72.0
2017-02-13,1,EGGS,144.0
2017-02-14,1,EGGS,119.0
2017-02-15,1,EGGS,142.0
2017-02-16,1,EGGS,125.0
2017-02-17,1,EGGS,158.0
2017-02-18,1,EGGS,169.0
2017-02-19,1,EGGS,75.0
2017-02-20,1,EGGS,152.0
2017-02-21,1,EGGS,123.0
2017-02-22,1,EGGS,165.0
2017-02-23,1,EGGS,93.0
2017-02-24,1,EGGS,175.0
2017-02-25,1,EGGS,136.0
2017-02-26,1,EGGS,53.0
2017-02-27,1,EGGS,35.0
2017-02-28,1,EGGS,74.0
2017-03-01,1,EGGS,215.0
2017-03-02,1,EGGS,160.0
2017-03-03,1,EGGS,187.0
2017-03-04,1,EGGS,172.0
2017-03-05,1,EGGS,77.0
2017-03-06,1,EGGS,133.0
2017-03-07,1,EGGS,153.0
2017-03-08,1,EGGS,168.0
2017-03-09,1,EGGS,114.0
2017-03-10,1,EGGS,150.0
2017-03-11,1,EGGS,165.0
2017-03-12,1,EGGS,87.0
2017-03-13,1,EGGS,181.0
2017-03-14,1,EGGS,139.0
2017-03-15,1,EGGS,166.0
2017-03-16,1,EGGS,126.0
2017-03-17,1,EGGS,175.0
2017-03-18,1,EGGS,153.0
2017-03-19,1,EGGS,103.0
2017-03-20,1,EGGS,174.0
2017-03-21,1,EGGS,123.0
2017-03-22,1,EGGS,158.0
2017-03-23,1,EGGS,115.0
2017-03-24,1,EGGS,182.0
2017-03-25,1,EGGS,168.0
2017-03-26,1,EGGS,99.0
2017-03-27,1,EGGS,169.0
2017-03-28,1,EGGS,125.0
2017-03-29,1,EGGS,183.0
2017-03-30,1,EGGS,131.0
2017-03-31,1,EGGS,193.0
2017-04-01,1,EGGS,231.0
2017-04-02,1,EGGS,84.0
2017-04-03,1,EGGS,113.0
2017-04-04,1,EGGS,142.0
2017-04-05,1,EGGS,178.0
2017-04-06,1,EGGS,135.0
2017-04-07,1,EGGS,179.0
2017-04-08,1,EGGS,163.0
2017-04-09,1,EGGS,91.0
2017-04-10,1,EGGS,155.0
2017-04-11,1,EGGS,137.0
2017-04-12,1,EGGS,168.0
2017-04-13,1,EGGS,144.0
2017-04-14,1,EGGS,69.0
2017-04-15,1,EGGS,141.0
2017-04-16,1,EGGS,62.0
2017-04-17,1,EGGS,154.0
2017-04-18,1,EGGS,123.0
2017-04-19,1,EGGS,170.0
2017-04-20,1,EGGS,103.0
2017-04-21,1,EGGS,164.0
2017-04-22,1,EGGS,166.0
2017-04-23,1,EGGS,74.0
2017-04-24,1,EGGS,152.0
2017-04-25,1,EGGS,126.0
2017-04-26,1,EGGS,172.0
2017-04-27,1,EGGS,119.0
2017-04-28,1,EGGS,143.0
2017-04-29,1,EGGS,144.0
2017-04-30,1,EGGS,64.0
2017-05-01,1,EGGS,67.0
2017-05-02,1,EGGS,180.0
2017-05-03,1,EGGS,151.0
2017-05-04,1,EGGS,102.0
2017-05-05,1,EGGS,164.0
2017-05-06,1,EGGS,157.0
2017-05-07,1,EGGS,78.0
2017-05-08,1,EGGS,160.0
2017-05-09,1,EGGS,122.0
2017-05-10,1,EGGS,139.0
2017-05-11,1,EGGS,113.0
2017-05-12,1,EGGS,162.0
2017-05-13,1,EGGS,183.0
2017-05-14,1,EGGS,78.0
2017-05-15,1,EGGS,183.0
2017-05-16,1,EGGS,157.0
2017-05-17,1,EGGS,136.0
2017-05-18,1,EGGS,108.0
2017-05-19,1,EGGS,170.0
2017-05-20,1,EGGS,168.0
2017-05-21,1,EGGS,90.0
2017-05-22,1,EGGS,156.0
2017-05-23,1,EGGS,134.0
2017-05-24,1,EGGS,154.0
2017-05-25,1,EGGS,125.0
2017-05-26,1,EGGS,90.0
2017-05-27,1,EGGS,155.0
2017-05-28,1,EGGS,70.0
2017-05-29,1,EGGS,140.0
2017-05-30,1,EGGS,141.0
2017-05-31,1,EGGS,139.0
2017-06-01,1,EGGS,149.0
2017-06-02,1,EGGS,220.0
2017-06-03,1,EGGS,199.0
2017-06-04,1,EGGS,98.0
2017-06-05,1,EGGS,159.0
2017-06-06,1,EGGS,173.0
2017-06-07,1,EGGS,199.0
2017-06-08,1,EGGS,143.0
2017-06-09,1,EGGS,196.0
2017-06-10,1,EGGS,192.0
2017-06-11,1,EGGS,95.0
2017-06-12,1,EGGS,184.0
2017-06-13,1,EGGS,163.0
2017-06-14,1,EGGS,166.0
2017-06-15,1,EGGS,154.0
2017-06-16,1,EGGS,172.0
2017-06-17,1,EGGS,223.0
2017-06-18,1,EGGS,90.0
2017-06-19,1,EGGS,198.0
2017-06-20,1,EGGS,170.0
2017-06-21,1,EGGS,167.0
2017-06-22,1,EGGS,128.0
2017-06-23,1,EGGS,145.0
2017-06-24,1,EGGS,148.0
2017-06-25,1,EGGS,67.0
2017-06-26,1,EGGS,164.0
2017-06-27,1,EGGS,120.0
2017-06-28,1,EGGS,164.0
2017-06-29,1,EGGS,118.0
2017-06-30,1,EGGS,133.0
2017-07-01,1,EGGS,154.0
2017-07-02,1,EGGS,82.0
2017-07-03,1,EGGS,168.0
2017-07-04,1,EGGS,113.0
2017-07-05,1,EGGS,156.0
2017-07-06,1,EGGS,124.0
2017-07-07,1,EGGS,138.0
2017-07-08,1,EGGS,175.0
2017-07-09,1,EGGS,88.0
2017-07-10,1,EGGS,141.0
2017-07-11,1,EGGS,128.0
2017-07-12,1,EGGS,169.0
2017-07-13,1,EGGS,113.0
2017-07-14,1,EGGS,172.0
2017-07-15,1,EGGS,169.0
2017-07-16,1,EGGS,60.0
2017-07-17,1,EGGS,170.0
2017-07-18,1,EGGS,143.0
2017-07-19,1,EGGS,151.0
2017-07-20,1,EGGS,157.0
2017-07-21,1,EGGS,157.0
2017-07-22,1,EGGS,164.0
2017-07-23,1,EGGS,76.0
2017-07-24,1,EGGS,162.0
2017-07-25,1,EGGS,129.0
2017-07-26,1,EGGS,143.0
2017-07-27,1,EGGS,127.0
2017-07-28,1,EGGS,150.0
2017-07-29,1,EGGS,143.0
2017-07-30,1,EGGS,83.0
2017-07-31,1,EGGS,149.0
2017-08-01,1,EGGS,161.0
2017-08-02,1,EGGS,160.0
2017-08-03,1,EGGS,120.0
2017-08-04,1,EGGS,143.0
2017-08-05,1,EGGS,155.0
2017-08-06,1,EGGS,47.0
2017-08-07,1,EGGS,152.0
2017-08-08,1,EGGS,130.0
2017-08-09,1,EGGS,134.0
2017-08-10,1,EGGS,114.0
2017-08-11,1,EGGS,86.0
2017-08-12,1,EGGS,113.0
2017-08-13,1,EGGS,60.0
2017-08-14,1,EGGS,170.0
2017-08-15,1,EGGS,131.0
2016-01-01,1,FROZEN FOODS,0.0
2016-01-02,1,FROZEN FOODS,81.053
2016-01-03,1,FROZEN FOODS,67.29
2016-01-04,1,FROZEN FOODS,146.0
2016-01-05,1,FROZEN FOODS,171.706
2016-01-06,1,FROZEN FOODS,149.0
2016-01-07,1,FROZEN FOODS,133.0
2016-01-08,1,FROZEN FOODS,159.471
2016-01-09,1,FROZEN FOODS,140.0
2016-01-10,1,FROZEN FOODS,36.0
2016-01-11,1,FROZEN FOODS,96.754
2016-01-12,1,FROZEN FOODS,121.322
2016-01-13,1,FROZEN FOODS,112.239
2016-01-14,1,FROZEN FOODS,116.752
2016-01-15,1,FROZEN FOODS,147.149
2016-01-16,1,FROZEN FOODS,136.224
2016-01-17,1,FROZEN FOODS,61.0
2016-01-18,1,FROZEN FOODS,126.076004
2016-01-19,1,FROZEN FOODS,136.121
2016-01-20,1,FROZEN FOODS,134.0
2016-01-21,1,FROZEN FOODS,97.618
2016-01-22,1,FROZEN FOODS,170.806
2016-01-23,1,FROZEN FOODS,151.0
2016-01-24,1,FROZEN FOODS,67.0
2016-01-25,1,FROZEN FOODS,99.0
2016-01-26,1,FROZEN FOODS,102.706
2016-01-27,1,FROZEN FOODS,105.0
2016-01-28,1,FROZEN FOODS,116.0
2016-01-29,1,FROZEN FOODS,121.0
2016-01-30,1,FROZEN FOODS,225.219
2016-01-31,1,FROZEN FOODS,48.0
2016-02-01,1,FROZEN FOODS,96.0
2016-02-02,1,FROZEN FOODS,93.0
2016-02-03,1,FROZEN FOODS,156.0
2016-02-04,1,FROZEN FOODS,116.506
2016-02-05,1,FROZEN FOODS,148.679
2016-02-06,1,FROZEN FOODS,130.0
2016-02-07,1,FROZEN FOODS,33.0
2016-02-08,1,FROZEN FOODS,46.017
2016-02-09,1,FROZEN FOODS,50.0
2016-02-10,1,FROZEN FOODS,131.0
2016-02-11,1,FROZEN FOODS,84.520004
2016-02-12,1,FROZEN FOODS,177.05
2016-02-13,1,FROZEN FOODS,161.856
2016-02-14,1,FROZEN FOODS,51.0
2016-02-15,1,FROZEN FOODS,105.425
2016-02-16,1,FROZEN FOODS,101.526
2016-02-17,1,FROZEN FOODS,156.405
2016-02-18,1,FROZEN FOODS,115.613
2016-02-19,1,FROZEN FOODS,183.78
2016-02-20,1,FROZEN FOODS,145.0
2016-02-21,1,FROZEN FOODS,49.0
2016-02-22,1,FROZEN FOODS,95.0
2016-02-23,1,FROZEN FOODS,107.0
2016-02-24,1,FROZEN FOODS,143.346
2016-02-25,1,FROZEN FOODS,93.0
2016-02-26,1,FROZEN FOODS,124.0
2016-02-27,1,FROZEN FOODS,143.97
2016-02-28,1,FROZEN FOODS,61.361
2016-02-29,1,FROZEN FOODS,94.0
2016-03-01,1,FROZEN FOODS,90.964
2016-03-02,1,FROZEN FOODS,128.0
2016-03-03,1,FROZEN FOODS,109.0
2016-03-04,1,FROZEN FOODS,167.099
2016-03-05,1,FROZEN FOODS,142.0
2016-03-06,1,FROZEN FOODS,50.0
2016-03-07,1,FROZEN FOODS,111.0
2016-03-08,1,FROZEN FOODS,154.0
2016-03-09,1,FROZEN FOODS,98.0
2016-03-10,1,FROZEN FOODS,106.0
2016-03-11,1,FROZEN FOODS,201.92
2016-03-12,1,FROZEN FOODS,114.0
2016-03-13,1,FROZEN FOODS,32.0
2016-03-14,1,FROZEN FOODS,93.0
2016-03-15,1,FROZEN FOODS,92.0
2016-03-16,1,FROZEN FOODS,118.139
2016-03-17,1,FROZEN FOODS,90.0
2016-03-18,1,FROZEN FOODS,176.647
2016-03-19,1,FROZEN FOODS,130.923
2016-03-20,1,FROZEN FOODS,39.0
2016-03-21,1,FROZEN FOODS,128.0
2016-03-22,1,FROZEN FOODS,142.45
2016-03-23,1,FROZEN FOODS,136.0
2016-03-24,1,FROZEN FOODS,134.956
2016-03-25,1,FROZEN FOODS,51.0
2016-03-26,1,FROZEN FOODS,101.0
2016-03-27,1,FROZEN FOODS,54.966
2016-03-28,1,FROZEN FOODS,90.0
2016-03-29,1,FROZEN FOODS,136.0
2016-03-30,1,FROZEN FOODS,114.832
2016-03-31,1,FROZEN FOODS,90.0
2016-04-01,1,FROZEN FOODS,134.865
2016-04-02,1,FROZEN FOODS,123.0
2016-04-03,1,FROZEN FOODS,42.0
2016-04-04,1,FROZEN FOODS,82.0
2016-04-05,1,FROZEN FOODS,81.0
2016-04-06,1,FROZEN FOODS,106.0
2016-04-07,1,FROZEN FOODS,100.452
2016-04-08,1,FROZEN FOODS,133.0
2016-04-09,1,FROZEN FOODS,119.0
2016-04-10,1,FROZEN FOODS,57.0
2016-04-11,1,FROZEN FOODS,81.0
2016-04-12,1,FROZEN FOODS,90.0
2016-04-13,1,FROZEN FOODS,102.0
2016-04-14,1,FROZEN FOODS,122.99
2016-04-15,1,FROZEN FOODS,136.319
2016-04-16,1,FROZEN FOODS,104.0
2016-04-17,1,FROZEN FOODS,57.0
2016-04-18,1,FROZEN FOODS,95.642
2016-04-19,1,FROZEN FOODS,101.384
2016-04-20,1,FROZEN FOODS,118.0
2016-04-21,1,FROZEN FOODS,100.0
2016-04-22,1,FROZEN FOODS,118.656
2016-04-23,1,FROZEN FOODS,124.0
2016-04-24,1,FROZEN FOODS,69.0
2016-04-25,1,FROZEN FOODS,102.0
2016-04-26,1,FROZEN FOODS,107.0
2016-04-27,1,FROZEN FOODS,85.0
2016-04-28,1,FROZEN FOODS,114.639
2016-04-29,1,FROZEN FOODS,133.27
2016-04-30,1,FROZEN FOODS,141.0
2016-05-01,1,FROZEN FOODS,57.0
2016-05-02,1,FROZEN FOODS,94.0
2016-05-03,1,FROZEN FOODS,124.09
2016-05-04,1,FROZEN FOODS,136.982
2016-05-05,1,FROZEN FOODS,134.0
2016-05-06,1,FROZEN FOODS,159.89
2016-05-07,1,FROZEN FOODS,130.0
2016-05-08,1,FROZEN FOODS,76.0
2016-05-09,1,FROZEN FOODS,87.0
2016-05-10,1,FROZEN FOODS,70.0
2016-05-11,1,FROZEN FOODS,127.065
2016-05-12,1,FROZEN FOODS,133.899
2016-05-13,1,FROZEN FOODS,159.0
2016-05-14,1,FROZEN FOODS,157.076
2016-05-15,1,FROZEN FOODS,55.0
2016-05-16,1,FROZEN FOODS,83.0
2016-05-17,1,FROZEN FOODS,90.242
2016-05-18,1,FROZEN FOODS,120.0
2016-05-19,1,FROZEN FOODS,118.195
2016-05-20,1,FROZEN FOODS,131.764
2016-05-21,1,FROZEN FOODS,159.0
2016-05-22,1,FROZEN FOODS,62.422
2016-05-23,1,FROZEN FOODS,75.0
2016-05-24,1,FROZEN FOODS,104.0
2016-05-25,1,FROZEN FOODS,124.0
2016-05-26,1,FROZEN FOODS,134.514
2016-05-27,1,FROZEN FOODS,70.0
2016-05-28,1,FROZEN FOODS,115.0
2016-05-29,1,FROZEN FOODS,35.0
2016-05-30,1,FROZEN FOODS,106.0
2016-05-31,1,FROZEN FOODS,124.715
2016-06-01,1,FROZEN FOODS,130.0
2016-06-02,1,FROZEN FOODS,108.0
2016-06-03,1,FROZEN FOODS,161.536
2016-06-04,1,FROZEN FOODS,144.905
2016-06-05,1,FROZEN FOODS,55.0
2016-06-06,1,FROZEN FOODS,86.0
2016-06-07,1,FROZEN FOODS,115.0
2016-06-08,1,FROZEN FOODS,141.0
2016-06-09,1,FROZEN FOODS,120.685
2016-06-10,1,FROZEN FOODS,119.0
2016-06-11,1,FROZEN FOODS,133.0
2016-06-12,1,FROZEN FOODS,90.0
2016-06-13,1,FROZEN FOODS,94.0
2016-06-14,1,FROZEN FOODS,98.0
2016-06-15,1,FROZEN FOODS,99.0
2016-06-16,1,FROZEN FOODS,156.0
2016-06-17,1,FROZEN FOODS,166.54199
2016-06-18,1,FROZEN FOODS,172.0
2016-06-19,1,FROZEN FOODS,74.0
2016-06-20,1,FROZEN FOODS,87.0
2016-06-21,1,FROZEN FOODS,90.0
2016-06-22,1,FROZEN FOODS,90.0
2016-06-23,1,FROZEN FOODS,84.0
2016-06-24,1,FROZEN FOODS,164.0
2016-06-25,1,FROZEN FOODS,129.471
2016-06-26,1,FROZEN FOODS,49.0
2016-06-27,1,FROZEN FOODS,118.101
2016-06-28,1,FROZEN FOODS,106.0
2016-06-29,1,FROZEN FOODS,94.0
2016-06-30,1,FROZEN FOODS,96.0
2016-07-01,1,FROZEN FOODS,183.0
2016-07-02,1,FROZEN FOODS,134.05
2016-07-03,1,FROZEN FOODS,58.0
2016-07-04,1,FROZEN FOODS,97.0
2016-07-05,1,FROZEN FOODS,81.0
2016-07-06,1,FROZEN FOODS,125.554
2016-07-07,1,FROZEN FOODS,99.0
2016-07-08,1,FROZEN FOODS,143.436
2016-07-09,1,FROZEN FOODS,135.226
2016-07-10,1,FROZEN FOODS,65.0
2016-07-11,1,FROZEN FOODS,70.0
2016-07-12,1,FROZEN FOODS,95.0
2016-07-13,1,FROZEN FOODS,106.983
2016-07-14,1,FROZEN FOODS,133.0
2016-07-15,1,FROZEN FOODS,125.72
2016-07-16,1,FROZEN FOODS,168.251
2016-07-17,1,FROZEN FOODS,58.0
2016-07-18,1,FROZEN FOODS,100.0
2016-07-19,1,FROZEN FOODS,106.0
2016-07-20,1,FROZEN FOODS,97.0
2016-07-21,1,FROZEN FOODS,106.954
2016-07-22,1,FROZEN FOODS,105.0
2016-07-23,1,FROZEN FOODS,122.0
2016-07-24,1,FROZEN FOODS,52.0
2016-07-25,1,FROZEN FOODS,73.0
2016-07-26,1,FROZEN FOODS,105.21
2016-07-27,1,FROZEN FOODS,138.0
2016-07-28,1,FROZEN FOODS,239.0
2016-07-29,1,FROZEN FOODS,150.77
2016-07-30,1,FROZEN FOODS,104.0
2016-07-31,1,FROZEN FOODS,41.0
2016-08-01,1,FROZEN FOODS,81.0
2016-08-02,1,FROZEN FOODS,75.0
2016-08-03,1,FROZEN FOODS,104.397
2016-08-04,1,FROZEN FOODS,108.0
2016-08-05,1,FROZEN FOODS,162.759
2016-08-06,1,FROZEN FOODS,124.0
2016-08-07,1,FROZEN FOODS,57.0
2016-08-08,1,FROZEN FOODS,78.0
2016-08-09,1,FROZEN FOODS,108.0
2016-08-10,1,FROZEN FOODS,139.715
2016-08-11,1,FROZEN FOODS,92.0
2016-08-12,1,FROZEN FOODS,73.0
2016-08-13,1,FROZEN FOODS,68.0
2016-08-14,1,FROZEN FOODS,50.0
2016-08-15,1,FROZEN FOODS,73.706
2016-08-16,1,FROZEN FOODS,84.0
2016-08-17,1,FROZEN FOODS,127.179
2016-08-18,1,FROZEN FOODS,123.0
2016-08-19,1,FROZEN FOODS,187.51
2016-08-20,1,FROZEN FOODS,136.0
2016-08-21,1,FROZEN FOODS,47.0
2016-08-22,1,FROZEN FOODS,96.0
2016-08-23,1,FROZEN FOODS,113.0
2016-08-24,1,FROZEN FOODS,179.48
2016-08-25,1,FROZEN FOODS,105.0
2016-08-26,1,FROZEN FOODS,132.0
2016-08-27,1,FROZEN FOODS,120.0
2016-08-28,1,FROZEN FOODS,46.0
2016-08-29,1,FROZEN FOODS,91.0
2016-08-30,1,FROZEN FOODS,74.0
2016-08-31,1,FROZEN FOODS,132.0
2016-09-01,1,FROZEN FOODS,143.0
2016-09-02,1,FROZEN FOODS,121.0
2016-09-03,1,FROZEN FOODS,146.841
2016-09-04,1,FROZEN FOODS,49.0
2016-09-05,1,FROZEN FOODS,115.0
2016-09-06,1,FROZEN FOODS,125.0
2016-09-07,1,FROZEN FOODS,94.0
2016-09-08,1,FROZEN FOODS,123.0
2016-09-09,1,FROZEN FOODS,149.0
2016-09-10,1,FROZEN FOODS,142.274
2016-09-11,1,FROZEN FOODS,43.0
2016-09-12,1,FROZEN FOODS,111.0
2016-09-13,1,FROZEN FOODS,95.0
2016-09-14,1,FROZEN FOODS,84.0
2016-09-15,1,FROZEN FOODS,88.0
2016-09-16,1,FROZEN FOODS,112.0
2016-09-17,1,FROZEN FOODS,139.82
2016-09-18,1,FROZEN FOODS,48.0
2016-09-19,1,FROZEN FOODS,67.0
2016-09-20,1,FROZEN FOODS,96.0
2016-09-21,1,FROZEN FOODS,114.0
2016-09-22,1,FROZEN FOODS,108.379
2016-09-23,1,FROZEN FOODS,174.0
2016-09-24,1,FROZEN FOODS,134.0
2016-09-25,1,FROZEN FOODS,32.0
2016-09-26,1,FROZEN FOODS,73.0
2016-09-27,1,FROZEN FOODS,88.454
2016-09-28,1,FROZEN FOODS,95.0
2016-09-29,1,FROZEN FOODS,81.0
2016-09-30,1,FROZEN FOODS,105.0
2016-10-01,1,FROZEN FOODS,132.0
2016-10-02,1,FROZEN FOODS,58.333
2016-10-03,1,FROZEN FOODS,96.0
2016-10-04,1,FROZEN FOODS,107.0
2016-10-05,1,FROZEN FOODS,98.234
2016-10-06,1,FROZEN FOODS,115.0
2016-10-07,1,FROZEN FOODS,98.0
2016-10-08,1,FROZEN FOODS,137.0
2016-10-09,1,FROZEN FOODS,54.0
2016-10-10,1,FROZEN FOODS,74.0
2016-10-11,1,FROZEN FOODS,118.181
2016-10-12,1,FROZEN FOODS,97.0
2016-10-13,1,FROZEN FOODS,89.471
2016-10-14,1,FROZEN FOODS,91.0
2016-10-15,1,FROZEN FOODS,121.684
2016-10-16,1,FROZEN FOODS,59.0
2016-10-17,1,FROZEN FOODS,68.0
2016-10-18,1,FROZEN FOODS,93.0
2016-10-19,1,FROZEN FOODS,115.0
2016-10-20,1,FROZEN FOODS,109.326004
2016-10-21,1,FROZEN FOODS,134.0
2016-10-22,1,FROZEN FOODS,124.0
2016-10-23,1,FROZEN FOODS,65.486
2016-10-24,1,FROZEN FOODS,92.393
2016-10-25,1,FROZEN FOODS,119.854996
2016-10-26,1,FROZEN FOODS,103.0
2016-10-27,1,FROZEN FOODS,100.0
2016-10-28,1,FROZEN FOODS,138.0
2016-10-29,1,FROZEN FOODS,105.0
2016-10-30,1,FROZEN FOODS,51.0
2016-10-31,1,FROZEN FOODS,73.0
2016-11-01,1,FROZEN FOODS,97.0
2016-11-02,1,FROZEN FOODS,49.0
2016-11-03,1,FROZEN FOODS,52.725998
2016-11-04,1,FROZEN FOODS,85.0
2016-11-05,1,FROZEN FOODS,114.0
2016-11-06,1,FROZEN FOODS,37.85
2016-11-07,1,FROZEN FOODS,73.517
2016-11-08,1,FROZEN FOODS,118.0
2016-11-09,1,FROZEN FOODS,120.0
2016-11-10,1,FROZEN FOODS,129.27
2016-11-11,1,FROZEN FOODS,109.0
2016-11-12,1,FROZEN FOODS,92.0
2016-11-13,1,FROZEN FOODS,77.011
2016-11-14,1,FROZEN FOODS,92.7
2016-11-15,1,FROZEN FOODS,121.0
2016-11-16,1,FROZEN FOODS,140.29001
2016-11-17,1,FROZEN FOODS,110.0
2016-11-18,1,FROZEN FOODS,110.585
2016-11-19,1,FROZEN FOODS,127.34
2016-11-20,1,FROZEN FOODS,64.361
2016-11-21,1,FROZEN FOODS,145.479
2016-11-22,1,FROZEN FOODS,142.168
2016-11-23,1,FROZEN FOODS,150.906
2016-11-24,1,FROZEN FOODS,107.009
2016-11-25,1,FROZEN FOODS,160.18
2016-11-26,1,FROZEN FOODS,118.974
2016-11-27,1,FROZEN FOODS,48.054
2016-11-28,1,FROZEN FOODS,138.378
2016-11-29,1,FROZEN FOODS,79.0
2016-11-30,1,FROZEN FOODS,131.77
2016-12-01,1,FROZEN FOODS,147.499
2016-12-02,1,FROZEN FOODS,177.824
2016-12-03,1,FROZEN FOODS,154.601
2016-12-04,1,FROZEN FOODS,57.0
2016-12-05,1,FROZEN FOODS,189.075
2016-12-06,1,FROZEN FOODS,91.918
2016-12-07,1,FROZEN FOODS,217.886
2016-12-08,1,FROZEN FOODS,170.813
2016-12-09,1,FROZEN FOODS,178.513
2016-12-10,1,FROZEN FOODS,184.449
2016-12-11,1,FROZEN FOODS,84.55
2016-12-12,1,FROZEN FOODS,160.121
2016-12-13,1,FROZEN FOODS,762.781
2016-12-14,1,FROZEN FOODS,522.501
2016-12-15,1,FROZEN FOODS,343.243
2016-12-16,1,FROZEN FOODS,929.12897
2016-12-17,1,FROZEN FOODS,630.811
2016-12-18,1,FROZEN FOODS,286.632
2016-12-19,1,FROZEN FOODS,1135.8
2016-12-20,1,FROZEN FOODS,1240.125
2016-12-21,1,FROZEN FOODS,1016.166
2016-12-22,1,FROZEN FOODS,993.369
2016-12-23,1,FROZEN FOODS,888.04803
2016-12-24,1,FROZEN FOODS,312.693
2016-12-26,1,FROZEN FOODS,70.777
2016-12-27,1,FROZEN FOODS,241.054
2016-12-28,1,FROZEN FOODS,294.232
2016-12-29,1,FROZEN FOODS,325.8
2016-12-30,1,FROZEN FOODS,368.557
2016-12-31,1,FROZEN FOODS,308.707
2017-01-01,1,FROZEN FOODS,0.0
2017-01-02,1,FROZEN FOODS,72.15
2017-01-03,1,FROZEN FOODS,124.176
2017-01-04,1,FROZEN FOODS,115.0
2017-01-05,1,FROZEN FOODS,157.514
2017-01-06,1,FROZEN FOODS,169.799
2017-01-07,1,FROZEN FOODS,111.19
2017-01-08,1,FROZEN FOODS,75.6
2017-01-09,1,FROZEN FOODS,105.829
2017-01-10,1,FROZEN FOODS,77.0
2017-01-11,1,FROZEN FOODS,126.0
2017-01-12,1,FROZEN FOODS,98.3
2017-01-13,1,FROZEN FOODS,171.21
2017-01-14,1,FROZEN FOODS,105.0
2017-01-15,1,FROZEN FOODS,58.0
2017-01-16,1,FROZEN FOODS,91.0
2017-01-17,1,FROZEN FOODS,105.724
2017-01-18,1,FROZEN FOODS,118.0
2017-01-19,1,FROZEN FOODS,117.059
2017-01-20,1,FROZEN FOODS,119.601
2017-01-21,1,FROZEN FOODS,91.0
2017-01-22,1,FROZEN FOODS,36.0
2017-01-23,1,FROZEN FOODS,81.803
2017-01-24,1,FROZEN FOODS,89.726
2017-01-25,1,FROZEN FOODS,129.762
2017-01-26,1,FROZEN FOODS,89.0
2017-01-27,1,FROZEN FOODS,156.541
2017-01-28,1,FROZEN FOODS,123.084
2017-01-29,1,FROZEN FOODS,66.0
2017-01-30,1,FROZEN FOODS,70.0
2017-01-31,1,FROZEN FOODS,78.0
2017-02-01,1,FROZEN FOODS,153.0
2017-02-02,1,FROZEN FOODS,111.475
2017-02-03,1,FROZEN FOODS,110.0
2017-02-04,1,FROZEN FOODS,117.265
2017-02-05,1,FROZEN FOODS,41.0
2017-02-06,1,FROZEN FOODS,87.0
2017-02-07,1,FROZEN FOODS,95.841
2017-02-08,1,FROZEN FOODS,122.956
2017-02-09,1,FROZEN FOODS,97.0
2017-02-10,1,FROZEN FOODS,130.0
2017-02-11,1,FROZEN FOODS,146.0
2017-02-12,1,FROZEN FOODS,64.0
2017-02-13,1,FROZEN FOODS,74.0
2017-02-14,1,FROZEN FOODS,99.0
2017-02-15,1,FROZEN FOODS,101.679
2017-02-16,1,FROZEN FOODS,83.255
2017-02-17,1,FROZEN FOODS,117.94
2017-02-18,1,FROZEN FOODS,106.0
2017-02-19,1,FROZEN FOODS,64.0
2017-02-20,1,FROZEN FOODS,82.0
2017-02-21,1,FROZEN FOODS,64.0
2017-02-22,1,FROZEN FOODS,106.0
2017-02-23,1,FROZEN FOODS,99.0
2017-02-24,1,FROZEN FOODS,135.502
2017-02-25,1,FROZEN FOODS,88.0
2017-02-26,1,FROZEN FOODS,24.0
2017-02-27,1,FROZEN FOODS,22.0
2017-02-28,1,FROZEN FOODS,77.471
2017-03-01,1,FROZEN FOODS,158.0
2017-03-02,1,FROZEN FOODS,84.0
2017-03-03,1,FROZEN FOODS,142.0
2017-03-04,1,FROZEN FOODS,151.0
2017-03-05,1,FROZEN FOODS,50.0
2017-03-06,1,FROZEN FOODS,103.26
2017-03-07,1,FROZEN FOODS,94.0
2017-03-08,1,FROZEN FOODS,126.806
2017-03-09,1,FROZEN FOODS,148.48
2017-03-10,1,FROZEN FOODS,129.0
2017-03-11,1,FROZEN FOODS,109.0
2017-03-12,1,FROZEN FOODS,52.0
2017-03-13,1,FROZEN FOODS,103.0
2017-03-14,1,FROZEN FOODS,72.0
2017-03-15,1,FROZEN FOODS,98.415
2017-03-16,1,FROZEN FOODS,132.957
2017-03-17,1,FROZEN FOODS,160.0
2017-03-18,1,FROZEN FOODS,124.0
2017-03-19,1,FROZEN FOODS,34.0
2017-03-20,1,FROZEN FOODS,115.532
2017-03-21,1,FROZEN FOODS,109.0
2017-03-22,1,FROZEN FOODS,108.0
2017-03-23,1,FROZEN FOODS,121.098
2017-03-24,1,FROZEN FOODS,154.0
2017-03-25,1,FROZEN FOODS,118.0
2017-03-26,1,FROZEN FOODS,37.0
2017-03-27,1,FROZEN FOODS,120.831
2017-03-28,1,FROZEN FOODS,95.0
2017-03-29,1,FROZEN FOODS,165.434
2017-03-30,1,FROZEN FOODS,87.0
2017-03-31,1,FROZEN FOODS,114.269
2017-04-01,1,FROZEN FOODS,132.0
2017-04-02,1,FROZEN FOODS,51.0
2017-04-03,1,FROZEN FOODS,134.773
2017-04-04,1,FROZEN FOODS,83.0
2017-04-05,1,FROZEN FOODS,114.0
2017-04-06,1,FROZEN FOODS,136.258
2017-04-07,1,FROZEN FOODS,131.0
2017-04-08,1,FROZEN FOODS,82.0
2017-04-09,1,FROZEN FOODS,42.0
2017-04-10,1,FROZEN FOODS,101.569
2017-04-11,1,FROZEN FOODS,86.0
2017-04-12,1,FROZEN FOODS,163.944
2017-04-13,1,FROZEN FOODS,148.073
2017-04-14,1,FROZEN FOODS,36.0
2017-04-15,1,FROZEN FOODS,82.0
2017-04-16,1,FROZEN FOODS,40.0
2017-04-17,1,FROZEN FOODS,73.0
2017-04-18,1,FROZEN FOODS,159.33499
2017-04-19,1,FROZEN FOODS,114.0
2017-04-20,1,FROZEN FOODS,120.054
2017-04-21,1,FROZEN FOODS,145.97
2017-04-22,1,FROZEN FOODS,135.0
2017-04-23,1,FROZEN FOODS,35.0
2017-04-24,1,FROZEN FOODS,123.038
2017-04-25,1,FROZEN FOODS,98.19
2017-04-26,1,FROZEN FOODS,139.466
2017-04-27,1,FROZEN FOODS,90.679
2017-04-28,1,FROZEN FOODS,162.693
2017-04-29,1,FROZEN FOODS,92.0
2017-04-30,1,FROZEN FOODS,58.656
2017-05-01,1,FROZEN FOODS,30.0
2017-05-02,1,FROZEN FOODS,107.965
2017-05-03,1,FROZEN FOODS,134.0
2017-05-04,1,FROZEN FOODS,104.454
2017-05-05,1,FROZEN FOODS,138.0
2017-05-06,1,FROZEN FOODS,133.0
2017-05-07,1,FROZEN FOODS,35.0
2017-05-08,1,FROZEN FOODS,123.501
2017-05-09,1,FROZEN FOODS,149.74
2017-05-10,1,FROZEN FOODS,117.831
2017-05-11,1,FROZEN FOODS,155.218
2017-05-12,1,FROZEN FOODS,151.196
2017-05-13,1,FROZEN FOODS,151.66699
2017-05-14,1,FROZEN FOODS,56.68
2017-05-15,1,FROZEN FOODS,122.726
2017-05-16,1,FROZEN FOODS,104.669
2017-05-17,1,FROZEN FOODS,115.0
2017-05-18,1,FROZEN FOODS,150.0
2017-05-19,1,FROZEN FOODS,120.0
2017-05-20,1,FROZEN FOODS,101.734
2017-05-21,1,FROZEN FOODS,50.0
2017-05-22,1,FROZEN FOODS,143.107
2017-05-23,1,FROZEN FOODS,142.0
2017-05-24,1,FROZEN FOODS,176.068
2017-05-25,1,FROZEN FOODS,147.909
2017-05-26,1,FROZEN FOODS,72.173996
2017-05-27,1,FROZEN FOODS,128.0
2017-05-28,1,FROZEN FOODS,37.0
2017-05-29,1,FROZEN FOODS,162.657
2017-05-30,1,FROZEN FOODS,72.0
2017-05-31,1,FROZEN FOODS,168.782
2017-06-01,1,FROZEN FOODS,109.0
2017-06-02,1,FROZEN FOODS,242.0
2017-06-03,1,FROZEN FOODS,133.03
2017-06-04,1,FROZEN FOODS,34.0
2017-06-05,1,FROZEN FOODS,175.56
2017-06-06,1,FROZEN FOODS,105.0
2017-06-07,1,FROZEN FOODS,215.23401
2017-06-08,1,FROZEN FOODS,96.0
2017-06-09,1,FROZEN FOODS,167.932
2017-06-10,1,FROZEN FOODS,146.0
2017-06-11,1,FROZEN FOODS,65.0
2017-06-12,1,FROZEN FOODS,102.864
2017-06-13,1,FROZEN FOODS,85.35
2017-06-14,1,FROZEN FOODS,179.412
2017-06-15,1,FROZEN FOODS,174.645
2017-06-16,1,FROZEN FOODS,140.0
2017-06-17,1,FROZEN FOODS,169.559
2017-06-18,1,FROZEN FOODS,57.0
2017-06-19,1,FROZEN FOODS,155.897
2017-06-20,1,FROZEN FOODS,93.729004
2017-06-21,1,FROZEN FOODS,169.245
2017-06-22,1,FROZEN FOODS,82.311
2017-06-23,1,FROZEN FOODS,138.187
2017-06-24,1,FROZEN FOODS,144.0
2017-06-25,1,FROZEN FOODS,42.0
2017-06-26,1,FROZEN FOODS,143.611
2017-06-27,1,FROZEN FOODS,68.0
2017-06-28,1,FROZEN FOODS,128.0
2017-06-29,1,FROZEN FOODS,159.77
2017-06-30,1,FROZEN FOODS,107.0
2017-07-01,1,FROZEN FOODS,125.0
2017-07-02,1,FROZEN FOODS,59.0
2017-07-03,1,FROZEN FOODS,115.0
2017-07-04,1,FROZEN FOODS,135.584
2017-07-05,1,FROZEN FOODS,160.22
2017-07-06,1,FROZEN FOODS,138.90201
2017-07-07,1,FROZEN FOODS,125.0
2017-07-08,1,FROZEN FOODS,142.344
2017-07-09,1,FROZEN FOODS,39.0
2017-07-10,1,FROZEN FOODS,110.321
2017-07-11,1,FROZEN FOODS,126.520004
2017-07-12,1,FROZEN FOODS,164.215
2017-07-13,1,FROZEN FOODS,152.52899
2017-07-14,1,FROZEN FOODS,145.616
2017-07-15,1,FROZEN FOODS,121.29
2017-07-16,1,FROZEN FOODS,40.0
2017-07-17,1,FROZEN FOODS,145.241
2017-07-18,1,FROZEN FOODS,127.632
2017-07-19,1,FROZEN FOODS,151.206
2017-07-20,1,FROZEN FOODS,125.658005
2017-07-21,1,FROZEN FOODS,149.934
2017-07-22,1,FROZEN FOODS,181.0
2017-07-23,1,FROZEN FOODS,70.0
2017-07-24,1,FROZEN FOODS,131.623
2017-07-25,1,FROZEN FOODS,123.389
2017-07-26,1,FROZEN FOODS,157.342
2017-07-27,1,FROZEN FOODS,130.785
2017-07-28,1,FROZEN FOODS,121.0
2017-07-29,1,FROZEN FOODS,133.5
2017-07-30,1,FROZEN FOODS,37.0
2017-07-31,1,FROZEN FOODS,158.354
2017-08-01,1,FROZEN FOODS,144.126
2017-08-02,1,FROZEN FOODS,200.899
2017-08-03,1,FROZEN FOODS,132.185
2017-08-04,1,FROZEN FOODS,143.0
2017-08-05,1,FROZEN FOODS,155.597
2017-08-06,1,FROZEN FOODS,40.0
2017-08-07,1,FROZEN FOODS,136.719
2017-08-08,1,FROZEN FOODS,134.287
2017-08-09,1,FROZEN FOODS,154.309
2017-08-10,1,FROZEN FOODS,167.70999
2017-08-11,1,FROZEN FOODS,61.0
2017-08-12,1,FROZEN FOODS,107.794
2017-08-13,1,FROZEN FOODS,50.0
2017-08-14,1,FROZEN FOODS,110.0
2017-08-15,1,FROZEN FOODS,89.0
2016-01-01,1,GROCERY I,0.0
2016-01-02,1,GROCERY I,2047.0
2016-01-03,1,GROCERY I,1069.0
2016-01-04,1,GROCERY I,3190.0
2016-01-05,1,GROCERY I,2627.0
2016-01-06,1,GROCERY I,3330.0
2016-01-07,1,GROCERY I,2500.0
2016-01-08,1,GROCERY I,2985.0
2016-01-09,1,GROCERY I,2427.0
2016-01-10,1,GROCERY I,1061.0
2016-01-11,1,GROCERY I,2474.0
2016-01-12,1,GROCERY I,3035.0
2016-01-13,1,GROCERY I,2617.0
2016-01-14,1,GROCERY I,2403.0
2016-01-15,1,GROCERY I,2291.0
2016-01-16,1,GROCERY I,2599.0
2016-01-17,1,GROCERY I,1291.0
2016-01-18,1,GROCERY I,2659.0
2016-01-19,1,GROCERY I,2294.0
2016-01-20,1,GROCERY I,2720.0
2016-01-21,1,GROCERY I,2053.0
2016-01-22,1,GROCERY I,2780.0
2016-01-23,1,GROCERY I,2390.0
2016-01-24,1,GROCERY I,950.0
2016-01-25,1,GROCERY I,2601.0
2016-01-26,1,GROCERY I,2289.0
2016-01-27,1,GROCERY I,2689.0
2016-01-28,1,GROCERY I,2110.0
2016-01-29,1,GROCERY I,2490.0
2016-01-30,1,GROCERY I,2489.0
2016-01-31,1,GROCERY I,1101.0
2016-02-01,1,GROCERY I,2731.0
2016-02-02,1,GROCERY I,2665.0
2016-02-03,1,GROCERY I,3591.0
2016-02-04,1,GROCERY I,2432.0
2016-02-05,1,GROCERY I,2632.0
2016-02-06,1,GROCERY I,2342.0
2016-02-07,1,GROCERY I,631.0
2016-02-08,1,GROCERY I,703.0
2016-02-09,1,GROCERY I,956.0
2016-02-10,1,GROCERY I,2778.0
2016-02-11,1,GROCERY I,2452.0
2016-02-12,1,GROCERY I,2790.0
2016-02-13,1,GROCERY I,2557.0
2016-02-14,1,GROCERY I,1117.0
2016-02-15,1,GROCERY I,2566.0
2016-02-16,1,GROCERY I,3345.0
2016-02-17,1,GROCERY I,2891.0
2016-02-18,1,GROCERY I,2394.0
2016-02-19,1,GROCERY I,2860.0
2016-02-20,1,GROCERY I,2747.0
2016-02-21,1,GROCERY I,1200.0
2016-02-22,1,GROCERY I,2453.0
2016-02-23,1,GROCERY I,2451.0
2016-02-24,1,GROCERY I,2807.0
2016-02-25,1,GROCERY I,2084.0
2016-02-26,1,GROCERY I,2563.0
2016-02-27,1,GROCERY I,2500.0
2016-02-28,1,GROCERY I,903.0
2016-02-29,1,GROCERY I,2448.0
2016-03-01,1,GROCERY I,2808.0
2016-03-02,1,GROCERY I,3137.0
2016-03-03,1,GROCERY I,2303.0
2016-03-04,1,GROCERY I,3587.0
2016-03-05,1,GROCERY I,2878.0
2016-03-06,1,GROCERY I,1365.0
2016-03-07,1,GROCERY I,2596.0
2016-03-08,1,GROCERY I,2531.0
2016-03-09,1,GROCERY I,2750.0
2016-03-10,1,GROCERY I,2196.0
2016-03-11,1,GROCERY I,2714.0
2016-03-12,1,GROCERY I,2678.0
2016-03-13,1,GROCERY I,1134.0
2016-03-14,1,GROCERY I,2266.0
2016-03-15,1,GROCERY I,2986.0
2016-03-16,1,GROCERY I,3039.0
2016-03-17,1,GROCERY I,2427.0
2016-03-18,1,GROCERY I,2478.0
2016-03-19,1,GROCERY I,2514.0
2016-03-20,1,GROCERY I,1313.0
2016-03-21,1,GROCERY I,2456.0
2016-03-22,1,GROCERY I,2356.0
2016-03-23,1,GROCERY I,2774.0
2016-03-24,1,GROCERY I,2941.0
2016-03-25,1,GROCERY I,824.0
2016-03-26,1,GROCERY I,1748.0
2016-03-27,1,GROCERY I,977.0
2016-03-28,1,GROCERY I,2309.0
2016-03-29,1,GROCERY I,2698.0
2016-03-30,1,GROCERY I,2632.0
2016-03-31,1,GROCERY I,2407.0
2016-04-01,1,GROCERY I,3554.0
2016-04-02,1,GROCERY I,3028.0
2016-04-03,1,GROCERY I,1319.0
2016-04-04,1,GROCERY I,2792.0
2016-04-05,1,GROCERY I,2657.0
2016-04-06,1,GROCERY I,2784.0
2016-04-07,1,GROCERY I,2625.0
2016-04-08,1,GROCERY I,2486.0
2016-04-09,1,GROCERY I,2523.0
2016-04-10,1,GROCERY I,1179.0
2016-04-11,1,GROCERY I,2578.0
2016-04-12,1,GROCERY I,2406.0
2016-04-13,1,GROCERY I,2821.0
2016-04-14,1,GROCERY I,2236.0
2016-04-15,1,GROCERY I,2621.0
2016-04-16,1,GROCERY I,2439.0
2016-04-17,1,GROCERY I,2649.0
2016-04-18,1,GROCERY I,9065.0
2016-04-19,1,GROCERY I,8221.0
2016-04-20,1,GROCERY I,5438.0
2016-04-21,1,GROCERY I,4768.0
2016-04-22,1,GROCERY I,4871.0
2016-04-23,1,GROCERY I,3039.0
2016-04-24,1,GROCERY I,1554.0
2016-04-25,1,GROCERY I,2528.0
2016-04-26,1,GROCERY I,2535.0
2016-04-27,1,GROCERY I,2779.0
2016-04-28,1,GROCERY I,2989.0
2016-04-29,1,GROCERY I,2786.0
2016-04-30,1,GROCERY I,2920.0
2016-05-01,1,GROCERY I,1470.0
2016-05-02,1,GROCERY I,2870.0
2016-05-03,1,GROCERY I,2628.0
2016-05-04,1,GROCERY I,3279.0
2016-05-05,1,GROCERY I,2977.0
2016-05-06,1,GROCERY I,2994.0
2016-05-07,1,GROCERY I,3156.0
2016-05-08,1,GROCERY I,852.0
2016-05-09,1,GROCERY I,2969.0
2016-05-10,1,GROCERY I,2279.0
2016-05-11,1,GROCERY I,2897.0
2016-05-12,1,GROCERY I,2423.0
2016-05-13,1,GROCERY I,2783.0
2016-05-14,1,GROCERY I,2713.0
2016-05-15,1,GROCERY I,1183.0
2016-05-16,1,GROCERY I,2893.0
2016-05-17,1,GROCERY I,3123.0
2016-05-18,1,GROCERY I,2898.0
2016-05-19,1,GROCERY I,2249.0
2016-05-20,1,GROCERY I,2523.0
2016-05-21,1,GROCERY I,2700.0
2016-05-22,1,GROCERY I,1221.0
2016-05-23,1,GROCERY I,2415.0
2016-05-24,1,GROCERY I,2293.0
2016-05-25,1,GROCERY I,2501.0
2016-05-26,1,GROCERY I,2592.0
2016-05-27,1,GROCERY I,1153.0
2016-05-28,1,GROCERY I,1895.0
2016-05-29,1,GROCERY I,1008.0
2016-05-30,1,GROCERY I,2756.0
2016-05-31,1,GROCERY I,3496.0
2016-06-01,1,GROCERY I,3404.0
2016-06-02,1,GROCERY I,2469.0
2016-06-03,1,GROCERY I,3876.0
2016-06-04,1,GROCERY I,2799.0
2016-06-05,1,GROCERY I,1106.0
2016-06-06,1,GROCERY I,2821.0
2016-06-07,1,GROCERY I,2790.0
2016-06-08,1,GROCERY I,3208.0
2016-06-09,1,GROCERY I,2079.0
2016-06-10,1,GROCERY I,2900.0
2016-06-11,1,GROCERY I,2436.0
2016-06-12,1,GROCERY I,1184.0
2016-06-13,1,GROCERY I,2374.0
2016-06-14,1,GROCERY I,2301.0
2016-06-15,1,GROCERY I,3015.0
2016-06-16,1,GROCERY I,2370.0
2016-06-17,1,GROCERY I,2624.0
2016-06-18,1,GROCERY I,2823.0
2016-06-19,1,GROCERY I,1042.0
2016-06-20,1,GROCERY I,2598.0
2016-06-21,1,GROCERY I,2525.0
2016-06-22,1,GROCERY I,2685.0
2016-06-23,1,GROCERY I,2330.0
2016-06-24,1,GROCERY I,2550.0
2016-06-25,1,GROCERY I,2529.0
2016-06-26,1,GROCERY I,1216.0
2016-06-27,1,GROCERY I,2390.0
2016-06-28,1,GROCERY I,2987.0
2016-06-29,1,GROCERY I,2596.0
2016-06-30,1,GROCERY I,2155.0
2016-07-01,1,GROCERY I,3213.0
2016-07-02,1,GROCERY I,2795.0
2016-07-03,1,GROCERY I,1263.0
2016-07-04,1,GROCERY I,2946.0
2016-07-05,1,GROCERY I,2479.0
2016-07-06,1,GROCERY I,3117.0
2016-07-07,1,GROCERY I,2325.0
2016-07-08,1,GROCERY I,2807.0
2016-07-09,1,GROCERY I,2196.0
2016-07-10,1,GROCERY I,1044.0
2016-07-11,1,GROCERY I,2373.0
2016-07-12,1,GROCERY I,2254.0
2016-07-13,1,GROCERY I,2955.0
2016-07-14,1,GROCERY I,2379.0
2016-07-15,1,GROCERY I,3094.0
2016-07-16,1,GROCERY I,2712.0
2016-07-17,1,GROCERY I,1070.0
2016-07-18,1,GROCERY I,2540.0
2016-07-19,1,GROCERY I,2457.0
2016-07-20,1,GROCERY I,2843.0
2016-07-21,1,GROCERY I,2365.0
2016-07-22,1,GROCERY I,2755.0
2016-07-23,1,GROCERY I,2329.0
2016-07-24,1,GROCERY I,1150.0
2016-07-25,1,GROCERY I,2285.0
2016-07-26,1,GROCERY I,2428.0
2016-07-27,1,GROCERY I,2842.0
2016-07-28,1,GROCERY I,2275.0
2016-07-29,1,GROCERY I,2243.0
2016-07-30,1,GROCERY I,2697.0
2016-07-31,1,GROCERY I,1047.0
2016-08-01,1,GROCERY I,3121.0
2016-08-02,1,GROCERY I,2577.0
2016-08-03,1,GROCERY I,3139.0
2016-08-04,1,GROCERY I,2435.0
2016-08-05,1,GROCERY I,2845.0
2016-08-06,1,GROCERY I,2304.0
2016-08-07,1,GROCERY I,917.0
2016-08-08,1,GROCERY I,2684.0
2016-08-09,1,GROCERY I,2486.0
2016-08-10,1,GROCERY I,2374.0
2016-08-11,1,GROCERY I,2511.0
2016-08-12,1,GROCERY I,1055.0
2016-08-13,1,GROCERY I,1621.0
2016-08-14,1,GROCERY I,728.0
2016-08-15,1,GROCERY I,3181.0
2016-08-16,1,GROCERY I,2436.0
2016-08-17,1,GROCERY I,2422.0
2016-08-18,1,GROCERY I,2201.0
2016-08-19,1,GROCERY I,2538.0
2016-08-20,1,GROCERY I,2308.0
2016-08-21,1,GROCERY I,969.0
2016-08-22,1,GROCERY I,2360.0
2016-08-23,1,GROCERY I,2545.0
2016-08-24,1,GROCERY I,2886.0
2016-08-25,1,GROCERY I,1999.0
2016-08-26,1,GROCERY I,2419.0
2016-08-27,1,GROCERY I,2141.0
2016-08-28,1,GROCERY I,1045.0
2016-08-29,1,GROCERY I,2280.0
2016-08-30,1,GROCERY I,2337.0
2016-08-31,1,GROCERY I,2903.0
2016-09-01,1,GROCERY I,2935.0
2016-09-02,1,GROCERY I,2798.0
2016-09-03,1,GROCERY I,2534.0
2016-09-04,1,GROCERY I,1282.0
2016-09-05,1,GROCERY I,2432.0
2016-09-06,1,GROCERY I,2943.0
2016-09-07,1,GROCERY I,2646.0
2016-09-08,1,GROCERY I,2380.0
2016-09-09,1,GROCERY I,2604.0
2016-09-10,1,GROCERY I,2370.0
2016-09-11,1,GROCERY I,1059.0
2016-09-12,1,GROCERY I,2664.0
2016-09-13,1,GROCERY I,2623.0
2016-09-14,1,GROCERY I,2597.0
2016-09-15,1,GROCERY I,2290.0
2016-09-16,1,GROCERY I,2625.0
2016-09-17,1,GROCERY I,2645.0
2016-09-18,1,GROCERY I,1200.0
2016-09-19,1,GROCERY I,2558.0
2016-09-20,1,GROCERY I,2492.0
2016-09-21,1,GROCERY I,2753.0
2016-09-22,1,GROCERY I,2323.0
2016-09-23,1,GROCERY I,2391.0
2016-09-24,1,GROCERY I,2496.0
2016-09-25,1,GROCERY I,1030.0
2016-09-26,1,GROCERY I,2161.0
2016-09-27,1,GROCERY I,2255.0
2016-09-28,1,GROCERY I,2735.0
2016-09-29,1,GROCERY I,2131.0
2016-09-30,1,GROCERY I,2579.0
2016-10-01,1,GROCERY I,3369.0
2016-10-02,1,GROCERY I,1532.0
2016-10-03,1,GROCERY I,2982.0
2016-10-04,1,GROCERY I,2750.0
2016-10-05,1,GROCERY I,3834.0
2016-10-06,1,GROCERY I,2458.0
2016-10-07,1,GROCERY I,2592.0
2016-10-08,1,GROCERY I,2615.0
2016-10-09,1,GROCERY I,1361.0
2016-10-10,1,GROCERY I,2535.0
2016-10-11,1,GROCERY I,2390.0
2016-10-12,1,GROCERY I,2722.0
2016-10-13,1,GROCERY I,2093.0
2016-10-14,1,GROCERY I,2637.0
2016-10-15,1,GROCERY I,2562.0
2016-10-16,1,GROCERY I,1494.0
2016-10-17,1,GROCERY I,2605.0
2016-10-18,1,GROCERY I,2443.0
2016-10-19,1,GROCERY I,2788.0
2016-10-20,1,GROCERY I,2445.0
2016-10-21,1,GROCERY I,2438.0
2016-10-22,1,GROCERY I,2755.0
2016-10-23,1,GROCERY I,1360.0
2016-10-24,1,GROCERY I,2455.0
2016-10-25,1,GROCERY I,2783.0
2016-10-26,1,GROCERY I,2785.0
2016-10-27,1,GROCERY I,2633.0
2016-10-28,1,GROCERY I,2854.0
2016-10-29,1,GROCERY I,2652.0
2016-10-30,1,GROCERY I,1364.0
2016-10-31,1,GROCERY I,2332.0
2016-11-01,1,GROCERY I,4118.0
2016-11-02,1,GROCERY I,1074.0
2016-11-03,1,GROCERY I,888.0
2016-11-04,1,GROCERY I,1686.0
2016-11-05,1,GROCERY I,1860.0
2016-11-06,1,GROCERY I,1142.0
2016-11-07,1,GROCERY I,3004.0
2016-11-08,1,GROCERY I,2966.0
2016-11-09,1,GROCERY I,4669.0
2016-11-10,1,GROCERY I,2466.0
2016-11-11,1,GROCERY I,2660.0
2016-11-12,1,GROCERY I,2753.0
2016-11-13,1,GROCERY I,1353.0
2016-11-14,1,GROCERY I,3061.0
2016-11-15,1,GROCERY I,2802.0
2016-11-16,1,GROCERY I,2999.0
2016-11-17,1,GROCERY I,2545.0
2016-11-18,1,GROCERY I,2998.0
2016-11-19,1,GROCERY I,2850.0
2016-11-20,1,GROCERY I,1213.0
2016-11-21,1,GROCERY I,3097.0
2016-11-22,1,GROCERY I,2690.0
2016-11-23,1,GROCERY I,3054.0
2016-11-24,1,GROCERY I,2410.0
2016-11-25,1,GROCERY I,2652.0
2016-11-26,1,GROCERY I,2550.0
2016-11-27,1,GROCERY I,1210.0
2016-11-28,1,GROCERY I,3013.0
2016-11-29,1,GROCERY I,2584.0
2016-11-30,1,GROCERY I,3032.0
2016-12-01,1,GROCERY I,2663.0
2016-12-02,1,GROCERY I,4522.0
2016-12-03,1,GROCERY I,2767.0
2016-12-04,1,GROCERY I,1581.0
2016-12-05,1,GROCERY I,2852.0
2016-12-06,1,GROCERY I,1177.0
2016-12-07,1,GROCERY I,3695.0
2016-12-08,1,GROCERY I,3099.0
2016-12-09,1,GROCERY I,4320.0
2016-12-10,1,GROCERY I,2972.0
2016-12-11,1,GROCERY I,1417.0
2016-12-12,1,GROCERY I,2991.0
2016-12-13,1,GROCERY I,4624.0
2016-12-14,1,GROCERY I,4394.0
2016-12-15,1,GROCERY I,3410.0
2016-12-16,1,GROCERY I,3481.0
2016-12-17,1,GROCERY I,3451.0
2016-12-18,1,GROCERY I,2044.0
2016-12-19,1,GROCERY I,3872.0
2016-12-20,1,GROCERY I,4080.0
2016-12-21,1,GROCERY I,5162.0
2016-12-22,1,GROCERY I,5055.0
2016-12-23,1,GROCERY I,5386.0
2016-12-24,1,GROCERY I,3609.0
2016-12-26,1,GROCERY I,904.0
2016-12-27,1,GROCERY I,3156.0
2016-12-28,1,GROCERY I,2761.0
2016-12-29,1,GROCERY I,2573.0
2016-12-30,1,GROCERY I,3292.0
2016-12-31,1,GROCERY I,2768.0
2017-01-01,1,GROCERY I,0.0
2017-01-02,1,GROCERY I,1218.0
2017-01-03,1,GROCERY I,3507.0
2017-01-04,1,GROCERY I,3665.0
2017-01-05,1,GROCERY I,3085.0
2017-01-06,1,GROCERY I,3012.0
2017-01-07,1,GROCERY I,2898.0
2017-01-08,1,GROCERY I,1426.0
2017-01-09,1,GROCERY I,2850.0
2017-01-10,1,GROCERY I,2939.0
2017-01-11,1,GROCERY I,3265.0
2017-01-12,1,GROCERY I,2736.0
2017-01-13,1,GROCERY I,3014.0
2017-01-14,1,GROCERY I,2905.0
2017-01-15,1,GROCERY I,1410.0
2017-01-16,1,GROCERY I,2719.0
2017-01-17,1,GROCERY I,3896.0
2017-01-18,1,GROCERY I,3068.0
2017-01-19,1,GROCERY I,2395.0
2017-01-20,1,GROCERY I,2523.0
2017-01-21,1,GROCERY I,3212.0
2017-01-22,1,GROCERY I,1190.0
2017-01-23,1,GROCERY I,3208.0
2017-01-24,1,GROCERY I,2657.0
2017-01-25,1,GROCERY I,2830.0
2017-01-26,1,GROCERY I,2524.0
2017-01-27,1,GROCERY I,3039.0
2017-01-28,1,GROCERY I,2792.0
2017-01-29,1,GROCERY I,1354.0
2017-01-30,1,GROCERY I,2792.0
2017-01-31,1,GROCERY I,2463.0
2017-02-01,1,GROCERY I,3307.0
2017-02-02,1,GROCERY I,2807.0
2017-02-03,1,GROCERY I,3091.0
2017-02-04,1,GROCERY I,3198.0
2017-02-05,1,GROCERY I,1256.0
2017-02-06,1,GROCERY I,2561.0
2017-02-07,1,GROCERY I,2842.0
2017-02-08,1,GROCERY I,2993.0
2017-02-09,1,GROCERY I,2638.0
2017-02-10,1,GROCERY I,3484.0
2017-02-11,1,GROCERY I,2885.0
2017-02-12,1,GROCERY I,1210.0
2017-02-13,1,GROCERY I,3257.0
2017-02-14,1,GROCERY I,2848.0
2017-02-15,1,GROCERY I,2740.0
2017-02-16,1,GROCERY I,2643.0
2017-02-17,1,GROCERY I,2946.0
2017-02-18,1,GROCERY I,3462.0
2017-02-19,1,GROCERY I,1079.0
2017-02-20,1,GROCERY I,2697.0
2017-02-21,1,GROCERY I,2831.0
2017-02-22,1,GROCERY I,3362.0
2017-02-23,1,GROCERY I,2983.0
2017-02-24,1,GROCERY I,3120.0
2017-02-25,1,GROCERY I,2741.0
2017-02-26,1,GROCERY I,927.0
2017-02-27,1,GROCERY I,762.0
2017-02-28,1,GROCERY I,1392.0
2017-03-01,1,GROCERY I,3628.0
2017-03-02,1,GROCERY I,3323.0
2017-03-03,1,GROCERY I,3391.0
2017-03-04,1,GROCERY I,3002.0
2017-03-05,1,GROCERY I,1337.0
2017-03-06,1,GROCERY I,2819.0
2017-03-07,1,GROCERY I,4917.0
2017-03-08,1,GROCERY I,3218.0
2017-03-09,1,GROCERY I,2700.0
2017-03-10,1,GROCERY I,2966.0
2017-03-11,1,GROCERY I,3023.0
2017-03-12,1,GROCERY I,1438.0
2017-03-13,1,GROCERY I,2858.0
2017-03-14,1,GROCERY I,2775.0
2017-03-15,1,GROCERY I,3097.0
2017-03-16,1,GROCERY I,2933.0
2017-03-17,1,GROCERY I,3456.0
2017-03-18,1,GROCERY I,3015.0
2017-03-19,1,GROCERY I,1458.0
2017-03-20,1,GROCERY I,3157.0
2017-03-21,1,GROCERY I,3562.0
2017-03-22,1,GROCERY I,3074.0
2017-03-23,1,GROCERY I,2728.0
2017-03-24,1,GROCERY I,3321.0
2017-03-25,1,GROCERY I,2853.0
2017-03-26,1,GROCERY I,1330.0
2017-03-27,1,GROCERY I,2830.0
2017-03-28,1,GROCERY I,2937.0
2017-03-29,1,GROCERY I,3104.0
2017-03-30,1,GROCERY I,2557.0
2017-03-31,1,GROCERY I,3185.0
2017-04-01,1,GROCERY I,3912.0
2017-04-02,1,GROCERY I,1482.0
2017-04-03,1,GROCERY I,2886.0
2017-04-04,1,GROCERY I,2785.0
2017-04-05,1,GROCERY I,3492.0
2017-04-06,1,GROCERY I,2461.0
2017-04-07,1,GROCERY I,3054.0
2017-04-08,1,GROCERY I,3174.0
2017-04-09,1,GROCERY I,1394.0
2017-04-10,1,GROCERY I,2437.0
2017-04-11,1,GROCERY I,2674.0
2017-04-12,1,GROCERY I,3374.0
2017-04-13,1,GROCERY I,2931.0
2017-04-14,1,GROCERY I,790.0
2017-04-15,1,GROCERY I,2030.0
2017-04-16,1,GROCERY I,1185.0
2017-04-17,1,GROCERY I,3641.0
2017-04-18,1,GROCERY I,2579.0
2017-04-19,1,GROCERY I,2972.0
2017-04-20,1,GROCERY I,2546.0
2017-04-21,1,GROCERY I,3112.0
2017-04-22,1,GROCERY I,2824.0
2017-04-23,1,GROCERY I,1163.0
2017-04-24,1,GROCERY I,2540.0
2017-04-25,1,GROCERY I,2817.0
2017-04-26,1,GROCERY I,2868.0
2017-04-27,1,GROCERY I,2301.0
2017-04-28,1,GROCERY I,2876.0
2017-04-29,1,GROCERY I,2426.0
2017-04-30,1,GROCERY I,886.0
2017-05-01,1,GROCERY I,891.0
2017-05-02,1,GROCERY I,4193.0
2017-05-03,1,GROCERY I,3777.0
2017-05-04,1,GROCERY I,2800.0
2017-05-05,1,GROCERY I,2991.0
2017-05-06,1,GROCERY I,2752.0
2017-05-07,1,GROCERY I,1103.0
2017-05-08,1,GROCERY I,2854.0
2017-05-09,1,GROCERY I,2763.0
2017-05-10,1,GROCERY I,2925.0
2017-05-11,1,GROCERY I,2233.0
2017-05-12,1,GROCERY I,3532.0
2017-05-13,1,GROCERY I,2931.0
2017-05-14,1,GROCERY I,931.0
2017-05-15,1,GROCERY I,2531.0
2017-05-16,1,GROCERY I,2822.0
2017-05-17,1,GROCERY I,3131.0
2017-05-18,1,GROCERY I,2600.0
2017-05-19,1,GROCERY I,3077.0
2017-05-20,1,GROCERY I,2573.0
2017-05-21,1,GROCERY I,1205.0
2017-05-22,1,GROCERY I,2842.0
2017-05-23,1,GROCERY I,2665.0
2017-05-24,1,GROCERY I,3574.0
2017-05-25,1,GROCERY I,2505.0
2017-05-26,1,GROCERY I,1301.0
2017-05-27,1,GROCERY I,2166.0
2017-05-28,1,GROCERY I,1258.0
2017-05-29,1,GROCERY I,2666.0
2017-05-30,1,GROCERY I,2497.0
2017-05-31,1,GROCERY I,3262.0
2017-06-01,1,GROCERY I,2774.0
2017-06-02,1,GROCERY I,2953.0
2017-06-03,1,GROCERY I,2996.0
2017-06-04,1,GROCERY I,1148.0
2017-06-05,1,GROCERY I,3071.0
2017-06-06,1,GROCERY I,3383.0
2017-06-07,1,GROCERY I,3353.0
2017-06-08,1,GROCERY I,2902.0
2017-06-09,1,GROCERY I,3105.0
2017-06-10,1,GROCERY I,3106.0
2017-06-11,1,GROCERY I,1352.0
2017-06-12,1,GROCERY I,2601.0
2017-06-13,1,GROCERY I,2426.0
2017-06-14,1,GROCERY I,4411.0
2017-06-15,1,GROCERY I,3189.0
2017-06-16,1,GROCERY I,2991.0
2017-06-17,1,GROCERY I,3016.0
2017-06-18,1,GROCERY I,1223.0
2017-06-19,1,GROCERY I,3373.0
2017-06-20,1,GROCERY I,4575.0
2017-06-21,1,GROCERY I,2898.0
2017-06-22,1,GROCERY I,2499.0
2017-06-23,1,GROCERY I,2663.0
2017-06-24,1,GROCERY I,2877.0
2017-06-25,1,GROCERY I,1264.0
2017-06-26,1,GROCERY I,2812.0
2017-06-27,1,GROCERY I,2653.0
2017-06-28,1,GROCERY I,3003.0
2017-06-29,1,GROCERY I,2603.0
2017-06-30,1,GROCERY I,2916.0
2017-07-01,1,GROCERY I,2871.0
2017-07-02,1,GROCERY I,1222.0
2017-07-03,1,GROCERY I,2952.0
2017-07-04,1,GROCERY I,2759.0
2017-07-05,1,GROCERY I,3147.0
2017-07-06,1,GROCERY I,2550.0
2017-07-07,1,GROCERY I,2972.0
2017-07-08,1,GROCERY I,2561.0
2017-07-09,1,GROCERY I,1140.0
2017-07-10,1,GROCERY I,2849.0
2017-07-11,1,GROCERY I,2712.0
2017-07-12,1,GROCERY I,3185.0
2017-07-13,1,GROCERY I,2571.0
2017-07-14,1,GROCERY I,3182.0
2017-07-15,1,GROCERY I,2297.0
2017-07-16,1,GROCERY I,1028.0
2017-07-17,1,GROCERY I,2720.0
2017-07-18,1,GROCERY I,3370.0
2017-07-19,1,GROCERY I,3065.0
2017-07-20,1,GROCERY I,2592.0
2017-07-21,1,GROCERY I,2725.0
2017-07-22,1,GROCERY I,2576.0
2017-07-23,1,GROCERY I,1371.0
2017-07-24,1,GROCERY I,2612.0
2017-07-25,1,GROCERY I,2405.0
2017-07-26,1,GROCERY I,2878.0
2017-07-27,1,GROCERY I,2466.0
2017-07-28,1,GROCERY I,2622.0
2017-07-29,1,GROCERY I,2446.0
2017-07-30,1,GROCERY I,1086.0
2017-07-31,1,GROCERY I,2966.0
2017-08-01,1,GROCERY I,2872.0
2017-08-02,1,GROCERY I,3247.0
2017-08-03,1,GROCERY I,2177.0
2017-08-04,1,GROCERY I,2778.0
2017-08-05,1,GROCERY I,2034.0
2017-08-06,1,GROCERY I,1025.0
2017-08-07,1,GROCERY I,2551.0
2017-08-08,1,GROCERY I,3062.0
2017-08-09,1,GROCERY I,2719.0
2017-08-10,1,GROCERY I,2591.0
2017-08-11,1,GROCERY I,1270.0
2017-08-12,1,GROCERY I,1630.0
2017-08-13,1,GROCERY I,952.0
2017-08-14,1,GROCERY I,2407.0
2017-08-15,1,GROCERY I,2508.0
2016-01-01,1,GROCERY II,0.0
2016-01-02,1,GROCERY II,11.0
2016-01-03,1,GROCERY II,1.0
2016-01-04,1,GROCERY II,29.0
2016-01-05,1,GROCERY II,26.0
2016-01-06,1,GROCERY II,25.0
2016-01-07,1,GROCERY II,18.0
2016-01-08,1,GROCERY II,17.0
2016-01-09,1,GROCERY II,29.0
2016-01-10,1,GROCERY II,13.0
2016-01-11,1,GROCERY II,11.0
2016-01-12,1,GROCERY II,26.0
2016-01-13,1,GROCERY II,21.0
2016-01-14,1,GROCERY II,23.0
2016-01-15,1,GROCERY II,9.0
2016-01-16,1,GROCERY II,27.0
2016-01-17,1,GROCERY II,9.0
2016-01-18,1,GROCERY II,14.0
2016-01-19,1,GROCERY II,21.0
2016-01-20,1,GROCERY II,24.0
2016-01-21,1,GROCERY II,17.0
2016-01-22,1,GROCERY II,32.0
2016-01-23,1,GROCERY II,21.0
2016-01-24,1,GROCERY II,9.0
2016-01-25,1,GROCERY II,27.0
2016-01-26,1,GROCERY II,12.0
2016-01-27,1,GROCERY II,16.0
2016-01-28,1,GROCERY II,26.0
2016-01-29,1,GROCERY II,40.0
2016-01-30,1,GROCERY II,7.0
2016-01-31,1,GROCERY II,10.0
2016-02-01,1,GROCERY II,24.0
2016-02-02,1,GROCERY II,39.0
2016-02-03,1,GROCERY II,60.0
2016-02-04,1,GROCERY II,22.0
2016-02-05,1,GROCERY II,25.0
2016-02-06,1,GROCERY II,7.0
2016-02-07,1,GROCERY II,1.0
2016-02-08,1,GROCERY II,2.0
2016-02-09,1,GROCERY II,4.0
2016-02-10,1,GROCERY II,22.0
2016-02-11,1,GROCERY II,16.0
2016-02-12,1,GROCERY II,20.0
2016-02-13,1,GROCERY II,25.0
2016-02-14,1,GROCERY II,5.0
2016-02-15,1,GROCERY II,15.0
2016-02-16,1,GROCERY II,30.0
2016-02-17,1,GROCERY II,28.0
2016-02-18,1,GROCERY II,14.0
2016-02-19,1,GROCERY II,20.0
2016-02-20,1,GROCERY II,15.0
2016-02-21,1,GROCERY II,5.0
2016-02-22,1,GROCERY II,26.0
2016-02-23,1,GROCERY II,9.0
2016-02-24,1,GROCERY II,22.0
2016-02-25,1,GROCERY II,10.0
2016-02-26,1,GROCERY II,23.0
2016-02-27,1,GROCERY II,10.0
2016-02-28,1,GROCERY II,7.0
2016-02-29,1,GROCERY II,31.0
2016-03-01,1,GROCERY II,31.0
2016-03-02,1,GROCERY II,26.0
2016-03-03,1,GROCERY II,20.0
2016-03-04,1,GROCERY II,24.0
2016-03-05,1,GROCERY II,46.0
2016-03-06,1,GROCERY II,9.0
2016-03-07,1,GROCERY II,39.0
2016-03-08,1,GROCERY II,29.0
2016-03-09,1,GROCERY II,27.0
2016-03-10,1,GROCERY II,23.0
2016-03-11,1,GROCERY II,6.0
2016-03-12,1,GROCERY II,18.0
2016-03-13,1,GROCERY II,6.0
2016-03-14,1,GROCERY II,22.0
2016-03-15,1,GROCERY II,27.0
2016-03-16,1,GROCERY II,29.0
2016-03-17,1,GROCERY II,29.0
2016-03-18,1,GROCERY II,7.0
2016-03-19,1,GROCERY II,19.0
2016-03-20,1,GROCERY II,4.0
2016-03-21,1,GROCERY II,13.0
2016-03-22,1,GROCERY II,15.0
2016-03-23,1,GROCERY II,23.0
2016-03-24,1,GROCERY II,34.0
2016-03-25,1,GROCERY II,9.0
2016-03-26,1,GROCERY II,14.0
2016-03-27,1,GROCERY II,5.0
2016-03-28,1,GROCERY II,20.0
2016-03-29,1,GROCERY II,32.0
2016-03-30,1,GROCERY II,28.0
2016-03-31,1,GROCERY II,37.0
2016-04-01,1,GROCERY II,11.0
2016-04-02,1,GROCERY II,18.0
2016-04-03,1,GROCERY II,12.0
2016-04-04,1,GROCERY II,27.0
2016-04-05,1,GROCERY II,35.0
2016-04-06,1,GROCERY II,25.0
2016-04-07,1,GROCERY II,16.0
2016-04-08,1,GROCERY II,14.0
2016-04-09,1,GROCERY II,51.0
2016-04-10,1,GROCERY II,8.0
2016-04-11,1,GROCERY II,23.0
2016-04-12,1,GROCERY II,13.0
2016-04-13,1,GROCERY II,28.0
2016-04-14,1,GROCERY II,15.0
2016-04-15,1,GROCERY II,28.0
2016-04-16,1,GROCERY II,25.0
2016-04-17,1,GROCERY II,7.0
2016-04-18,1,GROCERY II,23.0
2016-04-19,1,GROCERY II,32.0
2016-04-20,1,GROCERY II,19.0
2016-04-21,1,GROCERY II,18.0
2016-04-22,1,GROCERY II,9.0
2016-04-23,1,GROCERY II,19.0
2016-04-24,1,GROCERY II,4.0
2016-04-25,1,GROCERY II,13.0
2016-04-26,1,GROCERY II,21.0
2016-04-27,1,GROCERY II,27.0
2016-04-28,1,GROCERY II,28.0
2016-04-29,1,GROCERY II,18.0
2016-04-30,1,GROCERY II,24.0
2016-05-01,1,GROCERY II,5.0
2016-05-02,1,GROCERY II,12.0
2016-05-03,1,GROCERY II,23.0
2016-05-04,1,GROCERY II,26.0
2016-05-05,1,GROCERY II,20.0
2016-05-06,1,GROCERY II,28.0
2016-05-07,1,GROCERY II,20.0
2016-05-08,1,GROCERY II,5.0
2016-05-09,1,GROCERY II,32.0
2016-05-10,1,GROCERY II,24.0
2016-05-11,1,GROCERY II,35.0
2016-05-12,1,GROCERY II,39.0
2016-05-13,1,GROCERY II,17.0
2016-05-14,1,GROCERY II,20.0
2016-05-15,1,GROCERY II,9.0
2016-05-16,1,GROCERY II,9.0
2016-05-17,1,GROCERY II,24.0
2016-05-18,1,GROCERY II,22.0
2016-05-19,1,GROCERY II,11.0
2016-05-20,1,GROCERY II,6.0
2016-05-21,1,GROCERY II,21.0
2016-05-22,1,GROCERY II,16.0
2016-05-23,1,GROCERY II,2.0
2016-05-24,1,GROCERY II,33.0
2016-05-25,1,GROCERY II,24.0
2016-05-26,1,GROCERY II,29.0
2016-05-27,1,GROCERY II,2.0
2016-05-28,1,GROCERY II,17.0
2016-05-29,1,GROCERY II,10.0
2016-05-30,1,GROCERY II,26.0
2016-05-31,1,GROCERY II,31.0
2016-06-01,1,GROCERY II,29.0
2016-06-02,1,GROCERY II,26.0
2016-06-03,1,GROCERY II,14.0
2016-06-04,1,GROCERY II,12.0
2016-06-05,1,GROCERY II,9.0
2016-06-06,1,GROCERY II,13.0
2016-06-07,1,GROCERY II,21.0
2016-06-08,1,GROCERY II,19.0
2016-06-09,1,GROCERY II,28.0
2016-06-10,1,GROCERY II,29.0
2016-06-11,1,GROCERY II,49.0
2016-06-12,1,GROCERY II,7.0
2016-06-13,1,GROCERY II,9.0
2016-06-14,1,GROCERY II,25.0
2016-06-15,1,GROCERY II,35.0
2016-06-16,1,GROCERY II,18.0
2016-06-17,1,GROCERY II,25.0
2016-06-18,1,GROCERY II,17.0
2016-06-19,1,GROCERY II,6.0
2016-06-20,1,GROCERY II,18.0
2016-06-21,1,GROCERY II,17.0
2016-06-22,1,GROCERY II,34.0
2016-06-23,1,GROCERY II,21.0
2016-06-24,1,GROCERY II,15.0
2016-06-25,1,GROCERY II,29.0
2016-06-26,1,GROCERY II,17.0
2016-06-27,1,GROCERY II,17.0
2016-06-28,1,GROCERY II,53.0
2016-06-29,1,GROCERY II,23.0
2016-06-30,1,GROCERY II,11.0
2016-07-01,1,GROCERY II,21.0
2016-07-02,1,GROCERY II,32.0
2016-07-03,1,GROCERY II,2.0
2016-07-04,1,GROCERY II,16.0
2016-07-05,1,GROCERY II,14.0
2016-07-06,1,GROCERY II,43.0
2016-07-07,1,GROCERY II,18.0
2016-07-08,1,GROCERY II,21.0
2016-07-09,1,GROCERY II,19.0
2016-07-10,1,GROCERY II,9.0
2016-07-11,1,GROCERY II,12.0
2016-07-12,1,GROCERY II,19.0
2016-07-13,1,GROCERY II,30.0
2016-07-14,1,GROCERY II,5.0
2016-07-15,1,GROCERY II,10.0
2016-07-16,1,GROCERY II,13.0
2016-07-17,1,GROCERY II,1.0
2016-07-18,1,GROCERY II,23.0
2016-07-19,1,GROCERY II,7.0
2016-07-20,1,GROCERY II,9.0
2016-07-21,1,GROCERY II,14.0
2016-07-22,1,GROCERY II,5.0
2016-07-23,1,GROCERY II,13.0
2016-07-24,1,GROCERY II,6.0
2016-07-25,1,GROCERY II,8.0
2016-07-26,1,GROCERY II,9.0
2016-07-27,1,GROCERY II,8.0
2016-07-28,1,GROCERY II,19.0
2016-07-29,1,GROCERY II,9.0
2016-07-30,1,GROCERY II,4.0
2016-07-31,1,GROCERY II,1.0
2016-08-01,1,GROCERY II,20.0
2016-08-02,1,GROCERY II,11.0
2016-08-03,1,GROCERY II,11.0
2016-08-04,1,GROCERY II,46.0
2016-08-05,1,GROCERY II,24.0
2016-08-06,1,GROCERY II,25.0
2016-08-07,1,GROCERY II,9.0
2016-08-08,1,GROCERY II,24.0
2016-08-09,1,GROCERY II,19.0
2016-08-10,1,GROCERY II,23.0
2016-08-11,1,GROCERY II,18.0
2016-08-12,1,GROCERY II,18.0
2016-08-13,1,GROCERY II,6.0
2016-08-14,1,GROCERY II,11.0
2016-08-15,1,GROCERY II,14.0
2016-08-16,1,GROCERY II,32.0
2016-08-17,1,GROCERY II,14.0
2016-08-18,1,GROCERY II,6.0
2016-08-19,1,GROCERY II,13.0
2016-08-20,1,GROCERY II,11.0
2016-08-21,1,GROCERY II,4.0
2016-08-22,1,GROCERY II,13.0
2016-08-23,1,GROCERY II,8.0
2016-08-24,1,GROCERY II,13.0
2016-08-25,1,GROCERY II,15.0
2016-08-26,1,GROCERY II,11.0
2016-08-27,1,GROCERY II,11.0
2016-08-28,1,GROCERY II,10.0
2016-08-29,1,GROCERY II,4.0
2016-08-30,1,GROCERY II,14.0
2016-08-31,1,GROCERY II,13.0
2016-09-01,1,GROCERY II,18.0
2016-09-02,1,GROCERY II,17.0
2016-09-03,1,GROCERY II,7.0
2016-09-04,1,GROCERY II,10.0
2016-09-05,1,GROCERY II,11.0
2016-09-06,1,GROCERY II,30.0
2016-09-07,1,GROCERY II,18.0
2016-09-08,1,GROCERY II,15.0
2016-09-09,1,GROCERY II,14.0
2016-09-10,1,GROCERY II,9.0
2016-09-11,1,GROCERY II,8.0
2016-09-12,1,GROCERY II,19.0
2016-09-13,1,GROCERY II,8.0
2016-09-14,1,GROCERY II,30.0
2016-09-15,1,GROCERY II,30.0
2016-09-16,1,GROCERY II,21.0
2016-09-17,1,GROCERY II,28.0
2016-09-18,1,GROCERY II,20.0
2016-09-19,1,GROCERY II,10.0
2016-09-20,1,GROCERY II,17.0
2016-09-21,1,GROCERY II,11.0
2016-09-22,1,GROCERY II,11.0
2016-09-23,1,GROCERY II,36.0
2016-09-24,1,GROCERY II,12.0
2016-09-25,1,GROCERY II,9.0
2016-09-26,1,GROCERY II,12.0
2016-09-27,1,GROCERY II,13.0
2016-09-28,1,GROCERY II,22.0
2016-09-29,1,GROCERY II,15.0
2016-09-30,1,GROCERY II,18.0
2016-10-01,1,GROCERY II,22.0
2016-10-02,1,GROCERY II,11.0
2016-10-03,1,GROCERY II,27.0
2016-10-04,1,GROCERY II,32.0
2016-10-05,1,GROCERY II,15.0
2016-10-06,1,GROCERY II,16.0
2016-10-07,1,GROCERY II,18.0
2016-10-08,1,GROCERY II,33.0
2016-10-09,1,GROCERY II,13.0
2016-10-10,1,GROCERY II,27.0
2016-10-11,1,GROCERY II,23.0
2016-10-12,1,GROCERY II,17.0
2016-10-13,1,GROCERY II,19.0
2016-10-14,1,GROCERY II,14.0
2016-10-15,1,GROCERY II,13.0
2016-10-16,1,GROCERY II,11.0
2016-10-17,1,GROCERY II,20.0
2016-10-18,1,GROCERY II,16.0
2016-10-19,1,GROCERY II,22.0
2016-10-20,1,GROCERY II,10.0
2016-10-21,1,GROCERY II,11.0
2016-10-22,1,GROCERY II,28.0
2016-10-23,1,GROCERY II,13.0
2016-10-24,1,GROCERY II,19.0
2016-10-25,1,GROCERY II,20.0
2016-10-26,1,GROCERY II,22.0
2016-10-27,1,GROCERY II,24.0
2016-10-28,1,GROCERY II,12.0
2016-10-29,1,GROCERY II,19.0
2016-10-30,1,GROCERY II,11.0
2016-10-31,1,GROCERY II,9.0
2016-11-01,1,GROCERY II,14.0
2016-11-02,1,GROCERY II,8.0
2016-11-03,1,GROCERY II,13.0
2016-11-04,1,GROCERY II,4.0
2016-11-05,1,GROCERY II,12.0
2016-11-06,1,GROCERY II,12.0
2016-11-07,1,GROCERY II,14.0
2016-11-08,1,GROCERY II,5.0
2016-11-09,1,GROCERY II,27.0
2016-11-10,1,GROCERY II,17.0
2016-11-11,1,GROCERY II,25.0
2016-11-12,1,GROCERY II,8.0
2016-11-13,1,GROCERY II,12.0
2016-11-14,1,GROCERY II,23.0
2016-11-15,1,GROCERY II,18.0
2016-11-16,1,GROCERY II,21.0
2016-11-17,1,GROCERY II,20.0
2016-11-18,1,GROCERY II,20.0
2016-11-19,1,GROCERY II,23.0
2016-11-20,1,GROCERY II,3.0
2016-11-21,1,GROCERY II,18.0
2016-11-22,1,GROCERY II,18.0
2016-11-23,1,GROCERY II,30.0
2016-11-24,1,GROCERY II,17.0
2016-11-25,1,GROCERY II,17.0
2016-11-26,1,GROCERY II,10.0
2016-11-27,1,GROCERY II,8.0
2016-11-28,1,GROCERY II,31.0
2016-11-29,1,GROCERY II,25.0
2016-11-30,1,GROCERY II,26.0
2016-12-01,1,GROCERY II,17.0
2016-12-02,1,GROCERY II,14.0
2016-12-03,1,GROCERY II,23.0
2016-12-04,1,GROCERY II,2.0
2016-12-05,1,GROCERY II,22.0
2016-12-06,1,GROCERY II,4.0
2016-12-07,1,GROCERY II,18.0
2016-12-08,1,GROCERY II,22.0
2016-12-09,1,GROCERY II,12.0
2016-12-10,1,GROCERY II,62.0
2016-12-11,1,GROCERY II,5.0
2016-12-12,1,GROCERY II,21.0
2016-12-13,1,GROCERY II,18.0
2016-12-14,1,GROCERY II,26.0
2016-12-15,1,GROCERY II,29.0
2016-12-16,1,GROCERY II,31.0
2016-12-17,1,GROCERY II,17.0
2016-12-18,1,GROCERY II,8.0
2016-12-19,1,GROCERY II,32.0
2016-12-20,1,GROCERY II,55.0
2016-12-21,1,GROCERY II,29.0
2016-12-22,1,GROCERY II,46.0
2016-12-23,1,GROCERY II,74.0
2016-12-24,1,GROCERY II,73.0
2016-12-26,1,GROCERY II,4.0
2016-12-27,1,GROCERY II,12.0
2016-12-28,1,GROCERY II,40.0
2016-12-29,1,GROCERY II,49.0
2016-12-30,1,GROCERY II,63.0
2016-12-31,1,GROCERY II,42.0
2017-01-01,1,GROCERY II,0.0
2017-01-02,1,GROCERY II,8.0
2017-01-03,1,GROCERY II,15.0
2017-01-04,1,GROCERY II,27.0
2017-01-05,1,GROCERY II,35.0
2017-01-06,1,GROCERY II,17.0
2017-01-07,1,GROCERY II,15.0
2017-01-08,1,GROCERY II,14.0
2017-01-09,1,GROCERY II,19.0
2017-01-10,1,GROCERY II,30.0
2017-01-11,1,GROCERY II,12.0
2017-01-12,1,GROCERY II,17.0
2017-01-13,1,GROCERY II,18.0
2017-01-14,1,GROCERY II,19.0
2017-01-15,1,GROCERY II,8.0
2017-01-16,1,GROCERY II,24.0
2017-01-17,1,GROCERY II,21.0
2017-01-18,1,GROCERY II,11.0
2017-01-19,1,GROCERY II,20.0
2017-01-20,1,GROCERY II,10.0
2017-01-21,1,GROCERY II,21.0
2017-01-22,1,GROCERY II,8.0
2017-01-23,1,GROCERY II,34.0
2017-01-24,1,GROCERY II,31.0
2017-01-25,1,GROCERY II,23.0
2017-01-26,1,GROCERY II,26.0
2017-01-27,1,GROCERY II,22.0
2017-01-28,1,GROCERY II,10.0
2017-01-29,1,GROCERY II,5.0
2017-01-30,1,GROCERY II,10.0
2017-01-31,1,GROCERY II,14.0
2017-02-01,1,GROCERY II,39.0
2017-02-02,1,GROCERY II,16.0
2017-02-03,1,GROCERY II,18.0
2017-02-04,1,GROCERY II,15.0
2017-02-05,1,GROCERY II,7.0
2017-02-06,1,GROCERY II,18.0
2017-02-07,1,GROCERY II,20.0
2017-02-08,1,GROCERY II,15.0
2017-02-09,1,GROCERY II,29.0
2017-02-10,1,GROCERY II,8.0
2017-02-11,1,GROCERY II,9.0
2017-02-12,1,GROCERY II,6.0
2017-02-13,1,GROCERY II,39.0
2017-02-14,1,GROCERY II,36.0
2017-02-15,1,GROCERY II,35.0
2017-02-16,1,GROCERY II,24.0
2017-02-17,1,GROCERY II,40.0
2017-02-18,1,GROCERY II,24.0
2017-02-19,1,GROCERY II,12.0
2017-02-20,1,GROCERY II,11.0
2017-02-21,1,GROCERY II,23.0
2017-02-22,1,GROCERY II,15.0
2017-02-23,1,GROCERY II,14.0
2017-02-24,1,GROCERY II,13.0
2017-02-25,1,GROCERY II,8.0
2017-02-26,1,GROCERY II,5.0
2017-02-27,1,GROCERY II,16.0
2017-02-28,1,GROCERY II,3.0
2017-03-01,1,GROCERY II,23.0
2017-03-02,1,GROCERY II,23.0
2017-03-03,1,GROCERY II,14.0
2017-03-04,1,GROCERY II,26.0
2017-03-05,1,GROCERY II,10.0
2017-03-06,1,GROCERY II,24.0
2017-03-07,1,GROCERY II,19.0
2017-03-08,1,GROCERY II,32.0
2017-03-09,1,GROCERY II,49.0
2017-03-10,1,GROCERY II,38.0
2017-03-11,1,GROCERY II,11.0
2017-03-12,1,GROCERY II,19.0
2017-03-13,1,GROCERY II,3.0
2017-03-14,1,GROCERY II,13.0
2017-03-15,1,GROCERY II,26.0
2017-03-16,1,GROCERY II,32.0
2017-03-17,1,GROCERY II,27.0
2017-03-18,1,GROCERY II,22.0
2017-03-19,1,GROCERY II,4.0
2017-03-20,1,GROCERY II,32.0
2017-03-21,1,GROCERY II,29.0
2017-03-22,1,GROCERY II,35.0
2017-03-23,1,GROCERY II,20.0
2017-03-24,1,GROCERY II,29.0
2017-03-25,1,GROCERY II,15.0
2017-03-26,1,GROCERY II,11.0
2017-03-27,1,GROCERY II,17.0
2017-03-28,1,GROCERY II,14.0
2017-03-29,1,GROCERY II,25.0
2017-03-30,1,GROCERY II,24.0
2017-03-31,1,GROCERY II,32.0
2017-04-01,1,GROCERY II,18.0
2017-04-02,1,GROCERY II,10.0
2017-04-03,1,GROCERY II,23.0
2017-04-04,1,GROCERY II,32.0
2017-04-05,1,GROCERY II,46.0
2017-04-06,1,GROCERY II,13.0
2017-04-07,1,GROCERY II,34.0
2017-04-08,1,GROCERY II,20.0
2017-04-09,1,GROCERY II,6.0
2017-04-10,1,GROCERY II,27.0
2017-04-11,1,GROCERY II,24.0
2017-04-12,1,GROCERY II,16.0
2017-04-13,1,GROCERY II,20.0
2017-04-14,1,GROCERY II,3.0
2017-04-15,1,GROCERY II,13.0
2017-04-16,1,GROCERY II,6.0
2017-04-17,1,GROCERY II,14.0
2017-04-18,1,GROCERY II,15.0
2017-04-19,1,GROCERY II,22.0
2017-04-20,1,GROCERY II,17.0
2017-04-21,1,GROCERY II,13.0
2017-04-22,1,GROCERY II,10.0
2017-04-23,1,GROCERY II,10.0
2017-04-24,1,GROCERY II,17.0
2017-04-25,1,GROCERY II,28.0
2017-04-26,1,GROCERY II,16.0
2017-04-27,1,GROCERY II,33.0
2017-04-28,1,GROCERY II,21.0
2017-04-29,1,GROCERY II,9.0
2017-04-30,1,GROCERY II,12.0
2017-05-01,1,GROCERY II,7.0
2017-05-02,1,GROCERY II,26.0
2017-05-03,1,GROCERY II,28.0
2017-05-04,1,GROCERY II,21.0
2017-05-05,1,GROCERY II,33.0
2017-05-06,1,GROCERY II,25.0
2017-05-07,1,GROCERY II,9.0
2017-05-08,1,GROCERY II,23.0
2017-05-09,1,GROCERY II,14.0
2017-05-10,1,GROCERY II,38.0
2017-05-11,1,GROCERY II,40.0
2017-05-12,1,GROCERY II,19.0
2017-05-13,1,GROCERY II,23.0
2017-05-14,1,GROCERY II,7.0
2017-05-15,1,GROCERY II,35.0
2017-05-16,1,GROCERY II,62.0
2017-05-17,1,GROCERY II,42.0
2017-05-18,1,GROCERY II,35.0
2017-05-19,1,GROCERY II,36.0
2017-05-20,1,GROCERY II,29.0
2017-05-21,1,GROCERY II,13.0
2017-05-22,1,GROCERY II,25.0
2017-05-23,1,GROCERY II,43.0
2017-05-24,1,GROCERY II,18.0
2017-05-25,1,GROCERY II,28.0
2017-05-26,1,GROCERY II,8.0
2017-05-27,1,GROCERY II,10.0
2017-05-28,1,GROCERY II,14.0
2017-05-29,1,GROCERY II,18.0
2017-05-30,1,GROCERY II,29.0
2017-05-31,1,GROCERY II,23.0
2017-06-01,1,GROCERY II,31.0
2017-06-02,1,GROCERY II,37.0
2017-06-03,1,GROCERY II,28.0
2017-06-04,1,GROCERY II,7.0
2017-06-05,1,GROCERY II,20.0
2017-06-06,1,GROCERY II,39.0
2017-06-07,1,GROCERY II,40.0
2017-06-08,1,GROCERY II,38.0
2017-06-09,1,GROCERY II,27.0
2017-06-10,1,GROCERY II,21.0
2017-06-11,1,GROCERY II,20.0
2017-06-12,1,GROCERY II,25.0
2017-06-13,1,GROCERY II,33.0
2017-06-14,1,GROCERY II,43.0
2017-06-15,1,GROCERY II,15.0
2017-06-16,1,GROCERY II,33.0
2017-06-17,1,GROCERY II,28.0
2017-06-18,1,GROCERY II,24.0
2017-06-19,1,GROCERY II,14.0
2017-06-20,1,GROCERY II,18.0
2017-06-21,1,GROCERY II,36.0
2017-06-22,1,GROCERY II,14.0
2017-06-23,1,GROCERY II,41.0
2017-06-24,1,GROCERY II,25.0
2017-06-25,1,GROCERY II,10.0
2017-06-26,1,GROCERY II,23.0
2017-06-27,1,GROCERY II,37.0
2017-06-28,1,GROCERY II,16.0
2017-06-29,1,GROCERY II,17.0
2017-06-30,1,GROCERY II,20.0
2017-07-01,1,GROCERY II,14.0
2017-07-02,1,GROCERY II,14.0
2017-07-03,1,GROCERY II,25.0
2017-07-04,1,GROCERY II,27.0
2017-07-05,1,GROCERY II,15.0
2017-07-06,1,GROCERY II,18.0
2017-07-07,1,GROCERY II,21.0
2017-07-08,1,GROCERY II,18.0
2017-07-09,1,GROCERY II,13.0
2017-07-10,1,GROCERY II,30.0
2017-07-11,1,GROCERY II,14.0
2017-07-12,1,GROCERY II,25.0
2017-07-13,1,GROCERY II,46.0
2017-07-14,1,GROCERY II,27.0
2017-07-15,1,GROCERY II,27.0
2017-07-16,1,GROCERY II,5.0
2017-07-17,1,GROCERY II,14.0
2017-07-18,1,GROCERY II,31.0
2017-07-19,1,GROCERY II,23.0
2017-07-20,1,GROCERY II,27.0
2017-07-21,1,GROCERY II,62.0
2017-07-22,1,GROCERY II,12.0
2017-07-23,1,GROCERY II,8.0
2017-07-24,1,GROCERY II,21.0
2017-07-25,1,GROCERY II,35.0
2017-07-26,1,GROCERY II,29.0
2017-07-27,1,GROCERY II,30.0
2017-07-28,1,GROCERY II,20.0
2017-07-29,1,GROCERY II,14.0
2017-07-30,1,GROCERY II,8.0
2017-07-31,1,GROCERY II,11.0
2017-08-01,1,GROCERY II,25.0
2017-08-02,1,GROCERY II,26.0
2017-08-03,1,GROCERY II,24.0
2017-08-04,1,GROCERY II,9.0
2017-08-05,1,GROCERY II,13.0
2017-08-06,1,GROCERY II,11.0
2017-08-07,1,GROCERY II,19.0
2017-08-08,1,GROCERY II,23.0
2017-08-09,1,GROCERY II,20.0
2017-08-10,1,GROCERY II,23.0
2017-08-11,1,GROCERY II,9.0
2017-08-12,1,GROCERY II,19.0
2017-08-13,1,GROCERY II,6.0
2017-08-14,1,GROCERY II,20.0
2017-08-15,1,GROCERY II,13.0
2016-01-01,1,HARDWARE,0.0
2016-01-02,1,HARDWARE,4.0
2016-01-03,1,HARDWARE,1.0
2016-01-04,1,HARDWARE,0.0
2016-01-05,1,HARDWARE,4.0
2016-01-06,1,HARDWARE,1.0
2016-01-07,1,HARDWARE,1.0
2016-01-08,1,HARDWARE,0.0
2016-01-09,1,HARDWARE,0.0
2016-01-10,1,HARDWARE,0.0
2016-01-11,1,HARDWARE,2.0
2016-01-12,1,HARDWARE,0.0
2016-01-13,1,HARDWARE,0.0
2016-01-14,1,HARDWARE,0.0
2016-01-15,1,HARDWARE,0.0
2016-01-16,1,HARDWARE,0.0
2016-01-17,1,HARDWARE,1.0
2016-01-18,1,HARDWARE,0.0
2016-01-19,1,HARDWARE,1.0
2016-01-20,1,HARDWARE,1.0
2016-01-21,1,HARDWARE,1.0
2016-01-22,1,HARDWARE,0.0
2016-01-23,1,HARDWARE,1.0
2016-01-24,1,HARDWARE,0.0
2016-01-25,1,HARDWARE,0.0
2016-01-26,1,HARDWARE,1.0
2016-01-27,1,HARDWARE,0.0
2016-01-28,1,HARDWARE,0.0
2016-01-29,1,HARDWARE,1.0
2016-01-30,1,HARDWARE,1.0
2016-01-31,1,HARDWARE,1.0
2016-02-01,1,HARDWARE,0.0
2016-02-02,1,HARDWARE,1.0
2016-02-03,1,HARDWARE,2.0
2016-02-04,1,HARDWARE,2.0
2016-02-05,1,HARDWARE,5.0
2016-02-06,1,HARDWARE,0.0
2016-02-07,1,HARDWARE,1.0
2016-02-08,1,HARDWARE,0.0
2016-02-09,1,HARDWARE,1.0
2016-02-10,1,HARDWARE,3.0
2016-02-11,1,HARDWARE,3.0
2016-02-12,1,HARDWARE,0.0
2016-02-13,1,HARDWARE,6.0
2016-02-14,1,HARDWARE,0.0
2016-02-15,1,HARDWARE,1.0
2016-02-16,1,HARDWARE,1.0
2016-02-17,1,HARDWARE,2.0
2016-02-18,1,HARDWARE,1.0
2016-02-19,1,HARDWARE,2.0
2016-02-20,1,HARDWARE,1.0
2016-02-21,1,HARDWARE,1.0
2016-02-22,1,HARDWARE,1.0
2016-02-23,1,HARDWARE,1.0
2016-02-24,1,HARDWARE,1.0
2016-02-25,1,HARDWARE,0.0
2016-02-26,1,HARDWARE,2.0
2016-02-27,1,HARDWARE,1.0
2016-02-28,1,HARDWARE,0.0
2016-02-29,1,HARDWARE,3.0
2016-03-01,1,HARDWARE,0.0
2016-03-02,1,HARDWARE,1.0
2016-03-03,1,HARDWARE,4.0
2016-03-04,1,HARDWARE,2.0
2016-03-05,1,HARDWARE,1.0
2016-03-06,1,HARDWARE,2.0
2016-03-07,1,HARDWARE,3.0
2016-03-08,1,HARDWARE,1.0
2016-03-09,1,HARDWARE,2.0
2016-03-10,1,HARDWARE,0.0
2016-03-11,1,HARDWARE,0.0
2016-03-12,1,HARDWARE,0.0
2016-03-13,1,HARDWARE,0.0
2016-03-14,1,HARDWARE,0.0
2016-03-15,1,HARDWARE,1.0
2016-03-16,1,HARDWARE,1.0
2016-03-17,1,HARDWARE,0.0
2016-03-18,1,HARDWARE,2.0
2016-03-19,1,HARDWARE,2.0
2016-03-20,1,HARDWARE,1.0
2016-03-21,1,HARDWARE,1.0
2016-03-22,1,HARDWARE,1.0
2016-03-23,1,HARDWARE,0.0
2016-03-24,1,HARDWARE,0.0
2016-03-25,1,HARDWARE,0.0
2016-03-26,1,HARDWARE,0.0
2016-03-27,1,HARDWARE,0.0
2016-03-28,1,HARDWARE,0.0
2016-03-29,1,HARDWARE,2.0
2016-03-30,1,HARDWARE,3.0
2016-03-31,1,HARDWARE,1.0
2016-04-01,1,HARDWARE,1.0
2016-04-02,1,HARDWARE,3.0
2016-04-03,1,HARDWARE,0.0
2016-04-04,1,HARDWARE,1.0
2016-04-05,1,HARDWARE,1.0
2016-04-06,1,HARDWARE,6.0
2016-04-07,1,HARDWARE,5.0
2016-04-08,1,HARDWARE,3.0
2016-04-09,1,HARDWARE,2.0
2016-04-10,1,HARDWARE,1.0
2016-04-11,1,HARDWARE,3.0
2016-04-12,1,HARDWARE,3.0
2016-04-13,1,HARDWARE,0.0
2016-04-14,1,HARDWARE,1.0
2016-04-15,1,HARDWARE,3.0
2016-04-16,1,HARDWARE,1.0
2016-04-17,1,HARDWARE,5.0
2016-04-18,1,HARDWARE,2.0
2016-04-19,1,HARDWARE,1.0
2016-04-20,1,HARDWARE,6.0
2016-04-21,1,HARDWARE,4.0
2016-04-22,1,HARDWARE,2.0
2016-04-23,1,HARDWARE,4.0
2016-04-24,1,HARDWARE,2.0
2016-04-25,1,HARDWARE,2.0
2016-04-26,1,HARDWARE,1.0
2016-04-27,1,HARDWARE,4.0
2016-04-28,1,HARDWARE,3.0
2016-04-29,1,HARDWARE,0.0
2016-04-30,1,HARDWARE,6.0
2016-05-01,1,HARDWARE,0.0
2016-05-02,1,HARDWARE,2.0
2016-05-03,1,HARDWARE,1.0
2016-05-04,1,HARDWARE,2.0
2016-05-05,1,HARDWARE,0.0
2016-05-06,1,HARDWARE,1.0
2016-05-07,1,HARDWARE,3.0
2016-05-08,1,HARDWARE,1.0
2016-05-09,1,HARDWARE,2.0
2016-05-10,1,HARDWARE,1.0
2016-05-11,1,HARDWARE,1.0
2016-05-12,1,HARDWARE,3.0
2016-05-13,1,HARDWARE,2.0
2016-05-14,1,HARDWARE,2.0
2016-05-15,1,HARDWARE,0.0
2016-05-16,1,HARDWARE,5.0
2016-05-17,1,HARDWARE,5.0
2016-05-18,1,HARDWARE,0.0
2016-05-19,1,HARDWARE,2.0
2016-05-20,1,HARDWARE,5.0
2016-05-21,1,HARDWARE,0.0
2016-05-22,1,HARDWARE,0.0
2016-05-23,1,HARDWARE,1.0
2016-05-24,1,HARDWARE,0.0
2016-05-25,1,HARDWARE,2.0
2016-05-26,1,HARDWARE,2.0
2016-05-27,1,HARDWARE,6.0
2016-05-28,1,HARDWARE,0.0
2016-05-29,1,HARDWARE,1.0
2016-05-30,1,HARDWARE,0.0
2016-05-31,1,HARDWARE,1.0
2016-06-01,1,HARDWARE,0.0
2016-06-02,1,HARDWARE,2.0
2016-06-03,1,HARDWARE,2.0
2016-06-04,1,HARDWARE,1.0
2016-06-05,1,HARDWARE,0.0
2016-06-06,1,HARDWARE,0.0
2016-06-07,1,HARDWARE,5.0
2016-06-08,1,HARDWARE,2.0
2016-06-09,1,HARDWARE,2.0
2016-06-10,1,HARDWARE,0.0
2016-06-11,1,HARDWARE,1.0
2016-06-12,1,HARDWARE,1.0
2016-06-13,1,HARDWARE,2.0
2016-06-14,1,HARDWARE,4.0
2016-06-15,1,HARDWARE,6.0
2016-06-16,1,HARDWARE,3.0
2016-06-17,1,HARDWARE,8.0
2016-06-18,1,HARDWARE,4.0
2016-06-19,1,HARDWARE,0.0
2016-06-20,1,HARDWARE,4.0
2016-06-21,1,HARDWARE,0.0
2016-06-22,1,HARDWARE,0.0
2016-06-23,1,HARDWARE,1.0
2016-06-24,1,HARDWARE,0.0
2016-06-25,1,HARDWARE,2.0
2016-06-26,1,HARDWARE,0.0
2016-06-27,1,HARDWARE,1.0
2016-06-28,1,HARDWARE,0.0
2016-06-29,1,HARDWARE,3.0
2016-06-30,1,HARDWARE,1.0
2016-07-01,1,HARDWARE,3.0
2016-07-02,1,HARDWARE,2.0
2016-07-03,1,HARDWARE,3.0
2016-07-04,1,HARDWARE,1.0
2016-07-05,1,HARDWARE,3.0
2016-07-06,1,HARDWARE,1.0
2016-07-07,1,HARDWARE,0.0
2016-07-08,1,HARDWARE,0.0
2016-07-09,1,HARDWARE,2.0
2016-07-10,1,HARDWARE,0.0
2016-07-11,1,HARDWARE,0.0
2016-07-12,1,HARDWARE,1.0
2016-07-13,1,HARDWARE,0.0
2016-07-14,1,HARDWARE,1.0
2016-07-15,1,HARDWARE,5.0
2016-07-16,1,HARDWARE,2.0
2016-07-17,1,HARDWARE,1.0
2016-07-18,1,HARDWARE,2.0
2016-07-19,1,HARDWARE,4.0
2016-07-20,1,HARDWARE,1.0
2016-07-21,1,HARDWARE,0.0
2016-07-22,1,HARDWARE,5.0
2016-07-23,1,HARDWARE,2.0
2016-07-24,1,HARDWARE,0.0
2016-07-25,1,HARDWARE,2.0
2016-07-26,1,HARDWARE,13.0
2016-07-27,1,HARDWARE,6.0
2016-07-28,1,HARDWARE,4.0
2016-07-29,1,HARDWARE,0.0
2016-07-30,1,HARDWARE,2.0
2016-07-31,1,HARDWARE,0.0
2016-08-01,1,HARDWARE,2.0
2016-08-02,1,HARDWARE,0.0
2016-08-03,1,HARDWARE,1.0
2016-08-04,1,HARDWARE,4.0
2016-08-05,1,HARDWARE,2.0
2016-08-06,1,HARDWARE,1.0
2016-08-07,1,HARDWARE,0.0
2016-08-08,1,HARDWARE,3.0
2016-08-09,1,HARDWARE,3.0
2016-08-10,1,HARDWARE,1.0
2016-08-11,1,HARDWARE,0.0
2016-08-12,1,HARDWARE,0.0
2016-08-13,1,HARDWARE,5.0
2016-08-14,1,HARDWARE,0.0
2016-08-15,1,HARDWARE,0.0
2016-08-16,1,HARDWARE,2.0
2016-08-17,1,HARDWARE,1.0
2016-08-18,1,HARDWARE,0.0
2016-08-19,1,HARDWARE,0.0
2016-08-20,1,HARDWARE,3.0
2016-08-21,1,HARDWARE,0.0
2016-08-22,1,HARDWARE,2.0
2016-08-23,1,HARDWARE,1.0
2016-08-24,1,HARDWARE,1.0
2016-08-25,1,HARDWARE,2.0
2016-08-26,1,HARDWARE,1.0
2016-08-27,1,HARDWARE,5.0
2016-08-28,1,HARDWARE,0.0
2016-08-29,1,HARDWARE,1.0
2016-08-30,1,HARDWARE,2.0
2016-08-31,1,HARDWARE,1.0
2016-09-01,1,HARDWARE,2.0
2016-09-02,1,HARDWARE,4.0
2016-09-03,1,HARDWARE,2.0
2016-09-04,1,HARDWARE,0.0
2016-09-05,1,HARDWARE,2.0
2016-09-06,1,HARDWARE,1.0
2016-09-07,1,HARDWARE,0.0
2016-09-08,1,HARDWARE,2.0
2016-09-09,1,HARDWARE,1.0
2016-09-10,1,HARDWARE,2.0
2016-09-11,1,HARDWARE,2.0
2016-09-12,1,HARDWARE,3.0
2016-09-13,1,HARDWARE,3.0
2016-09-14,1,HARDWARE,2.0
2016-09-15,1,HARDWARE,0.0
2016-09-16,1,HARDWARE,1.0
2016-09-17,1,HARDWARE,4.0
2016-09-18,1,HARDWARE,1.0
2016-09-19,1,HARDWARE,2.0
2016-09-20,1,HARDWARE,1.0
2016-09-21,1,HARDWARE,1.0
2016-09-22,1,HARDWARE,0.0
2016-09-23,1,HARDWARE,1.0
2016-09-24,1,HARDWARE,4.0
2016-09-25,1,HARDWARE,1.0
2016-09-26,1,HARDWARE,1.0
2016-09-27,1,HARDWARE,0.0
2016-09-28,1,HARDWARE,0.0
2016-09-29,1,HARDWARE,1.0
2016-09-30,1,HARDWARE,1.0
2016-10-01,1,HARDWARE,1.0
2016-10-02,1,HARDWARE,0.0
2016-10-03,1,HARDWARE,0.0
2016-10-04,1,HARDWARE,1.0
2016-10-05,1,HARDWARE,5.0
2016-10-06,1,HARDWARE,2.0
2016-10-07,1,HARDWARE,4.0
2016-10-08,1,HARDWARE,2.0
2016-10-09,1,HARDWARE,1.0
2016-10-10,1,HARDWARE,1.0
2016-10-11,1,HARDWARE,2.0
2016-10-12,1,HARDWARE,0.0
2016-10-13,1,HARDWARE,0.0
2016-10-14,1,HARDWARE,3.0
2016-10-15,1,HARDWARE,5.0
2016-10-16,1,HARDWARE,1.0
2016-10-17,1,HARDWARE,2.0
2016-10-18,1,HARDWARE,4.0
2016-10-19,1,HARDWARE,0.0
2016-10-20,1,HARDWARE,3.0
2016-10-21,1,HARDWARE,6.0
2016-10-22,1,HARDWARE,2.0
2016-10-23,1,HARDWARE,0.0
2016-10-24,1,HARDWARE,2.0
2016-10-25,1,HARDWARE,1.0
2016-10-26,1,HARDWARE,8.0
2016-10-27,1,HARDWARE,0.0
2016-10-28,1,HARDWARE,5.0
2016-10-29,1,HARDWARE,5.0
2016-10-30,1,HARDWARE,0.0
2016-10-31,1,HARDWARE,0.0
2016-11-01,1,HARDWARE,0.0
2016-11-02,1,HARDWARE,1.0
2016-11-03,1,HARDWARE,1.0
2016-11-04,1,HARDWARE,2.0
2016-11-05,1,HARDWARE,7.0
2016-11-06,1,HARDWARE,3.0
2016-11-07,1,HARDWARE,0.0
2016-11-08,1,HARDWARE,0.0
2016-11-09,1,HARDWARE,4.0
2016-11-10,1,HARDWARE,1.0
2016-11-11,1,HARDWARE,3.0
2016-11-12,1,HARDWARE,3.0
2016-11-13,1,HARDWARE,2.0
2016-11-14,1,HARDWARE,0.0
2016-11-15,1,HARDWARE,1.0
2016-11-16,1,HARDWARE,4.0
2016-11-17,1,HARDWARE,5.0
2016-11-18,1,HARDWARE,1.0
2016-11-19,1,HARDWARE,3.0
2016-11-20,1,HARDWARE,2.0
2016-11-21,1,HARDWARE,3.0
2016-11-22,1,HARDWARE,3.0
2016-11-23,1,HARDWARE,3.0
2016-11-24,1,HARDWARE,5.0
2016-11-25,1,HARDWARE,0.0
2016-11-26,1,HARDWARE,2.0
2016-11-27,1,HARDWARE,1.0
2016-11-28,1,HARDWARE,4.0
2016-11-29,1,HARDWARE,3.0
2016-11-30,1,HARDWARE,3.0
2016-12-01,1,HARDWARE,4.0
2016-12-02,1,HARDWARE,2.0
2016-12-03,1,HARDWARE,1.0
2016-12-04,1,HARDWARE,1.0
2016-12-05,1,HARDWARE,2.0
2016-12-06,1,HARDWARE,3.0
2016-12-07,1,HARDWARE,6.0
2016-12-08,1,HARDWARE,0.0
2016-12-09,1,HARDWARE,1.0
2016-12-10,1,HARDWARE,4.0
2016-12-11,1,HARDWARE,0.0
2016-12-12,1,HARDWARE,2.0
2016-12-13,1,HARDWARE,1.0
2016-12-14,1,HARDWARE,3.0
2016-12-15,1,HARDWARE,2.0
2016-12-16,1,HARDWARE,0.0
2016-12-17,1,HARDWARE,3.0
2016-12-18,1,HARDWARE,5.0
2016-12-19,1,HARDWARE,2.0
2016-12-20,1,HARDWARE,0.0
2016-12-21,1,HARDWARE,0.0
2016-12-22,1,HARDWARE,2.0
2016-12-23,1,HARDWARE,2.0
2016-12-24,1,HARDWARE,3.0
2016-12-26,1,HARDWARE,3.0
2016-12-27,1,HARDWARE,3.0
2016-12-28,1,HARDWARE,1.0
2016-12-29,1,HARDWARE,1.0
2016-12-30,1,HARDWARE,2.0
2016-12-31,1,HARDWARE,1.0
2017-01-01,1,HARDWARE,0.0
2017-01-02,1,HARDWARE,0.0
2017-01-03,1,HARDWARE,3.0
2017-01-04,1,HARDWARE,3.0
2017-01-05,1,HARDWARE,3.0
2017-01-06,1,HARDWARE,3.0
2017-01-07,1,HARDWARE,0.0
2017-01-08,1,HARDWARE,2.0
2017-01-09,1,HARDWARE,2.0
2017-01-10,1,HARDWARE,1.0
2017-01-11,1,HARDWARE,1.0
2017-01-12,1,HARDWARE,3.0
2017-01-13,1,HARDWARE,3.0
2017-01-14,1,HARDWARE,2.0
2017-01-15,1,HARDWARE,1.0
2017-01-16,1,HARDWARE,1.0
2017-01-17,1,HARDWARE,4.0
2017-01-18,1,HARDWARE,2.0
2017-01-19,1,HARDWARE,1.0
2017-01-20,1,HARDWARE,0.0
2017-01-21,1,HARDWARE,2.0
2017-01-22,1,HARDWARE,1.0
2017-01-23,1,HARDWARE,1.0
2017-01-24,1,HARDWARE,0.0
2017-01-25,1,HARDWARE,3.0
2017-01-26,1,HARDWARE,0.0
2017-01-27,1,HARDWARE,2.0
2017-01-28,1,HARDWARE,5.0
2017-01-29,1,HARDWARE,0.0
2017-01-30,1,HARDWARE,1.0
2017-01-31,1,HARDWARE,0.0
2017-02-01,1,HARDWARE,1.0
2017-02-02,1,HARDWARE,0.0
2017-02-03,1,HARDWARE,1.0
2017-02-04,1,HARDWARE,3.0
2017-02-05,1,HARDWARE,1.0
2017-02-06,1,HARDWARE,2.0
2017-02-07,1,HARDWARE,1.0
2017-02-08,1,HARDWARE,0.0
2017-02-09,1,HARDWARE,3.0
2017-02-10,1,HARDWARE,0.0
2017-02-11,1,HARDWARE,3.0
2017-02-12,1,HARDWARE,0.0
2017-02-13,1,HARDWARE,1.0
2017-02-14,1,HARDWARE,1.0
2017-02-15,1,HARDWARE,1.0
2017-02-16,1,HARDWARE,5.0
2017-02-17,1,HARDWARE,1.0
2017-02-18,1,HARDWARE,4.0
2017-02-19,1,HARDWARE,2.0
2017-02-20,1,HARDWARE,5.0
2017-02-21,1,HARDWARE,1.0
2017-02-22,1,HARDWARE,4.0
2017-02-23,1,HARDWARE,0.0
2017-02-24,1,HARDWARE,4.0
2017-02-25,1,HARDWARE,0.0
2017-02-26,1,HARDWARE,0.0
2017-02-27,1,HARDWARE,0.0
2017-02-28,1,HARDWARE,0.0
2017-03-01,1,HARDWARE,0.0
2017-03-02,1,HARDWARE,2.0
2017-03-03,1,HARDWARE,1.0
2017-03-04,1,HARDWARE,6.0
2017-03-05,1,HARDWARE,0.0
2017-03-06,1,HARDWARE,1.0
2017-03-07,1,HARDWARE,2.0
2017-03-08,1,HARDWARE,3.0
2017-03-09,1,HARDWARE,1.0
2017-03-10,1,HARDWARE,0.0
2017-03-11,1,HARDWARE,6.0
2017-03-12,1,HARDWARE,2.0
2017-03-13,1,HARDWARE,4.0
2017-03-14,1,HARDWARE,5.0
2017-03-15,1,HARDWARE,7.0
2017-03-16,1,HARDWARE,3.0
2017-03-17,1,HARDWARE,1.0
2017-03-18,1,HARDWARE,4.0
2017-03-19,1,HARDWARE,0.0
2017-03-20,1,HARDWARE,6.0
2017-03-21,1,HARDWARE,0.0
2017-03-22,1,HARDWARE,2.0
2017-03-23,1,HARDWARE,0.0
2017-03-24,1,HARDWARE,3.0
2017-03-25,1,HARDWARE,1.0
2017-03-26,1,HARDWARE,0.0
2017-03-27,1,HARDWARE,0.0
2017-03-28,1,HARDWARE,0.0
2017-03-29,1,HARDWARE,0.0
2017-03-30,1,HARDWARE,0.0
2017-03-31,1,HARDWARE,5.0
2017-04-01,1,HARDWARE,2.0
2017-04-02,1,HARDWARE,2.0
2017-04-03,1,HARDWARE,2.0
2017-04-04,1,HARDWARE,2.0
2017-04-05,1,HARDWARE,6.0
2017-04-06,1,HARDWARE,9.0
2017-04-07,1,HARDWARE,1.0
2017-04-08,1,HARDWARE,3.0
2017-04-09,1,HARDWARE,2.0
2017-04-10,1,HARDWARE,2.0
2017-04-11,1,HARDWARE,1.0
2017-04-12,1,HARDWARE,2.0
2017-04-13,1,HARDWARE,2.0
2017-04-14,1,HARDWARE,1.0
2017-04-15,1,HARDWARE,2.0
2017-04-16,1,HARDWARE,2.0
2017-04-17,1,HARDWARE,2.0
2017-04-18,1,HARDWARE,3.0
2017-04-19,1,HARDWARE,2.0
2017-04-20,1,HARDWARE,2.0
2017-04-21,1,HARDWARE,7.0
2017-04-22,1,HARDWARE,0.0
2017-04-23,1,HARDWARE,1.0
2017-04-24,1,HARDWARE,1.0
2017-04-25,1,HARDWARE,2.0
2017-04-26,1,HARDWARE,1.0
2017-04-27,1,HARDWARE,1.0
2017-04-28,1,HARDWARE,2.0
2017-04-29,1,HARDWARE,1.0
2017-04-30,1,HARDWARE,0.0
2017-05-01,1,HARDWARE,3.0
2017-05-02,1,HARDWARE,1.0
2017-05-03,1,HARDWARE,4.0
2017-05-04,1,HARDWARE,2.0
2017-05-05,1,HARDWARE,0.0
2017-05-06,1,HARDWARE,4.0
2017-05-07,1,HARDWARE,1.0
2017-05-08,1,HARDWARE,3.0
2017-05-09,1,HARDWARE,0.0
2017-05-10,1,HARDWARE,1.0
2017-05-11,1,HARDWARE,0.0
2017-05-12,1,HARDWARE,3.0
2017-05-13,1,HARDWARE,0.0
2017-05-14,1,HARDWARE,0.0
2017-05-15,1,HARDWARE,3.0
2017-05-16,1,HARDWARE,2.0
2017-05-17,1,HARDWARE,2.0
2017-05-18,1,HARDWARE,1.0
2017-05-19,1,HARDWARE,2.0
2017-05-20,1,HARDWARE,2.0
2017-05-21,1,HARDWARE,2.0
2017-05-22,1,HARDWARE,1.0
2017-05-23,1,HARDWARE,2.0
2017-05-24,1,HARDWARE,0.0
2017-05-25,1,HARDWARE,2.0
2017-05-26,1,HARDWARE,1.0
2017-05-27,1,HARDWARE,3.0
2017-05-28,1,HARDWARE,0.0
2017-05-29,1,HARDWARE,2.0
2017-05-30,1,HARDWARE,5.0
2017-05-31,1,HARDWARE,4.0
2017-06-01,1,HARDWARE,3.0
2017-06-02,1,HARDWARE,4.0
2017-06-03,1,HARDWARE,3.0
2017-06-04,1,HARDWARE,1.0
2017-06-05,1,HARDWARE,2.0
2017-06-06,1,HARDWARE,2.0
2017-06-07,1,HARDWARE,1.0
2017-06-08,1,HARDWARE,3.0
2017-06-09,1,HARDWARE,0.0
2017-06-10,1,HARDWARE,2.0
2017-06-11,1,HARDWARE,0.0
2017-06-12,1,HARDWARE,3.0
2017-06-13,1,HARDWARE,1.0
2017-06-14,1,HARDWARE,4.0
2017-06-15,1,HARDWARE,3.0
2017-06-16,1,HARDWARE,2.0
2017-06-17,1,HARDWARE,4.0
2017-06-18,1,HARDWARE,0.0
2017-06-19,1,HARDWARE,2.0
2017-06-20,1,HARDWARE,7.0
2017-06-21,1,HARDWARE,5.0
2017-06-22,1,HARDWARE,2.0
2017-06-23,1,HARDWARE,3.0
2017-06-24,1,HARDWARE,0.0
2017-06-25,1,HARDWARE,2.0
2017-06-26,1,HARDWARE,3.0
2017-06-27,1,HARDWARE,2.0
2017-06-28,1,HARDWARE,2.0
2017-06-29,1,HARDWARE,3.0
2017-06-30,1,HARDWARE,0.0
2017-07-01,1,HARDWARE,2.0
2017-07-02,1,HARDWARE,2.0
2017-07-03,1,HARDWARE,0.0
2017-07-04,1,HARDWARE,3.0
2017-07-05,1,HARDWARE,1.0
2017-07-06,1,HARDWARE,3.0
2017-07-07,1,HARDWARE,1.0
2017-07-08,1,HARDWARE,2.0
2017-07-09,1,HARDWARE,0.0
2017-07-10,1,HARDWARE,0.0
2017-07-11,1,HARDWARE,3.0
2017-07-12,1,HARDWARE,2.0
2017-07-13,1,HARDWARE,2.0
2017-07-14,1,HARDWARE,1.0
2017-07-15,1,HARDWARE,1.0
2017-07-16,1,HARDWARE,2.0
2017-07-17,1,HARDWARE,4.0
2017-07-18,1,HARDWARE,3.0
2017-07-19,1,HARDWARE,0.0
2017-07-20,1,HARDWARE,1.0
2017-07-21,1,HARDWARE,1.0
2017-07-22,1,HARDWARE,2.0
2017-07-23,1,HARDWARE,0.0
2017-07-24,1,HARDWARE,1.0
2017-07-25,1,HARDWARE,5.0
2017-07-26,1,HARDWARE,1.0
2017-07-27,1,HARDWARE,6.0
2017-07-28,1,HARDWARE,2.0
2017-07-29,1,HARDWARE,2.0
2017-07-30,1,HARDWARE,0.0
2017-07-31,1,HARDWARE,1.0
2017-08-01,1,HARDWARE,0.0
2017-08-02,1,HARDWARE,1.0
2017-08-03,1,HARDWARE,3.0
2017-08-04,1,HARDWARE,4.0
2017-08-05,1,HARDWARE,0.0
2017-08-06,1,HARDWARE,2.0
2017-08-07,1,HARDWARE,2.0
2017-08-08,1,HARDWARE,3.0
2017-08-09,1,HARDWARE,3.0
2017-08-10,1,HARDWARE,1.0
2017-08-11,1,HARDWARE,1.0
2017-08-12,1,HARDWARE,0.0
2017-08-13,1,HARDWARE,1.0
2017-08-14,1,HARDWARE,0.0
2017-08-15,1,HARDWARE,3.0
2016-01-01,1,HOME AND KITCHEN I,0.0
2016-01-02,1,HOME AND KITCHEN I,10.0
2016-01-03,1,HOME AND KITCHEN I,25.0
2016-01-04,1,HOME AND KITCHEN I,46.0
2016-01-05,1,HOME AND KITCHEN I,21.0
2016-01-06,1,HOME AND KITCHEN I,35.0
2016-01-07,1,HOME AND KITCHEN I,36.0
2016-01-08,1,HOME AND KITCHEN I,18.0
2016-01-09,1,HOME AND KITCHEN I,19.0
2016-01-10,1,HOME AND KITCHEN I,6.0
2016-01-11,1,HOME AND KITCHEN I,13.0
2016-01-12,1,HOME AND KITCHEN I,15.0
2016-01-13,1,HOME AND KITCHEN I,17.0
2016-01-14,1,HOME AND KITCHEN I,16.0
2016-01-15,1,HOME AND KITCHEN I,43.0
2016-01-16,1,HOME AND KITCHEN I,28.0
2016-01-17,1,HOME AND KITCHEN I,5.0
2016-01-18,1,HOME AND KITCHEN I,11.0
2016-01-19,1,HOME AND KITCHEN I,10.0
2016-01-20,1,HOME AND KITCHEN I,8.0
2016-01-21,1,HOME AND KITCHEN I,13.0
2016-01-22,1,HOME AND KITCHEN I,20.0
2016-01-23,1,HOME AND KITCHEN I,9.0
2016-01-24,1,HOME AND KITCHEN I,2.0
2016-01-25,1,HOME AND KITCHEN I,23.0
2016-01-26,1,HOME AND KITCHEN I,19.0
2016-01-27,1,HOME AND KITCHEN I,39.0
2016-01-28,1,HOME AND KITCHEN I,11.0
2016-01-29,1,HOME AND KITCHEN I,36.0
2016-01-30,1,HOME AND KITCHEN I,32.0
2016-01-31,1,HOME AND KITCHEN I,1.0
2016-02-01,1,HOME AND KITCHEN I,2.0
2016-02-02,1,HOME AND KITCHEN I,22.0
2016-02-03,1,HOME AND KITCHEN I,18.0
2016-02-04,1,HOME AND KITCHEN I,33.0
2016-02-05,1,HOME AND KITCHEN I,10.0
2016-02-06,1,HOME AND KITCHEN I,11.0
2016-02-07,1,HOME AND KITCHEN I,7.0
2016-02-08,1,HOME AND KITCHEN I,10.0
2016-02-09,1,HOME AND KITCHEN I,3.0
2016-02-10,1,HOME AND KITCHEN I,18.0
2016-02-11,1,HOME AND KITCHEN I,9.0
2016-02-12,1,HOME AND KITCHEN I,26.0
2016-02-13,1,HOME AND KITCHEN I,35.0
2016-02-14,1,HOME AND KITCHEN I,4.0
2016-02-15,1,HOME AND KITCHEN I,10.0
2016-02-16,1,HOME AND KITCHEN I,23.0
2016-02-17,1,HOME AND KITCHEN I,23.0
2016-02-18,1,HOME AND KITCHEN I,26.0
2016-02-19,1,HOME AND KITCHEN I,6.0
2016-02-20,1,HOME AND KITCHEN I,14.0
2016-02-21,1,HOME AND KITCHEN I,3.0
2016-02-22,1,HOME AND KITCHEN I,18.0
2016-02-23,1,HOME AND KITCHEN I,11.0
2016-02-24,1,HOME AND KITCHEN I,19.0
2016-02-25,1,HOME AND KITCHEN I,23.0
2016-02-26,1,HOME AND KITCHEN I,7.0
2016-02-27,1,HOME AND KITCHEN I,12.0
2016-02-28,1,HOME AND KITCHEN I,4.0
2016-02-29,1,HOME AND KITCHEN I,12.0
2016-03-01,1,HOME AND KITCHEN I,17.0
2016-03-02,1,HOME AND KITCHEN I,30.0
2016-03-03,1,HOME AND KITCHEN I,10.0
2016-03-04,1,HOME AND KITCHEN I,11.0
2016-03-05,1,HOME AND KITCHEN I,16.0
2016-03-06,1,HOME AND KITCHEN I,11.0
2016-03-07,1,HOME AND KITCHEN I,11.0
2016-03-08,1,HOME AND KITCHEN I,6.0
2016-03-09,1,HOME AND KITCHEN I,14.0
2016-03-10,1,HOME AND KITCHEN I,6.0
2016-03-11,1,HOME AND KITCHEN I,22.0
2016-03-12,1,HOME AND KITCHEN I,18.0
2016-03-13,1,HOME AND KITCHEN I,10.0
2016-03-14,1,HOME AND KITCHEN I,11.0
2016-03-15,1,HOME AND KITCHEN I,44.0
2016-03-16,1,HOME AND KITCHEN I,30.0
2016-03-17,1,HOME AND KITCHEN I,26.0
2016-03-18,1,HOME AND KITCHEN I,35.0
2016-03-19,1,HOME AND KITCHEN I,32.0
2016-03-20,1,HOME AND KITCHEN I,6.0
2016-03-21,1,HOME AND KITCHEN I,11.0
2016-03-22,1,HOME AND KITCHEN I,22.0
2016-03-23,1,HOME AND KITCHEN I,23.0
2016-03-24,1,HOME AND KITCHEN I,9.0
2016-03-25,1,HOME AND KITCHEN I,0.0
2016-03-26,1,HOME AND KITCHEN I,2.0
2016-03-27,1,HOME AND KITCHEN I,2.0
2016-03-28,1,HOME AND KITCHEN I,13.0
2016-03-29,1,HOME AND KITCHEN I,11.0
2016-03-30,1,HOME AND KITCHEN I,18.0
2016-03-31,1,HOME AND KITCHEN I,5.0
2016-04-01,1,HOME AND KITCHEN I,7.0
2016-04-02,1,HOME AND KITCHEN I,35.0
2016-04-03,1,HOME AND KITCHEN I,2.0
2016-04-04,1,HOME AND KITCHEN I,8.0
2016-04-05,1,HOME AND KITCHEN I,10.0
2016-04-06,1,HOME AND KITCHEN I,15.0
2016-04-07,1,HOME AND KITCHEN I,31.0
2016-04-08,1,HOME AND KITCHEN I,6.0
2016-04-09,1,HOME AND KITCHEN I,33.0
2016-04-10,1,HOME AND KITCHEN I,2.0
2016-04-11,1,HOME AND KITCHEN I,19.0
2016-04-12,1,HOME AND KITCHEN I,5.0
2016-04-13,1,HOME AND KITCHEN I,8.0
2016-04-14,1,HOME AND KITCHEN I,40.0
2016-04-15,1,HOME AND KITCHEN I,15.0
2016-04-16,1,HOME AND KITCHEN I,6.0
2016-04-17,1,HOME AND KITCHEN I,4.0
2016-04-18,1,HOME AND KITCHEN I,30.0
2016-04-19,1,HOME AND KITCHEN I,70.0
2016-04-20,1,HOME AND KITCHEN I,30.0
2016-04-21,1,HOME AND KITCHEN I,8.0
2016-04-22,1,HOME AND KITCHEN I,23.0
2016-04-23,1,HOME AND KITCHEN I,14.0
2016-04-24,1,HOME AND KITCHEN I,3.0
2016-04-25,1,HOME AND KITCHEN I,9.0
2016-04-26,1,HOME AND KITCHEN I,18.0
2016-04-27,1,HOME AND KITCHEN I,17.0
2016-04-28,1,HOME AND KITCHEN I,40.0
2016-04-29,1,HOME AND KITCHEN I,26.0
2016-04-30,1,HOME AND KITCHEN I,9.0
2016-05-01,1,HOME AND KITCHEN I,13.0
2016-05-02,1,HOME AND KITCHEN I,16.0
2016-05-03,1,HOME AND KITCHEN I,6.0
2016-05-04,1,HOME AND KITCHEN I,17.0
2016-05-05,1,HOME AND KITCHEN I,34.0
2016-05-06,1,HOME AND KITCHEN I,42.0
2016-05-07,1,HOME AND KITCHEN I,33.0
2016-05-08,1,HOME AND KITCHEN I,1.0
2016-05-09,1,HOME AND KITCHEN I,26.0
2016-05-10,1,HOME AND KITCHEN I,12.0
2016-05-11,1,HOME AND KITCHEN I,23.0
2016-05-12,1,HOME AND KITCHEN I,27.0
2016-05-13,1,HOME AND KITCHEN I,34.0
2016-05-14,1,HOME AND KITCHEN I,38.0
2016-05-15,1,HOME AND KITCHEN I,7.0
2016-05-16,1,HOME AND KITCHEN I,13.0
2016-05-17,1,HOME AND KITCHEN I,19.0
2016-05-18,1,HOME AND KITCHEN I,16.0
2016-05-19,1,HOME AND KITCHEN I,20.0
2016-05-20,1,HOME AND KITCHEN I,35.0
2016-05-21,1,HOME AND KITCHEN I,14.0
2016-05-22,1,HOME AND KITCHEN I,2.0
2016-05-23,1,HOME AND KITCHEN I,14.0
2016-05-24,1,HOME AND KITCHEN I,20.0
2016-05-25,1,HOME AND KITCHEN I,13.0
2016-05-26,1,HOME AND KITCHEN I,45.0
2016-05-27,1,HOME AND KITCHEN I,5.0
2016-05-28,1,HOME AND KITCHEN I,12.0
2016-05-29,1,HOME AND KITCHEN I,8.0
2016-05-30,1,HOME AND KITCHEN I,6.0
2016-05-31,1,HOME AND KITCHEN I,11.0
2016-06-01,1,HOME AND KITCHEN I,34.0
2016-06-02,1,HOME AND KITCHEN I,8.0
2016-06-03,1,HOME AND KITCHEN I,25.0
2016-06-04,1,HOME AND KITCHEN I,40.0
2016-06-05,1,HOME AND KITCHEN I,7.0
2016-06-06,1,HOME AND KITCHEN I,17.0
2016-06-07,1,HOME AND KITCHEN I,69.0
2016-06-08,1,HOME AND KITCHEN I,32.0
2016-06-09,1,HOME AND KITCHEN I,10.0
2016-06-10,1,HOME AND KITCHEN I,49.0
2016-06-11,1,HOME AND KITCHEN I,40.0
2016-06-12,1,HOME AND KITCHEN I,4.0
2016-06-13,1,HOME AND KITCHEN I,8.0
2016-06-14,1,HOME AND KITCHEN I,10.0
2016-06-15,1,HOME AND KITCHEN I,33.0
2016-06-16,1,HOME AND KITCHEN I,63.0
2016-06-17,1,HOME AND KITCHEN I,52.0
2016-06-18,1,HOME AND KITCHEN I,19.0
2016-06-19,1,HOME AND KITCHEN I,8.0
2016-06-20,1,HOME AND KITCHEN I,5.0
2016-06-21,1,HOME AND KITCHEN I,13.0
2016-06-22,1,HOME AND KITCHEN I,18.0
2016-06-23,1,HOME AND KITCHEN I,13.0
2016-06-24,1,HOME AND KITCHEN I,33.0
2016-06-25,1,HOME AND KITCHEN I,10.0
2016-06-26,1,HOME AND KITCHEN I,4.0
2016-06-27,1,HOME AND KITCHEN I,9.0
2016-06-28,1,HOME AND KITCHEN I,9.0
2016-06-29,1,HOME AND KITCHEN I,37.0
2016-06-30,1,HOME AND KITCHEN I,20.0
2016-07-01,1,HOME AND KITCHEN I,33.0
2016-07-02,1,HOME AND KITCHEN I,15.0
2016-07-03,1,HOME AND KITCHEN I,4.0
2016-07-04,1,HOME AND KITCHEN I,37.0
2016-07-05,1,HOME AND KITCHEN I,7.0
2016-07-06,1,HOME AND KITCHEN I,22.0
2016-07-07,1,HOME AND KITCHEN I,7.0
2016-07-08,1,HOME AND KITCHEN I,22.0
2016-07-09,1,HOME AND KITCHEN I,19.0
2016-07-10,1,HOME AND KITCHEN I,15.0
2016-07-11,1,HOME AND KITCHEN I,5.0
2016-07-12,1,HOME AND KITCHEN I,20.0
2016-07-13,1,HOME AND KITCHEN I,7.0
2016-07-14,1,HOME AND KITCHEN I,20.0
2016-07-15,1,HOME AND KITCHEN I,36.0
2016-07-16,1,HOME AND KITCHEN I,22.0
2016-07-17,1,HOME AND KITCHEN I,4.0
2016-07-18,1,HOME AND KITCHEN I,12.0
2016-07-19,1,HOME AND KITCHEN I,15.0
2016-07-20,1,HOME AND KITCHEN I,15.0
2016-07-21,1,HOME AND KITCHEN I,24.0
2016-07-22,1,HOME AND KITCHEN I,17.0
2016-07-23,1,HOME AND KITCHEN I,10.0
2016-07-24,1,HOME AND KITCHEN I,5.0
2016-07-25,1,HOME AND KITCHEN I,9.0
2016-07-26,1,HOME AND KITCHEN I,13.0
2016-07-27,1,HOME AND KITCHEN I,13.0
2016-07-28,1,HOME AND KITCHEN I,2.0
2016-07-29,1,HOME AND KITCHEN I,21.0
2016-07-30,1,HOME AND KITCHEN I,14.0
2016-07-31,1,HOME AND KITCHEN I,2.0
2016-08-01,1,HOME AND KITCHEN I,14.0
2016-08-02,1,HOME AND KITCHEN I,8.0
2016-08-03,1,HOME AND KITCHEN I,13.0
2016-08-04,1,HOME AND KITCHEN I,22.0
2016-08-05,1,HOME AND KITCHEN I,42.0
2016-08-06,1,HOME AND KITCHEN I,14.0
2016-08-07,1,HOME AND KITCHEN I,1.0
2016-08-08,1,HOME AND KITCHEN I,34.0
2016-08-09,1,HOME AND KITCHEN I,10.0
2016-08-10,1,HOME AND KITCHEN I,24.0
2016-08-11,1,HOME AND KITCHEN I,711.0
2016-08-12,1,HOME AND KITCHEN I,11.0
2016-08-13,1,HOME AND KITCHEN I,5.0
2016-08-14,1,HOME AND KITCHEN I,1.0
2016-08-15,1,HOME AND KITCHEN I,26.0
2016-08-16,1,HOME AND KITCHEN I,17.0
2016-08-17,1,HOME AND KITCHEN I,24.0
2016-08-18,1,HOME AND KITCHEN I,16.0
2016-08-19,1,HOME AND KITCHEN I,33.0
2016-08-20,1,HOME AND KITCHEN I,5.0
2016-08-21,1,HOME AND KITCHEN I,10.0
2016-08-22,1,HOME AND KITCHEN I,9.0
2016-08-23,1,HOME AND KITCHEN I,18.0
2016-08-24,1,HOME AND KITCHEN I,17.0
2016-08-25,1,HOME AND KITCHEN I,7.0
2016-08-26,1,HOME AND KITCHEN I,13.0
2016-08-27,1,HOME AND KITCHEN I,16.0
2016-08-28,1,HOME AND KITCHEN I,7.0
2016-08-29,1,HOME AND KITCHEN I,24.0
2016-08-30,1,HOME AND KITCHEN I,45.0
2016-08-31,1,HOME AND KITCHEN I,10.0
2016-09-01,1,HOME AND KITCHEN I,36.0
2016-09-02,1,HOME AND KITCHEN I,32.0
2016-09-03,1,HOME AND KITCHEN I,11.0
2016-09-04,1,HOME AND KITCHEN I,11.0
2016-09-05,1,HOME AND KITCHEN I,25.0
2016-09-06,1,HOME AND KITCHEN I,20.0
2016-09-07,1,HOME AND KITCHEN I,29.0
2016-09-08,1,HOME AND KITCHEN I,9.0
2016-09-09,1,HOME AND KITCHEN I,36.0
2016-09-10,1,HOME AND KITCHEN I,29.0
2016-09-11,1,HOME AND KITCHEN I,5.0
2016-09-12,1,HOME AND KITCHEN I,13.0
2016-09-13,1,HOME AND KITCHEN I,20.0
2016-09-14,1,HOME AND KITCHEN I,8.0
2016-09-15,1,HOME AND KITCHEN I,22.0
2016-09-16,1,HOME AND KITCHEN I,34.0
2016-09-17,1,HOME AND KITCHEN I,21.0
2016-09-18,1,HOME AND KITCHEN I,5.0
2016-09-19,1,HOME AND KITCHEN I,9.0
2016-09-20,1,HOME AND KITCHEN I,24.0
2016-09-21,1,HOME AND KITCHEN I,20.0
2016-09-22,1,HOME AND KITCHEN I,16.0
2016-09-23,1,HOME AND KITCHEN I,24.0
2016-09-24,1,HOME AND KITCHEN I,6.0
2016-09-25,1,HOME AND KITCHEN I,4.0
2016-09-26,1,HOME AND KITCHEN I,13.0
2016-09-27,1,HOME AND KITCHEN I,23.0
2016-09-28,1,HOME AND KITCHEN I,10.0
2016-09-29,1,HOME AND KITCHEN I,31.0
2016-09-30,1,HOME AND KITCHEN I,13.0
2016-10-01,1,HOME AND KITCHEN I,34.0
2016-10-02,1,HOME AND KITCHEN I,8.0
2016-10-03,1,HOME AND KITCHEN I,14.0
2016-10-04,1,HOME AND KITCHEN I,19.0
2016-10-05,1,HOME AND KITCHEN I,34.0
2016-10-06,1,HOME AND KITCHEN I,24.0
2016-10-07,1,HOME AND KITCHEN I,48.0
2016-10-08,1,HOME AND KITCHEN I,19.0
2016-10-09,1,HOME AND KITCHEN I,15.0
2016-10-10,1,HOME AND KITCHEN I,51.0
2016-10-11,1,HOME AND KITCHEN I,24.0
2016-10-12,1,HOME AND KITCHEN I,19.0
2016-10-13,1,HOME AND KITCHEN I,14.0
2016-10-14,1,HOME AND KITCHEN I,47.0
2016-10-15,1,HOME AND KITCHEN I,9.0
2016-10-16,1,HOME AND KITCHEN I,4.0
2016-10-17,1,HOME AND KITCHEN I,11.0
2016-10-18,1,HOME AND KITCHEN I,14.0
2016-10-19,1,HOME AND KITCHEN I,11.0
2016-10-20,1,HOME AND KITCHEN I,13.0
2016-10-21,1,HOME AND KITCHEN I,33.0
2016-10-22,1,HOME AND KITCHEN I,31.0
2016-10-23,1,HOME AND KITCHEN I,6.0
2016-10-24,1,HOME AND KITCHEN I,24.0
2016-10-25,1,HOME AND KITCHEN I,18.0
2016-10-26,1,HOME AND KITCHEN I,46.0
2016-10-27,1,HOME AND KITCHEN I,43.0
2016-10-28,1,HOME AND KITCHEN I,24.0
2016-10-29,1,HOME AND KITCHEN I,22.0
2016-10-30,1,HOME AND KITCHEN I,5.0
2016-10-31,1,HOME AND KITCHEN I,8.0
2016-11-01,1,HOME AND KITCHEN I,36.0
2016-11-02,1,HOME AND KITCHEN I,8.0
2016-11-03,1,HOME AND KITCHEN I,8.0
2016-11-04,1,HOME AND KITCHEN I,9.0
2016-11-05,1,HOME AND KITCHEN I,35.0
2016-11-06,1,HOME AND KITCHEN I,10.0
2016-11-07,1,HOME AND KITCHEN I,8.0
2016-11-08,1,HOME AND KITCHEN I,14.0
2016-11-09,1,HOME AND KITCHEN I,8.0
2016-11-10,1,HOME AND KITCHEN I,20.0
2016-11-11,1,HOME AND KITCHEN I,6.0
2016-11-12,1,HOME AND KITCHEN I,28.0
2016-11-13,1,HOME AND KITCHEN I,2.0
2016-11-14,1,HOME AND KITCHEN I,11.0
2016-11-15,1,HOME AND KITCHEN I,23.0
2016-11-16,1,HOME AND KITCHEN I,10.0
2016-11-17,1,HOME AND KITCHEN I,40.0
2016-11-18,1,HOME AND KITCHEN I,74.0
2016-11-19,1,HOME AND KITCHEN I,21.0
2016-11-20,1,HOME AND KITCHEN I,7.0
2016-11-21,1,HOME AND KITCHEN I,22.0
2016-11-22,1,HOME AND KITCHEN I,19.0
2016-11-23,1,HOME AND KITCHEN I,22.0
2016-11-24,1,HOME AND KITCHEN I,28.0
2016-11-25,1,HOME AND KITCHEN I,22.0
2016-11-26,1,HOME AND KITCHEN I,18.0
2016-11-27,1,HOME AND KITCHEN I,5.0
2016-11-28,1,HOME AND KITCHEN I,31.0
2016-11-29,1,HOME AND KITCHEN I,26.0
2016-11-30,1,HOME AND KITCHEN I,32.0
2016-12-01,1,HOME AND KITCHEN I,26.0
2016-12-02,1,HOME AND KITCHEN I,35.0
2016-12-03,1,HOME AND KITCHEN I,10.0
2016-12-04,1,HOME AND KITCHEN I,11.0
2016-12-05,1,HOME AND KITCHEN I,37.0
2016-12-06,1,HOME AND KITCHEN I,15.0
2016-12-07,1,HOME AND KITCHEN I,12.0
2016-12-08,1,HOME AND KITCHEN I,23.0
2016-12-09,1,HOME AND KITCHEN I,38.0
2016-12-10,1,HOME AND KITCHEN I,23.0
2016-12-11,1,HOME AND KITCHEN I,10.0
2016-12-12,1,HOME AND KITCHEN I,11.0
2016-12-13,1,HOME AND KITCHEN I,5.0
2016-12-14,1,HOME AND KITCHEN I,36.0
2016-12-15,1,HOME AND KITCHEN I,27.0
2016-12-16,1,HOME AND KITCHEN I,29.0
2016-12-17,1,HOME AND KITCHEN I,33.0
2016-12-18,1,HOME AND KITCHEN I,6.0
2016-12-19,1,HOME AND KITCHEN I,18.0
2016-12-20,1,HOME AND KITCHEN I,23.0
2016-12-21,1,HOME AND KITCHEN I,26.0
2016-12-22,1,HOME AND KITCHEN I,30.0
2016-12-23,1,HOME AND KITCHEN I,84.0
2016-12-24,1,HOME AND KITCHEN I,30.0
2016-12-26,1,HOME AND KITCHEN I,4.0
2016-12-27,1,HOME AND KITCHEN I,11.0
2016-12-28,1,HOME AND KITCHEN I,17.0
2016-12-29,1,HOME AND KITCHEN I,45.0
2016-12-30,1,HOME AND KITCHEN I,27.0
2016-12-31,1,HOME AND KITCHEN I,21.0
2017-01-01,1,HOME AND KITCHEN I,0.0
2017-01-02,1,HOME AND KITCHEN I,4.0
2017-01-03,1,HOME AND KITCHEN I,36.0
2017-01-04,1,HOME AND KITCHEN I,36.0
2017-01-05,1,HOME AND KITCHEN I,30.0
2017-01-06,1,HOME AND KITCHEN I,38.0
2017-01-07,1,HOME AND KITCHEN I,21.0
2017-01-08,1,HOME AND KITCHEN I,16.0
2017-01-09,1,HOME AND KITCHEN I,20.0
2017-01-10,1,HOME AND KITCHEN I,35.0
2017-01-11,1,HOME AND KITCHEN I,33.0
2017-01-12,1,HOME AND KITCHEN I,32.0
2017-01-13,1,HOME AND KITCHEN I,13.0
2017-01-14,1,HOME AND KITCHEN I,14.0
2017-01-15,1,HOME AND KITCHEN I,8.0
2017-01-16,1,HOME AND KITCHEN I,111.0
2017-01-17,1,HOME AND KITCHEN I,27.0
2017-01-18,1,HOME AND KITCHEN I,53.0
2017-01-19,1,HOME AND KITCHEN I,72.0
2017-01-20,1,HOME AND KITCHEN I,14.0
2017-01-21,1,HOME AND KITCHEN I,29.0
2017-01-22,1,HOME AND KITCHEN I,20.0
2017-01-23,1,HOME AND KITCHEN I,22.0
2017-01-24,1,HOME AND KITCHEN I,25.0
2017-01-25,1,HOME AND KITCHEN I,32.0
2017-01-26,1,HOME AND KITCHEN I,8.0
2017-01-27,1,HOME AND KITCHEN I,34.0
2017-01-28,1,HOME AND KITCHEN I,22.0
2017-01-29,1,HOME AND KITCHEN I,7.0
2017-01-30,1,HOME AND KITCHEN I,13.0
2017-01-31,1,HOME AND KITCHEN I,5.0
2017-02-01,1,HOME AND KITCHEN I,69.0
2017-02-02,1,HOME AND KITCHEN I,40.0
2017-02-03,1,HOME AND KITCHEN I,19.0
2017-02-04,1,HOME AND KITCHEN I,28.0
2017-02-05,1,HOME AND KITCHEN I,0.0
2017-02-06,1,HOME AND KITCHEN I,14.0
2017-02-07,1,HOME AND KITCHEN I,19.0
2017-02-08,1,HOME AND KITCHEN I,23.0
2017-02-09,1,HOME AND KITCHEN I,30.0
2017-02-10,1,HOME AND KITCHEN I,17.0
2017-02-11,1,HOME AND KITCHEN I,12.0
2017-02-12,1,HOME AND KITCHEN I,11.0
2017-02-13,1,HOME AND KITCHEN I,20.0
2017-02-14,1,HOME AND KITCHEN I,18.0
2017-02-15,1,HOME AND KITCHEN I,11.0
2017-02-16,1,HOME AND KITCHEN I,56.0
2017-02-17,1,HOME AND KITCHEN I,18.0
2017-02-18,1,HOME AND KITCHEN I,12.0
2017-02-19,1,HOME AND KITCHEN I,17.0
2017-02-20,1,HOME AND KITCHEN I,22.0
2017-02-21,1,HOME AND KITCHEN I,13.0
2017-02-22,1,HOME AND KITCHEN I,7.0
2017-02-23,1,HOME AND KITCHEN I,11.0
2017-02-24,1,HOME AND KITCHEN I,9.0
2017-02-25,1,HOME AND KITCHEN I,12.0
2017-02-26,1,HOME AND KITCHEN I,4.0
2017-02-27,1,HOME AND KITCHEN I,0.0
2017-02-28,1,HOME AND KITCHEN I,7.0
2017-03-01,1,HOME AND KITCHEN I,7.0
2017-03-02,1,HOME AND KITCHEN I,24.0
2017-03-03,1,HOME AND KITCHEN I,43.0
2017-03-04,1,HOME AND KITCHEN I,43.0
2017-03-05,1,HOME AND KITCHEN I,11.0
2017-03-06,1,HOME AND KITCHEN I,6.0
2017-03-07,1,HOME AND KITCHEN I,6.0
2017-03-08,1,HOME AND KITCHEN I,13.0
2017-03-09,1,HOME AND KITCHEN I,13.0
2017-03-10,1,HOME AND KITCHEN I,9.0
2017-03-11,1,HOME AND KITCHEN I,9.0
2017-03-12,1,HOME AND KITCHEN I,4.0
2017-03-13,1,HOME AND KITCHEN I,31.0
2017-03-14,1,HOME AND KITCHEN I,8.0
2017-03-15,1,HOME AND KITCHEN I,14.0
2017-03-16,1,HOME AND KITCHEN I,11.0
2017-03-17,1,HOME AND KITCHEN I,28.0
2017-03-18,1,HOME AND KITCHEN I,26.0
2017-03-19,1,HOME AND KITCHEN I,5.0
2017-03-20,1,HOME AND KITCHEN I,4.0
2017-03-21,1,HOME AND KITCHEN I,5.0
2017-03-22,1,HOME AND KITCHEN I,18.0
2017-03-23,1,HOME AND KITCHEN I,17.0
2017-03-24,1,HOME AND KITCHEN I,20.0
2017-03-25,1,HOME AND KITCHEN I,21.0
2017-03-26,1,HOME AND KITCHEN I,13.0
2017-03-27,1,HOME AND KITCHEN I,6.0
2017-03-28,1,HOME AND KITCHEN I,6.0
2017-03-29,1,HOME AND KITCHEN I,22.0
2017-03-30,1,HOME AND KITCHEN I,20.0
2017-03-31,1,HOME AND KITCHEN I,20.0
2017-04-01,1,HOME AND KITCHEN I,18.0
2017-04-02,1,HOME AND KITCHEN I,7.0
2017-04-03,1,HOME AND KITCHEN I,4.0
2017-04-04,1,HOME AND KITCHEN I,16.0
2017-04-05,1,HOME AND KITCHEN I,13.0
2017-04-06,1,HOME AND KITCHEN I,21.0
2017-04-07,1,HOME AND KITCHEN I,35.0
2017-04-08,1,HOME AND KITCHEN I,39.0
2017-04-09,1,HOME AND KITCHEN I,5.0
2017-04-10,1,HOME AND KITCHEN I,7.0
2017-04-11,1,HOME AND KITCHEN I,17.0
2017-04-12,1,HOME AND KITCHEN I,16.0
2017-04-13,1,HOME AND KITCHEN I,42.0
2017-04-14,1,HOME AND KITCHEN I,5.0
2017-04-15,1,HOME AND KITCHEN I,19.0
2017-04-16,1,HOME AND KITCHEN I,5.0
2017-04-17,1,HOME AND KITCHEN I,42.0
2017-04-18,1,HOME AND KITCHEN I,16.0
2017-04-19,1,HOME AND KITCHEN I,8.0
2017-04-20,1,HOME AND KITCHEN I,36.0
2017-04-21,1,HOME AND KITCHEN I,49.0
2017-04-22,1,HOME AND KITCHEN I,21.0
2017-04-23,1,HOME AND KITCHEN I,2.0
2017-04-24,1,HOME AND KITCHEN I,8.0
2017-04-25,1,HOME AND KITCHEN I,3.0
2017-04-26,1,HOME AND KITCHEN I,25.0
2017-04-27,1,HOME AND KITCHEN I,19.0
2017-04-28,1,HOME AND KITCHEN I,26.0
2017-04-29,1,HOME AND KITCHEN I,9.0
2017-04-30,1,HOME AND KITCHEN I,3.0
2017-05-01,1,HOME AND KITCHEN I,7.0
2017-05-02,1,HOME AND KITCHEN I,12.0
2017-05-03,1,HOME AND KITCHEN I,12.0
2017-05-04,1,HOME AND KITCHEN I,19.0
2017-05-05,1,HOME AND KITCHEN I,52.0
2017-05-06,1,HOME AND KITCHEN I,43.0
2017-05-07,1,HOME AND KITCHEN I,5.0
2017-05-08,1,HOME AND KITCHEN I,36.0
2017-05-09,1,HOME AND KITCHEN I,10.0
2017-05-10,1,HOME AND KITCHEN I,22.0
2017-05-11,1,HOME AND KITCHEN I,9.0
2017-05-12,1,HOME AND KITCHEN I,12.0
2017-05-13,1,HOME AND KITCHEN I,18.0
2017-05-14,1,HOME AND KITCHEN I,3.0
2017-05-15,1,HOME AND KITCHEN I,8.0
2017-05-16,1,HOME AND KITCHEN I,22.0
2017-05-17,1,HOME AND KITCHEN I,14.0
2017-05-18,1,HOME AND KITCHEN I,58.0
2017-05-19,1,HOME AND KITCHEN I,13.0
2017-05-20,1,HOME AND KITCHEN I,21.0
2017-05-21,1,HOME AND KITCHEN I,5.0
2017-05-22,1,HOME AND KITCHEN I,19.0
2017-05-23,1,HOME AND KITCHEN I,42.0
2017-05-24,1,HOME AND KITCHEN I,13.0
2017-05-25,1,HOME AND KITCHEN I,21.0
2017-05-26,1,HOME AND KITCHEN I,26.0
2017-05-27,1,HOME AND KITCHEN I,11.0
2017-05-28,1,HOME AND KITCHEN I,7.0
2017-05-29,1,HOME AND KITCHEN I,13.0
2017-05-30,1,HOME AND KITCHEN I,5.0
2017-05-31,1,HOME AND KITCHEN I,11.0
2017-06-01,1,HOME AND KITCHEN I,16.0
2017-06-02,1,HOME AND KITCHEN I,13.0
2017-06-03,1,HOME AND KITCHEN I,14.0
2017-06-04,1,HOME AND KITCHEN I,14.0
2017-06-05,1,HOME AND KITCHEN I,20.0
2017-06-06,1,HOME AND KITCHEN I,13.0
2017-06-07,1,HOME AND KITCHEN I,29.0
2017-06-08,1,HOME AND KITCHEN I,9.0
2017-06-09,1,HOME AND KITCHEN I,12.0
2017-06-10,1,HOME AND KITCHEN I,16.0
2017-06-11,1,HOME AND KITCHEN I,4.0
2017-06-12,1,HOME AND KITCHEN I,20.0
2017-06-13,1,HOME AND KITCHEN I,30.0
2017-06-14,1,HOME AND KITCHEN I,59.0
2017-06-15,1,HOME AND KITCHEN I,69.0
2017-06-16,1,HOME AND KITCHEN I,15.0
2017-06-17,1,HOME AND KITCHEN I,57.0
2017-06-18,1,HOME AND KITCHEN I,9.0
2017-06-19,1,HOME AND KITCHEN I,14.0
2017-06-20,1,HOME AND KITCHEN I,19.0
2017-06-21,1,HOME AND KITCHEN I,35.0
2017-06-22,1,HOME AND KITCHEN I,21.0
2017-06-23,1,HOME AND KITCHEN I,38.0
2017-06-24,1,HOME AND KITCHEN I,42.0
2017-06-25,1,HOME AND KITCHEN I,6.0
2017-06-26,1,HOME AND KITCHEN I,16.0
2017-06-27,1,HOME AND KITCHEN I,18.0
2017-06-28,1,HOME AND KITCHEN I,27.0
2017-06-29,1,HOME AND KITCHEN I,26.0
2017-06-30,1,HOME AND KITCHEN I,28.0
2017-07-01,1,HOME AND KITCHEN I,56.0
2017-07-02,1,HOME AND KITCHEN I,14.0
2017-07-03,1,HOME AND KITCHEN I,33.0
2017-07-04,1,HOME AND KITCHEN I,22.0
2017-07-05,1,HOME AND KITCHEN I,71.0
2017-07-06,1,HOME AND KITCHEN I,35.0
2017-07-07,1,HOME AND KITCHEN I,35.0
2017-07-08,1,HOME AND KITCHEN I,29.0
2017-07-09,1,HOME AND KITCHEN I,6.0
2017-07-10,1,HOME AND KITCHEN I,31.0
2017-07-11,1,HOME AND KITCHEN I,25.0
2017-07-12,1,HOME AND KITCHEN I,27.0
2017-07-13,1,HOME AND KITCHEN I,20.0
2017-07-14,1,HOME AND KITCHEN I,11.0
2017-07-15,1,HOME AND KITCHEN I,11.0
2017-07-16,1,HOME AND KITCHEN I,11.0
2017-07-17,1,HOME AND KITCHEN I,21.0
2017-07-18,1,HOME AND KITCHEN I,30.0
2017-07-19,1,HOME AND KITCHEN I,16.0
2017-07-20,1,HOME AND KITCHEN I,25.0
2017-07-21,1,HOME AND KITCHEN I,47.0
2017-07-22,1,HOME AND KITCHEN I,15.0
2017-07-23,1,HOME AND KITCHEN I,6.0
2017-07-24,1,HOME AND KITCHEN I,13.0
2017-07-25,1,HOME AND KITCHEN I,34.0
2017-07-26,1,HOME AND KITCHEN I,15.0
2017-07-27,1,HOME AND KITCHEN I,7.0
2017-07-28,1,HOME AND KITCHEN I,22.0
2017-07-29,1,HOME AND KITCHEN I,12.0
2017-07-30,1,HOME AND KITCHEN I,2.0
2017-07-31,1,HOME AND KITCHEN I,24.0
2017-08-01,1,HOME AND KITCHEN I,20.0
2017-08-02,1,HOME AND KITCHEN I,38.0
2017-08-03,1,HOME AND KITCHEN I,20.0
2017-08-04,1,HOME AND KITCHEN I,49.0
2017-08-05,1,HOME AND KITCHEN I,10.0
2017-08-06,1,HOME AND KITCHEN I,2.0
2017-08-07,1,HOME AND KITCHEN I,19.0
2017-08-08,1,HOME AND KITCHEN I,22.0
2017-08-09,1,HOME AND KITCHEN I,29.0
2017-08-10,1,HOME AND KITCHEN I,39.0
2017-08-11,1,HOME AND KITCHEN I,27.0
2017-08-12,1,HOME AND KITCHEN I,17.0
2017-08-13,1,HOME AND KITCHEN I,13.0
2017-08-14,1,HOME AND KITCHEN I,50.0
2017-08-15,1,HOME AND KITCHEN I,30.0
2016-01-01,1,HOME AND KITCHEN II,0.0
2016-01-02,1,HOME AND KITCHEN II,13.0
2016-01-03,1,HOME AND KITCHEN II,11.0
2016-01-04,1,HOME AND KITCHEN II,22.0
2016-01-05,1,HOME AND KITCHEN II,26.0
2016-01-06,1,HOME AND KITCHEN II,23.0
2016-01-07,1,HOME AND KITCHEN II,18.0
2016-01-08,1,HOME AND KITCHEN II,20.0
2016-01-09,1,HOME AND KITCHEN II,17.0
2016-01-10,1,HOME AND KITCHEN II,3.0
2016-01-11,1,HOME AND KITCHEN II,23.0
2016-01-12,1,HOME AND KITCHEN II,13.0
2016-01-13,1,HOME AND KITCHEN II,34.0
2016-01-14,1,HOME AND KITCHEN II,34.0
2016-01-15,1,HOME AND KITCHEN II,19.0
2016-01-16,1,HOME AND KITCHEN II,12.0
2016-01-17,1,HOME AND KITCHEN II,4.0
2016-01-18,1,HOME AND KITCHEN II,8.0
2016-01-19,1,HOME AND KITCHEN II,15.0
2016-01-20,1,HOME AND KITCHEN II,22.0
2016-01-21,1,HOME AND KITCHEN II,16.0
2016-01-22,1,HOME AND KITCHEN II,21.0
2016-01-23,1,HOME AND KITCHEN II,40.0
2016-01-24,1,HOME AND KITCHEN II,17.0
2016-01-25,1,HOME AND KITCHEN II,19.0
2016-01-26,1,HOME AND KITCHEN II,31.0
2016-01-27,1,HOME AND KITCHEN II,31.0
2016-01-28,1,HOME AND KITCHEN II,43.0
2016-01-29,1,HOME AND KITCHEN II,5.0
2016-01-30,1,HOME AND KITCHEN II,27.0
2016-01-31,1,HOME AND KITCHEN II,7.0
2016-02-01,1,HOME AND KITCHEN II,44.0
2016-02-02,1,HOME AND KITCHEN II,63.0
2016-02-03,1,HOME AND KITCHEN II,28.0
2016-02-04,1,HOME AND KITCHEN II,31.0
2016-02-05,1,HOME AND KITCHEN II,51.0
2016-02-06,1,HOME AND KITCHEN II,36.0
2016-02-07,1,HOME AND KITCHEN II,19.0
2016-02-08,1,HOME AND KITCHEN II,10.0
2016-02-09,1,HOME AND KITCHEN II,24.0
2016-02-10,1,HOME AND KITCHEN II,51.0
2016-02-11,1,HOME AND KITCHEN II,52.0
2016-02-12,1,HOME AND KITCHEN II,33.0
2016-02-13,1,HOME AND KITCHEN II,26.0
2016-02-14,1,HOME AND KITCHEN II,10.0
2016-02-15,1,HOME AND KITCHEN II,31.0
2016-02-16,1,HOME AND KITCHEN II,29.0
2016-02-17,1,HOME AND KITCHEN II,19.0
2016-02-18,1,HOME AND KITCHEN II,26.0
2016-02-19,1,HOME AND KITCHEN II,22.0
2016-02-20,1,HOME AND KITCHEN II,18.0
2016-02-21,1,HOME AND KITCHEN II,7.0
2016-02-22,1,HOME AND KITCHEN II,21.0
2016-02-23,1,HOME AND KITCHEN II,12.0
2016-02-24,1,HOME AND KITCHEN II,19.0
2016-02-25,1,HOME AND KITCHEN II,17.0
2016-02-26,1,HOME AND KITCHEN II,21.0
2016-02-27,1,HOME AND KITCHEN II,23.0
2016-02-28,1,HOME AND KITCHEN II,12.0
2016-02-29,1,HOME AND KITCHEN II,26.0
2016-03-01,1,HOME AND KITCHEN II,26.0
2016-03-02,1,HOME AND KITCHEN II,29.0
2016-03-03,1,HOME AND KITCHEN II,25.0
2016-03-04,1,HOME AND KITCHEN II,25.0
2016-03-05,1,HOME AND KITCHEN II,24.0
2016-03-06,1,HOME AND KITCHEN II,8.0
2016-03-07,1,HOME AND KITCHEN II,43.0
2016-03-08,1,HOME AND KITCHEN II,12.0
2016-03-09,1,HOME AND KITCHEN II,26.0
2016-03-10,1,HOME AND KITCHEN II,7.0
2016-03-11,1,HOME AND KITCHEN II,31.0
2016-03-12,1,HOME AND KITCHEN II,22.0
2016-03-13,1,HOME AND KITCHEN II,18.0
2016-03-14,1,HOME AND KITCHEN II,14.0
2016-03-15,1,HOME AND KITCHEN II,16.0
2016-03-16,1,HOME AND KITCHEN II,30.0
2016-03-17,1,HOME AND KITCHEN II,18.0
2016-03-18,1,HOME AND KITCHEN II,24.0
2016-03-19,1,HOME AND KITCHEN II,32.0
2016-03-20,1,HOME AND KITCHEN II,11.0
2016-03-21,1,HOME AND KITCHEN II,58.0
2016-03-22,1,HOME AND KITCHEN II,87.0
2016-03-23,1,HOME AND KITCHEN II,53.0
2016-03-24,1,HOME AND KITCHEN II,14.0
2016-03-25,1,HOME AND KITCHEN II,11.0
2016-03-26,1,HOME AND KITCHEN II,12.0
2016-03-27,1,HOME AND KITCHEN II,3.0
2016-03-28,1,HOME AND KITCHEN II,64.0
2016-03-29,1,HOME AND KITCHEN II,41.0
2016-03-30,1,HOME AND KITCHEN II,25.0
2016-03-31,1,HOME AND KITCHEN II,23.0
2016-04-01,1,HOME AND KITCHEN II,20.0
2016-04-02,1,HOME AND KITCHEN II,62.0
2016-04-03,1,HOME AND KITCHEN II,9.0
2016-04-04,1,HOME AND KITCHEN II,19.0
2016-04-05,1,HOME AND KITCHEN II,35.0
2016-04-06,1,HOME AND KITCHEN II,22.0
2016-04-07,1,HOME AND KITCHEN II,39.0
2016-04-08,1,HOME AND KITCHEN II,53.0
2016-04-09,1,HOME AND KITCHEN II,12.0
2016-04-10,1,HOME AND KITCHEN II,10.0
2016-04-11,1,HOME AND KITCHEN II,65.0
2016-04-12,1,HOME AND KITCHEN II,36.0
2016-04-13,1,HOME AND KITCHEN II,13.0
2016-04-14,1,HOME AND KITCHEN II,22.0
2016-04-15,1,HOME AND KITCHEN II,52.0
2016-04-16,1,HOME AND KITCHEN II,19.0
2016-04-17,1,HOME AND KITCHEN II,14.0
2016-04-18,1,HOME AND KITCHEN II,269.0
2016-04-19,1,HOME AND KITCHEN II,79.0
2016-04-20,1,HOME AND KITCHEN II,19.0
2016-04-21,1,HOME AND KITCHEN II,46.0
2016-04-22,1,HOME AND KITCHEN II,54.0
2016-04-23,1,HOME AND KITCHEN II,24.0
2016-04-24,1,HOME AND KITCHEN II,5.0
2016-04-25,1,HOME AND KITCHEN II,38.0
2016-04-26,1,HOME AND KITCHEN II,19.0
2016-04-27,1,HOME AND KITCHEN II,18.0
2016-04-28,1,HOME AND KITCHEN II,49.0
2016-04-29,1,HOME AND KITCHEN II,25.0
2016-04-30,1,HOME AND KITCHEN II,8.0
2016-05-01,1,HOME AND KITCHEN II,20.0
2016-05-02,1,HOME AND KITCHEN II,39.0
2016-05-03,1,HOME AND KITCHEN II,29.0
2016-05-04,1,HOME AND KITCHEN II,33.0
2016-05-05,1,HOME AND KITCHEN II,26.0
2016-05-06,1,HOME AND KITCHEN II,28.0
2016-05-07,1,HOME AND KITCHEN II,20.0
2016-05-08,1,HOME AND KITCHEN II,6.0
2016-05-09,1,HOME AND KITCHEN II,14.0
2016-05-10,1,HOME AND KITCHEN II,16.0
2016-05-11,1,HOME AND KITCHEN II,35.0
2016-05-12,1,HOME AND KITCHEN II,19.0
2016-05-13,1,HOME AND KITCHEN II,12.0
2016-05-14,1,HOME AND KITCHEN II,24.0
2016-05-15,1,HOME AND KITCHEN II,3.0
2016-05-16,1,HOME AND KITCHEN II,33.0
2016-05-17,1,HOME AND KITCHEN II,19.0
2016-05-18,1,HOME AND KITCHEN II,19.0
2016-05-19,1,HOME AND KITCHEN II,13.0
2016-05-20,1,HOME AND KITCHEN II,19.0
2016-05-21,1,HOME AND KITCHEN II,17.0
2016-05-22,1,HOME AND KITCHEN II,3.0
2016-05-23,1,HOME AND KITCHEN II,18.0
2016-05-24,1,HOME AND KITCHEN II,8.0
2016-05-25,1,HOME AND KITCHEN II,14.0
2016-05-26,1,HOME AND KITCHEN II,23.0
2016-05-27,1,HOME AND KITCHEN II,12.0
2016-05-28,1,HOME AND KITCHEN II,22.0
2016-05-29,1,HOME AND KITCHEN II,16.0
2016-05-30,1,HOME AND KITCHEN II,15.0
2016-05-31,1,HOME AND KITCHEN II,28.0
2016-06-01,1,HOME AND KITCHEN II,22.0
2016-06-02,1,HOME AND KITCHEN II,15.0
2016-06-03,1,HOME AND KITCHEN II,15.0
2016-06-04,1,HOME AND KITCHEN II,32.0
2016-06-05,1,HOME AND KITCHEN II,3.0
2016-06-06,1,HOME AND KITCHEN II,19.0
2016-06-07,1,HOME AND KITCHEN II,19.0
2016-06-08,1,HOME AND KITCHEN II,17.0
2016-06-09,1,HOME AND KITCHEN II,11.0
2016-06-10,1,HOME AND KITCHEN II,27.0
2016-06-11,1,HOME AND KITCHEN II,26.0
2016-06-12,1,HOME AND KITCHEN II,7.0
2016-06-13,1,HOME AND KITCHEN II,26.0
2016-06-14,1,HOME AND KITCHEN II,23.0
2016-06-15,1,HOME AND KITCHEN II,20.0
2016-06-16,1,HOME AND KITCHEN II,13.0
2016-06-17,1,HOME AND KITCHEN II,28.0
2016-06-18,1,HOME AND KITCHEN II,24.0
2016-06-19,1,HOME AND KITCHEN II,6.0
2016-06-20,1,HOME AND KITCHEN II,15.0
2016-06-21,1,HOME AND KITCHEN II,10.0
2016-06-22,1,HOME AND KITCHEN II,6.0
2016-06-23,1,HOME AND KITCHEN II,4.0
2016-06-24,1,HOME AND KITCHEN II,23.0
2016-06-25,1,HOME AND KITCHEN II,29.0
2016-06-26,1,HOME AND KITCHEN II,19.0
2016-06-27,1,HOME AND KITCHEN II,19.0
2016-06-28,1,HOME AND KITCHEN II,33.0
2016-06-29,1,HOME AND KITCHEN II,39.0
2016-06-30,1,HOME AND KITCHEN II,15.0
2016-07-01,1,HOME AND KITCHEN II,33.0
2016-07-02,1,HOME AND KITCHEN II,18.0
2016-07-03,1,HOME AND KITCHEN II,1.0
2016-07-04,1,HOME AND KITCHEN II,32.0
2016-07-05,1,HOME AND KITCHEN II,23.0
2016-07-06,1,HOME AND KITCHEN II,30.0
2016-07-07,1,HOME AND KITCHEN II,24.0
2016-07-08,1,HOME AND KITCHEN II,53.0
2016-07-09,1,HOME AND KITCHEN II,43.0
2016-07-10,1,HOME AND KITCHEN II,18.0
2016-07-11,1,HOME AND KITCHEN II,18.0
2016-07-12,1,HOME AND KITCHEN II,27.0
2016-07-13,1,HOME AND KITCHEN II,29.0
2016-07-14,1,HOME AND KITCHEN II,40.0
2016-07-15,1,HOME AND KITCHEN II,29.0
2016-07-16,1,HOME AND KITCHEN II,6.0
2016-07-17,1,HOME AND KITCHEN II,5.0
2016-07-18,1,HOME AND KITCHEN II,12.0
2016-07-19,1,HOME AND KITCHEN II,73.0
2016-07-20,1,HOME AND KITCHEN II,24.0
2016-07-21,1,HOME AND KITCHEN II,29.0
2016-07-22,1,HOME AND KITCHEN II,31.0
2016-07-23,1,HOME AND KITCHEN II,38.0
2016-07-24,1,HOME AND KITCHEN II,11.0
2016-07-25,1,HOME AND KITCHEN II,26.0
2016-07-26,1,HOME AND KITCHEN II,16.0
2016-07-27,1,HOME AND KITCHEN II,21.0
2016-07-28,1,HOME AND KITCHEN II,34.0
2016-07-29,1,HOME AND KITCHEN II,26.0
2016-07-30,1,HOME AND KITCHEN II,17.0
2016-07-31,1,HOME AND KITCHEN II,6.0
2016-08-01,1,HOME AND KITCHEN II,29.0
2016-08-02,1,HOME AND KITCHEN II,23.0
2016-08-03,1,HOME AND KITCHEN II,34.0
2016-08-04,1,HOME AND KITCHEN II,24.0
2016-08-05,1,HOME AND KITCHEN II,39.0
2016-08-06,1,HOME AND KITCHEN II,49.0
2016-08-07,1,HOME AND KITCHEN II,10.0
2016-08-08,1,HOME AND KITCHEN II,29.0
2016-08-09,1,HOME AND KITCHEN II,17.0
2016-08-10,1,HOME AND KITCHEN II,33.0
2016-08-11,1,HOME AND KITCHEN II,21.0
2016-08-12,1,HOME AND KITCHEN II,9.0
2016-08-13,1,HOME AND KITCHEN II,24.0
2016-08-14,1,HOME AND KITCHEN II,5.0
2016-08-15,1,HOME AND KITCHEN II,20.0
2016-08-16,1,HOME AND KITCHEN II,24.0
2016-08-17,1,HOME AND KITCHEN II,42.0
2016-08-18,1,HOME AND KITCHEN II,27.0
2016-08-19,1,HOME AND KITCHEN II,22.0
2016-08-20,1,HOME AND KITCHEN II,32.0
2016-08-21,1,HOME AND KITCHEN II,4.0
2016-08-22,1,HOME AND KITCHEN II,39.0
2016-08-23,1,HOME AND KITCHEN II,26.0
2016-08-24,1,HOME AND KITCHEN II,20.0
2016-08-25,1,HOME AND KITCHEN II,19.0
2016-08-26,1,HOME AND KITCHEN II,18.0
2016-08-27,1,HOME AND KITCHEN II,19.0
2016-08-28,1,HOME AND KITCHEN II,2.0
2016-08-29,1,HOME AND KITCHEN II,15.0
2016-08-30,1,HOME AND KITCHEN II,13.0
2016-08-31,1,HOME AND KITCHEN II,20.0
2016-09-01,1,HOME AND KITCHEN II,24.0
2016-09-02,1,HOME AND KITCHEN II,56.0
2016-09-03,1,HOME AND KITCHEN II,14.0
2016-09-04,1,HOME AND KITCHEN II,19.0
2016-09-05,1,HOME AND KITCHEN II,25.0
2016-09-06,1,HOME AND KITCHEN II,23.0
2016-09-07,1,HOME AND KITCHEN II,30.0
2016-09-08,1,HOME AND KITCHEN II,18.0
2016-09-09,1,HOME AND KITCHEN II,26.0
2016-09-10,1,HOME AND KITCHEN II,22.0
2016-09-11,1,HOME AND KITCHEN II,11.0
2016-09-12,1,HOME AND KITCHEN II,24.0
2016-09-13,1,HOME AND KITCHEN II,27.0
2016-09-14,1,HOME AND KITCHEN II,31.0
2016-09-15,1,HOME AND KITCHEN II,18.0
2016-09-16,1,HOME AND KITCHEN II,40.0
2016-09-17,1,HOME AND KITCHEN II,14.0
2016-09-18,1,HOME AND KITCHEN II,11.0
2016-09-19,1,HOME AND KITCHEN II,37.0
2016-09-20,1,HOME AND KITCHEN II,26.0
2016-09-21,1,HOME AND KITCHEN II,21.0
2016-09-22,1,HOME AND KITCHEN II,29.0
2016-09-23,1,HOME AND KITCHEN II,27.0
2016-09-24,1,HOME AND KITCHEN II,18.0
2016-09-25,1,HOME AND KITCHEN II,6.0
2016-09-26,1,HOME AND KITCHEN II,29.0
2016-09-27,1,HOME AND KITCHEN II,26.0
2016-09-28,1,HOME AND KITCHEN II,27.0
2016-09-29,1,HOME AND KITCHEN II,27.0
2016-09-30,1,HOME AND KITCHEN II,9.0
2016-10-01,1,HOME AND KITCHEN II,36.0
2016-10-02,1,HOME AND KITCHEN II,4.0
2016-10-03,1,HOME AND KITCHEN II,34.0
2016-10-04,1,HOME AND KITCHEN II,47.0
2016-10-05,1,HOME AND KITCHEN II,39.0
2016-10-06,1,HOME AND KITCHEN II,40.0
2016-10-07,1,HOME AND KITCHEN II,22.0
2016-10-08,1,HOME AND KITCHEN II,11.0
2016-10-09,1,HOME AND KITCHEN II,20.0
2016-10-10,1,HOME AND KITCHEN II,34.0
2016-10-11,1,HOME AND KITCHEN II,28.0
2016-10-12,1,HOME AND KITCHEN II,65.0
2016-10-13,1,HOME AND KITCHEN II,48.0
2016-10-14,1,HOME AND KITCHEN II,39.0
2016-10-15,1,HOME AND KITCHEN II,46.0
2016-10-16,1,HOME AND KITCHEN II,17.0
2016-10-17,1,HOME AND KITCHEN II,18.0
2016-10-18,1,HOME AND KITCHEN II,18.0
2016-10-19,1,HOME AND KITCHEN II,39.0
2016-10-20,1,HOME AND KITCHEN II,30.0
2016-10-21,1,HOME AND KITCHEN II,27.0
2016-10-22,1,HOME AND KITCHEN II,24.0
2016-10-23,1,HOME AND KITCHEN II,11.0
2016-10-24,1,HOME AND KITCHEN II,21.0
2016-10-25,1,HOME AND KITCHEN II,41.0
2016-10-26,1,HOME AND KITCHEN II,19.0
2016-10-27,1,HOME AND KITCHEN II,19.0
2016-10-28,1,HOME AND KITCHEN II,45.0
2016-10-29,1,HOME AND KITCHEN II,45.0
2016-10-30,1,HOME AND KITCHEN II,10.0
2016-10-31,1,HOME AND KITCHEN II,22.0
2016-11-01,1,HOME AND KITCHEN II,35.0
2016-11-02,1,HOME AND KITCHEN II,3.0
2016-11-03,1,HOME AND KITCHEN II,4.0
2016-11-04,1,HOME AND KITCHEN II,18.0
2016-11-05,1,HOME AND KITCHEN II,10.0
2016-11-06,1,HOME AND KITCHEN II,13.0
2016-11-07,1,HOME AND KITCHEN II,24.0
2016-11-08,1,HOME AND KITCHEN II,33.0
2016-11-09,1,HOME AND KITCHEN II,16.0
2016-11-10,1,HOME AND KITCHEN II,17.0
2016-11-11,1,HOME AND KITCHEN II,34.0
2016-11-12,1,HOME AND KITCHEN II,20.0
2016-11-13,1,HOME AND KITCHEN II,6.0
2016-11-14,1,HOME AND KITCHEN II,42.0
2016-11-15,1,HOME AND KITCHEN II,20.0
2016-11-16,1,HOME AND KITCHEN II,38.0
2016-11-17,1,HOME AND KITCHEN II,12.0
2016-11-18,1,HOME AND KITCHEN II,43.0
2016-11-19,1,HOME AND KITCHEN II,20.0
2016-11-20,1,HOME AND KITCHEN II,11.0
2016-11-21,1,HOME AND KITCHEN II,42.0
2016-11-22,1,HOME AND KITCHEN II,39.0
2016-11-23,1,HOME AND KITCHEN II,34.0
2016-11-24,1,HOME AND KITCHEN II,36.0
2016-11-25,1,HOME AND KITCHEN II,20.0
2016-11-26,1,HOME AND KITCHEN II,25.0
2016-11-27,1,HOME AND KITCHEN II,16.0
2016-11-28,1,HOME AND KITCHEN II,30.0
2016-11-29,1,HOME AND KITCHEN II,31.0
2016-11-30,1,HOME AND KITCHEN II,46.0
2016-12-01,1,HOME AND KITCHEN II,45.0
2016-12-02,1,HOME AND KITCHEN II,25.0
2016-12-03,1,HOME AND KITCHEN II,14.0
2016-12-04,1,HOME AND KITCHEN II,16.0
2016-12-05,1,HOME AND KITCHEN II,25.0
2016-12-06,1,HOME AND KITCHEN II,18.0
2016-12-07,1,HOME AND KITCHEN II,44.0
2016-12-08,1,HOME AND KITCHEN II,27.0
2016-12-09,1,HOME AND KITCHEN II,45.0
2016-12-10,1,HOME AND KITCHEN II,37.0
2016-12-11,1,HOME AND KITCHEN II,14.0
2016-12-12,1,HOME AND KITCHEN II,42.0
2016-12-13,1,HOME AND KITCHEN II,29.0
2016-12-14,1,HOME AND KITCHEN II,43.0
2016-12-15,1,HOME AND KITCHEN II,26.0
2016-12-16,1,HOME AND KITCHEN II,32.0
2016-12-17,1,HOME AND KITCHEN II,21.0
2016-12-18,1,HOME AND KITCHEN II,18.0
2016-12-19,1,HOME AND KITCHEN II,54.0
2016-12-20,1,HOME AND KITCHEN II,64.0
2016-12-21,1,HOME AND KITCHEN II,49.0
2016-12-22,1,HOME AND KITCHEN II,48.0
2016-12-23,1,HOME AND KITCHEN II,28.0
2016-12-24,1,HOME AND KITCHEN II,23.0
2016-12-26,1,HOME AND KITCHEN II,5.0
2016-12-27,1,HOME AND KITCHEN II,39.0
2016-12-28,1,HOME AND KITCHEN II,19.0
2016-12-29,1,HOME AND KITCHEN II,18.0
2016-12-30,1,HOME AND KITCHEN II,20.0
2016-12-31,1,HOME AND KITCHEN II,10.0
2017-01-01,1,HOME AND KITCHEN II,0.0
2017-01-02,1,HOME AND KITCHEN II,2.0
2017-01-03,1,HOME AND KITCHEN II,40.0
2017-01-04,1,HOME AND KITCHEN II,31.0
2017-01-05,1,HOME AND KITCHEN II,19.0
2017-01-06,1,HOME AND KITCHEN II,25.0
2017-01-07,1,HOME AND KITCHEN II,28.0
2017-01-08,1,HOME AND KITCHEN II,7.0
2017-01-09,1,HOME AND KITCHEN II,10.0
2017-01-10,1,HOME AND KITCHEN II,19.0
2017-01-11,1,HOME AND KITCHEN II,25.0
2017-01-12,1,HOME AND KITCHEN II,20.0
2017-01-13,1,HOME AND KITCHEN II,24.0
2017-01-14,1,HOME AND KITCHEN II,17.0
2017-01-15,1,HOME AND KITCHEN II,6.0
2017-01-16,1,HOME AND KITCHEN II,12.0
2017-01-17,1,HOME AND KITCHEN II,25.0
2017-01-18,1,HOME AND KITCHEN II,21.0
2017-01-19,1,HOME AND KITCHEN II,15.0
2017-01-20,1,HOME AND KITCHEN II,18.0
2017-01-21,1,HOME AND KITCHEN II,29.0
2017-01-22,1,HOME AND KITCHEN II,8.0
2017-01-23,1,HOME AND KITCHEN II,20.0
2017-01-24,1,HOME AND KITCHEN II,29.0
2017-01-25,1,HOME AND KITCHEN II,27.0
2017-01-26,1,HOME AND KITCHEN II,21.0
2017-01-27,1,HOME AND KITCHEN II,22.0
2017-01-28,1,HOME AND KITCHEN II,25.0
2017-01-29,1,HOME AND KITCHEN II,9.0
2017-01-30,1,HOME AND KITCHEN II,28.0
2017-01-31,1,HOME AND KITCHEN II,19.0
2017-02-01,1,HOME AND KITCHEN II,36.0
2017-02-02,1,HOME AND KITCHEN II,41.0
2017-02-03,1,HOME AND KITCHEN II,50.0
2017-02-04,1,HOME AND KITCHEN II,60.0
2017-02-05,1,HOME AND KITCHEN II,10.0
2017-02-06,1,HOME AND KITCHEN II,38.0
2017-02-07,1,HOME AND KITCHEN II,23.0
2017-02-08,1,HOME AND KITCHEN II,23.0
2017-02-09,1,HOME AND KITCHEN II,34.0
2017-02-10,1,HOME AND KITCHEN II,22.0
2017-02-11,1,HOME AND KITCHEN II,29.0
2017-02-12,1,HOME AND KITCHEN II,10.0
2017-02-13,1,HOME AND KITCHEN II,45.0
2017-02-14,1,HOME AND KITCHEN II,28.0
2017-02-15,1,HOME AND KITCHEN II,27.0
2017-02-16,1,HOME AND KITCHEN II,25.0
2017-02-17,1,HOME AND KITCHEN II,32.0
2017-02-18,1,HOME AND KITCHEN II,21.0
2017-02-19,1,HOME AND KITCHEN II,15.0
2017-02-20,1,HOME AND KITCHEN II,17.0
2017-02-21,1,HOME AND KITCHEN II,36.0
2017-02-22,1,HOME AND KITCHEN II,23.0
2017-02-23,1,HOME AND KITCHEN II,22.0
2017-02-24,1,HOME AND KITCHEN II,43.0
2017-02-25,1,HOME AND KITCHEN II,32.0
2017-02-26,1,HOME AND KITCHEN II,0.0
2017-02-27,1,HOME AND KITCHEN II,3.0
2017-02-28,1,HOME AND KITCHEN II,6.0
2017-03-01,1,HOME AND KITCHEN II,30.0
2017-03-02,1,HOME AND KITCHEN II,17.0
2017-03-03,1,HOME AND KITCHEN II,28.0
2017-03-04,1,HOME AND KITCHEN II,55.0
2017-03-05,1,HOME AND KITCHEN II,3.0
2017-03-06,1,HOME AND KITCHEN II,26.0
2017-03-07,1,HOME AND KITCHEN II,52.0
2017-03-08,1,HOME AND KITCHEN II,27.0
2017-03-09,1,HOME AND KITCHEN II,25.0
2017-03-10,1,HOME AND KITCHEN II,21.0
2017-03-11,1,HOME AND KITCHEN II,37.0
2017-03-12,1,HOME AND KITCHEN II,14.0
2017-03-13,1,HOME AND KITCHEN II,28.0
2017-03-14,1,HOME AND KITCHEN II,26.0
2017-03-15,1,HOME AND KITCHEN II,43.0
2017-03-16,1,HOME AND KITCHEN II,15.0
2017-03-17,1,HOME AND KITCHEN II,32.0
2017-03-18,1,HOME AND KITCHEN II,17.0
2017-03-19,1,HOME AND KITCHEN II,10.0
2017-03-20,1,HOME AND KITCHEN II,13.0
2017-03-21,1,HOME AND KITCHEN II,28.0
2017-03-22,1,HOME AND KITCHEN II,42.0
2017-03-23,1,HOME AND KITCHEN II,28.0
2017-03-24,1,HOME AND KITCHEN II,16.0
2017-03-25,1,HOME AND KITCHEN II,14.0
2017-03-26,1,HOME AND KITCHEN II,2.0
2017-03-27,1,HOME AND KITCHEN II,25.0
2017-03-28,1,HOME AND KITCHEN II,26.0
2017-03-29,1,HOME AND KITCHEN II,15.0
2017-03-30,1,HOME AND KITCHEN II,27.0
2017-03-31,1,HOME AND KITCHEN II,22.0
2017-04-01,1,HOME AND KITCHEN II,22.0
2017-04-02,1,HOME AND KITCHEN II,2.0
2017-04-03,1,HOME AND KITCHEN II,19.0
2017-04-04,1,HOME AND KITCHEN II,21.0
2017-04-05,1,HOME AND KITCHEN II,34.0
2017-04-06,1,HOME AND KITCHEN II,30.0
2017-04-07,1,HOME AND KITCHEN II,13.0
2017-04-08,1,HOME AND KITCHEN II,22.0
2017-04-09,1,HOME AND KITCHEN II,18.0
2017-04-10,1,HOME AND KITCHEN II,20.0
2017-04-11,1,HOME AND KITCHEN II,23.0
2017-04-12,1,HOME AND KITCHEN II,15.0
2017-04-13,1,HOME AND KITCHEN II,21.0
2017-04-14,1,HOME AND KITCHEN II,3.0
2017-04-15,1,HOME AND KITCHEN II,17.0
2017-04-16,1,HOME AND KITCHEN II,8.0
2017-04-17,1,HOME AND KITCHEN II,26.0
2017-04-18,1,HOME AND KITCHEN II,12.0
2017-04-19,1,HOME AND KITCHEN II,18.0
2017-04-20,1,HOME AND KITCHEN II,30.0
2017-04-21,1,HOME AND KITCHEN II,18.0
2017-04-22,1,HOME AND KITCHEN II,18.0
2017-04-23,1,HOME AND KITCHEN II,9.0
2017-04-24,1,HOME AND KITCHEN II,21.0
2017-04-25,1,HOME AND KITCHEN II,17.0
2017-04-26,1,HOME AND KITCHEN II,30.0
2017-04-27,1,HOME AND KITCHEN II,15.0
2017-04-28,1,HOME AND KITCHEN II,25.0
2017-04-29,1,HOME AND KITCHEN II,19.0
2017-04-30,1,HOME AND KITCHEN II,2.0
2017-05-01,1,HOME AND KITCHEN II,5.0
2017-05-02,1,HOME AND KITCHEN II,25.0
2017-05-03,1,HOME AND KITCHEN II,23.0
2017-05-04,1,HOME AND KITCHEN II,15.0
2017-05-05,1,HOME AND KITCHEN II,18.0
2017-05-06,1,HOME AND KITCHEN II,22.0
2017-05-07,1,HOME AND KITCHEN II,9.0
2017-05-08,1,HOME AND KITCHEN II,15.0
2017-05-09,1,HOME AND KITCHEN II,19.0
2017-05-10,1,HOME AND KITCHEN II,18.0
2017-05-11,1,HOME AND KITCHEN II,7.0
2017-05-12,1,HOME AND KITCHEN II,26.0
2017-05-13,1,HOME AND KITCHEN II,12.0
2017-05-14,1,HOME AND KITCHEN II,4.0
2017-05-15,1,HOME AND KITCHEN II,35.0
2017-05-16,1,HOME AND KITCHEN II,36.0
2017-05-17,1,HOME AND KITCHEN II,22.0
2017-05-18,1,HOME AND KITCHEN II,30.0
2017-05-19,1,HOME AND KITCHEN II,9.0
2017-05-20,1,HOME AND KITCHEN II,22.0
2017-05-21,1,HOME AND KITCHEN II,17.0
2017-05-22,1,HOME AND KITCHEN II,20.0
2017-05-23,1,HOME AND KITCHEN II,35.0
2017-05-24,1,HOME AND KITCHEN II,41.0
2017-05-25,1,HOME AND KITCHEN II,30.0
2017-05-26,1,HOME AND KITCHEN II,11.0
2017-05-27,1,HOME AND KITCHEN II,11.0
2017-05-28,1,HOME AND KITCHEN II,8.0
2017-05-29,1,HOME AND KITCHEN II,22.0
2017-05-30,1,HOME AND KITCHEN II,11.0
2017-05-31,1,HOME AND KITCHEN II,31.0
2017-06-01,1,HOME AND KITCHEN II,34.0
2017-06-02,1,HOME AND KITCHEN II,31.0
2017-06-03,1,HOME AND KITCHEN II,33.0
2017-06-04,1,HOME AND KITCHEN II,17.0
2017-06-05,1,HOME AND KITCHEN II,50.0
2017-06-06,1,HOME AND KITCHEN II,36.0
2017-06-07,1,HOME AND KITCHEN II,30.0
2017-06-08,1,HOME AND KITCHEN II,24.0
2017-06-09,1,HOME AND KITCHEN II,31.0
2017-06-10,1,HOME AND KITCHEN II,16.0
2017-06-11,1,HOME AND KITCHEN II,14.0
2017-06-12,1,HOME AND KITCHEN II,24.0
2017-06-13,1,HOME AND KITCHEN II,32.0
2017-06-14,1,HOME AND KITCHEN II,40.0
2017-06-15,1,HOME AND KITCHEN II,20.0
2017-06-16,1,HOME AND KITCHEN II,24.0
2017-06-17,1,HOME AND KITCHEN II,23.0
2017-06-18,1,HOME AND KITCHEN II,8.0
2017-06-19,1,HOME AND KITCHEN II,25.0
2017-06-20,1,HOME AND KITCHEN II,27.0
2017-06-21,1,HOME AND KITCHEN II,34.0
2017-06-22,1,HOME AND KITCHEN II,31.0
2017-06-23,1,HOME AND KITCHEN II,37.0
2017-06-24,1,HOME AND KITCHEN II,25.0
2017-06-25,1,HOME AND KITCHEN II,13.0
2017-06-26,1,HOME AND KITCHEN II,35.0
2017-06-27,1,HOME AND KITCHEN II,35.0
2017-06-28,1,HOME AND KITCHEN II,20.0
2017-06-29,1,HOME AND KITCHEN II,23.0
2017-06-30,1,HOME AND KITCHEN II,31.0
2017-07-01,1,HOME AND KITCHEN II,18.0
2017-07-02,1,HOME AND KITCHEN II,13.0
2017-07-03,1,HOME AND KITCHEN II,32.0
2017-07-04,1,HOME AND KITCHEN II,28.0
2017-07-05,1,HOME AND KITCHEN II,33.0
2017-07-06,1,HOME AND KITCHEN II,23.0
2017-07-07,1,HOME AND KITCHEN II,11.0
2017-07-08,1,HOME AND KITCHEN II,14.0
2017-07-09,1,HOME AND KITCHEN II,7.0
2017-07-10,1,HOME AND KITCHEN II,42.0
2017-07-11,1,HOME AND KITCHEN II,13.0
2017-07-12,1,HOME AND KITCHEN II,30.0
2017-07-13,1,HOME AND KITCHEN II,33.0
2017-07-14,1,HOME AND KITCHEN II,48.0
2017-07-15,1,HOME AND KITCHEN II,43.0
2017-07-16,1,HOME AND KITCHEN II,7.0
2017-07-17,1,HOME AND KITCHEN II,21.0
2017-07-18,1,HOME AND KITCHEN II,29.0
2017-07-19,1,HOME AND KITCHEN II,25.0
2017-07-20,1,HOME AND KITCHEN II,29.0
2017-07-21,1,HOME AND KITCHEN II,22.0
2017-07-22,1,HOME AND KITCHEN II,22.0
2017-07-23,1,HOME AND KITCHEN II,7.0
2017-07-24,1,HOME AND KITCHEN II,15.0
2017-07-25,1,HOME AND KITCHEN II,30.0
2017-07-26,1,HOME AND KITCHEN II,19.0
2017-07-27,1,HOME AND KITCHEN II,24.0
2017-07-28,1,HOME AND KITCHEN II,12.0
2017-07-29,1,HOME AND KITCHEN II,27.0
2017-07-30,1,HOME AND KITCHEN II,8.0
2017-07-31,1,HOME AND KITCHEN II,39.0
2017-08-01,1,HOME AND KITCHEN II,38.0
2017-08-02,1,HOME AND KITCHEN II,18.0
2017-08-03,1,HOME AND KITCHEN II,26.0
2017-08-04,1,HOME AND KITCHEN II,22.0
2017-08-05,1,HOME AND KITCHEN II,25.0
2017-08-06,1,HOME AND KITCHEN II,8.0
2017-08-07,1,HOME AND KITCHEN II,24.0
2017-08-08,1,HOME AND KITCHEN II,27.0
2017-08-09,1,HOME AND KITCHEN II,16.0
2017-08-10,1,HOME AND KITCHEN II,31.0
2017-08-11,1,HOME AND KITCHEN II,14.0
2017-08-12,1,HOME AND KITCHEN II,31.0
2017-08-13,1,HOME AND KITCHEN II,8.0
2017-08-14,1,HOME AND KITCHEN II,31.0
2017-08-15,1,HOME AND KITCHEN II,33.0
2016-01-01,1,HOME APPLIANCES,0.0
2016-01-02,1,HOME APPLIANCES,0.0
2016-01-03,1,HOME APPLIANCES,0.0
2016-01-04,1,HOME APPLIANCES,1.0
2016-01-05,1,HOME APPLIANCES,0.0
2016-01-06,1,HOME APPLIANCES,0.0
2016-01-07,1,HOME APPLIANCES,0.0
2016-01-08,1,HOME APPLIANCES,0.0
2016-01-09,1,HOME APPLIANCES,0.0
2016-01-10,1,HOME APPLIANCES,0.0
2016-01-11,1,HOME APPLIANCES,0.0
2016-01-12,1,HOME APPLIANCES,1.0
2016-01-13,1,HOME APPLIANCES,3.0
2016-01-14,1,HOME APPLIANCES,0.0
2016-01-15,1,HOME APPLIANCES,1.0
2016-01-16,1,HOME APPLIANCES,3.0
2016-01-17,1,HOME APPLIANCES,0.0
2016-01-18,1,HOME APPLIANCES,1.0
2016-01-19,1,HOME APPLIANCES,2.0
2016-01-20,1,HOME APPLIANCES,0.0
2016-01-21,1,HOME APPLIANCES,0.0
2016-01-22,1,HOME APPLIANCES,0.0
2016-01-23,1,HOME APPLIANCES,0.0
2016-01-24,1,HOME APPLIANCES,0.0
2016-01-25,1,HOME APPLIANCES,0.0
2016-01-26,1,HOME APPLIANCES,0.0
2016-01-27,1,HOME APPLIANCES,1.0
2016-01-28,1,HOME APPLIANCES,1.0
2016-01-29,1,HOME APPLIANCES,1.0
2016-01-30,1,HOME APPLIANCES,1.0
2016-01-31,1,HOME APPLIANCES,0.0
2016-02-01,1,HOME APPLIANCES,0.0
2016-02-02,1,HOME APPLIANCES,0.0
2016-02-03,1,HOME APPLIANCES,0.0
2016-02-04,1,HOME APPLIANCES,1.0
2016-02-05,1,HOME APPLIANCES,1.0
2016-02-06,1,HOME APPLIANCES,0.0
2016-02-07,1,HOME APPLIANCES,0.0
2016-02-08,1,HOME APPLIANCES,0.0
2016-02-09,1,HOME APPLIANCES,0.0
2016-02-10,1,HOME APPLIANCES,0.0
2016-02-11,1,HOME APPLIANCES,1.0
2016-02-12,1,HOME APPLIANCES,1.0
2016-02-13,1,HOME APPLIANCES,0.0
2016-02-14,1,HOME APPLIANCES,0.0
2016-02-15,1,HOME APPLIANCES,3.0
2016-02-16,1,HOME APPLIANCES,0.0
2016-02-17,1,HOME APPLIANCES,1.0
2016-02-18,1,HOME APPLIANCES,6.0
2016-02-19,1,HOME APPLIANCES,1.0
2016-02-20,1,HOME APPLIANCES,0.0
2016-02-21,1,HOME APPLIANCES,0.0
2016-02-22,1,HOME APPLIANCES,0.0
2016-02-23,1,HOME APPLIANCES,0.0
2016-02-24,1,HOME APPLIANCES,0.0
2016-02-25,1,HOME APPLIANCES,0.0
2016-02-26,1,HOME APPLIANCES,0.0
2016-02-27,1,HOME APPLIANCES,0.0
2016-02-28,1,HOME APPLIANCES,0.0
2016-02-29,1,HOME APPLIANCES,0.0
2016-03-01,1,HOME APPLIANCES,0.0
2016-03-02,1,HOME APPLIANCES,0.0
2016-03-03,1,HOME APPLIANCES,0.0
2016-03-04,1,HOME APPLIANCES,0.0
2016-03-05,1,HOME APPLIANCES,0.0
2016-03-06,1,HOME APPLIANCES,0.0
2016-03-07,1,HOME APPLIANCES,0.0
2016-03-08,1,HOME APPLIANCES,0.0
2016-03-09,1,HOME APPLIANCES,0.0
2016-03-10,1,HOME APPLIANCES,0.0
2016-03-11,1,HOME APPLIANCES,0.0
2016-03-12,1,HOME APPLIANCES,0.0
2016-03-13,1,HOME APPLIANCES,0.0
2016-03-14,1,HOME APPLIANCES,0.0
2016-03-15,1,HOME APPLIANCES,0.0
2016-03-16,1,HOME APPLIANCES,0.0
2016-03-17,1,HOME APPLIANCES,0.0
2016-03-18,1,HOME APPLIANCES,0.0
2016-03-19,1,HOME APPLIANCES,0.0
2016-03-20,1,HOME APPLIANCES,0.0
2016-03-21,1,HOME APPLIANCES,0.0
2016-03-22,1,HOME APPLIANCES,0.0
2016-03-23,1,HOME APPLIANCES,0.0
2016-03-24,1,HOME APPLIANCES,0.0
2016-03-25,1,HOME APPLIANCES,0.0
2016-03-26,1,HOME APPLIANCES,0.0
2016-03-27,1,HOME APPLIANCES,0.0
2016-03-28,1,HOME APPLIANCES,0.0
2016-03-29,1,HOME APPLIANCES,0.0
2016-03-30,1,HOME APPLIANCES,0.0
2016-03-31,1,HOME APPLIANCES,0.0
2016-04-01,1,HOME APPLIANCES,0.0
2016-04-02,1,HOME APPLIANCES,0.0
2016-04-03,1,HOME APPLIANCES,0.0
2016-04-04,1,HOME APPLIANCES,0.0
2016-04-05,1,HOME APPLIANCES,0.0
2016-04-06,1,HOME APPLIANCES,0.0
2016-04-07,1,HOME APPLIANCES,0.0
2016-04-08,1,HOME APPLIANCES,0.0
2016-04-09,1,HOME APPLIANCES,0.0
2016-04-10,1,HOME APPLIANCES,0.0
2016-04-11,1,HOME APPLIANCES,0.0
2016-04-12,1,HOME APPLIANCES,0.0
2016-04-13,1,HOME APPLIANCES,0.0
2016-04-14,1,HOME APPLIANCES,0.0
2016-04-15,1,HOME APPLIANCES,0.0
2016-04-16,1,HOME APPLIANCES,0.0
2016-04-17,1,HOME APPLIANCES,0.0
2016-04-18,1,HOME APPLIANCES,0.0
2016-04-19,1,HOME APPLIANCES,0.0
2016-04-20,1,HOME APPLIANCES,0.0
2016-04-21,1,HOME APPLIANCES,0.0
2016-04-22,1,HOME APPLIANCES,0.0
2016-04-23,1,HOME APPLIANCES,0.0
2016-04-24,1,HOME APPLIANCES,0.0
2016-04-25,1,HOME APPLIANCES,0.0
2016-04-26,1,HOME APPLIANCES,1.0
2016-04-27,1,HOME APPLIANCES,0.0
2016-04-28,1,HOME APPLIANCES,0.0
2016-04-29,1,HOME APPLIANCES,2.0
2016-04-30,1,HOME APPLIANCES,1.0
2016-05-01,1,HOME APPLIANCES,3.0
2016-05-02,1,HOME APPLIANCES,1.0
2016-05-03,1,HOME APPLIANCES,1.0
2016-05-04,1,HOME APPLIANCES,1.0
2016-05-05,1,HOME APPLIANCES,1.0
2016-05-06,1,HOME APPLIANCES,2.0
2016-05-07,1,HOME APPLIANCES,1.0
2016-05-08,1,HOME APPLIANCES,0.0
2016-05-09,1,HOME APPLIANCES,0.0
2016-05-10,1,HOME APPLIANCES,1.0
2016-05-11,1,HOME APPLIANCES,2.0
2016-05-12,1,HOME APPLIANCES,3.0
2016-05-13,1,HOME APPLIANCES,0.0
2016-05-14,1,HOME APPLIANCES,0.0
2016-05-15,1,HOME APPLIANCES,1.0
2016-05-16,1,HOME APPLIANCES,1.0
2016-05-17,1,HOME APPLIANCES,2.0
2016-05-18,1,HOME APPLIANCES,2.0
2016-05-19,1,HOME APPLIANCES,0.0
2016-05-20,1,HOME APPLIANCES,0.0
2016-05-21,1,HOME APPLIANCES,2.0
2016-05-22,1,HOME APPLIANCES,1.0
2016-05-23,1,HOME APPLIANCES,0.0
2016-05-24,1,HOME APPLIANCES,1.0
2016-05-25,1,HOME APPLIANCES,0.0
2016-05-26,1,HOME APPLIANCES,0.0
2016-05-27,1,HOME APPLIANCES,0.0
2016-05-28,1,HOME APPLIANCES,0.0
2016-05-29,1,HOME APPLIANCES,0.0
2016-05-30,1,HOME APPLIANCES,0.0
2016-05-31,1,HOME APPLIANCES,1.0
2016-06-01,1,HOME APPLIANCES,0.0
2016-06-02,1,HOME APPLIANCES,1.0
2016-06-03,1,HOME APPLIANCES,0.0
2016-06-04,1,HOME APPLIANCES,1.0
2016-06-05,1,HOME APPLIANCES,0.0
2016-06-06,1,HOME APPLIANCES,0.0
2016-06-07,1,HOME APPLIANCES,0.0
2016-06-08,1,HOME APPLIANCES,0.0
2016-06-09,1,HOME APPLIANCES,0.0
2016-06-10,1,HOME APPLIANCES,0.0
2016-06-11,1,HOME APPLIANCES,0.0
2016-06-12,1,HOME APPLIANCES,0.0
2016-06-13,1,HOME APPLIANCES,0.0
2016-06-14,1,HOME APPLIANCES,0.0
2016-06-15,1,HOME APPLIANCES,0.0
2016-06-16,1,HOME APPLIANCES,0.0
2016-06-17,1,HOME APPLIANCES,0.0
2016-06-18,1,HOME APPLIANCES,0.0
2016-06-19,1,HOME APPLIANCES,0.0
2016-06-20,1,HOME APPLIANCES,0.0
2016-06-21,1,HOME APPLIANCES,0.0
2016-06-22,1,HOME APPLIANCES,0.0
2016-06-23,1,HOME APPLIANCES,0.0
2016-06-24,1,HOME APPLIANCES,0.0
2016-06-25,1,HOME APPLIANCES,0.0
2016-06-26,1,HOME APPLIANCES,0.0
2016-06-27,1,HOME APPLIANCES,0.0
2016-06-28,1,HOME APPLIANCES,0.0
2016-06-29,1,HOME APPLIANCES,0.0
2016-06-30,1,HOME APPLIANCES,0.0
2016-07-01,1,HOME APPLIANCES,0.0
2016-07-02,1,HOME APPLIANCES,0.0
2016-07-03,1,HOME APPLIANCES,0.0
2016-07-04,1,HOME APPLIANCES,0.0
2016-07-05,1,HOME APPLIANCES,0.0
2016-07-06,1,HOME APPLIANCES,0.0
2016-07-07,1,HOME APPLIANCES,0.0
2016-07-08,1,HOME APPLIANCES,0.0
2016-07-09,1,HOME APPLIANCES,0.0
2016-07-10,1,HOME APPLIANCES,0.0
2016-07-11,1,HOME APPLIANCES,0.0
2016-07-12,1,HOME APPLIANCES,0.0
2016-07-13,1,HOME APPLIANCES,0.0
2016-07-14,1,HOME APPLIANCES,0.0
2016-07-15,1,HOME APPLIANCES,0.0
2016-07-16,1,HOME APPLIANCES,0.0
2016-07-17,1,HOME APPLIANCES,0.0
2016-07-18,1,HOME APPLIANCES,0.0
2016-07-19,1,HOME APPLIANCES,0.0
2016-07-20,1,HOME APPLIANCES,0.0
2016-07-21,1,HOME APPLIANCES,0.0
2016-07-22,1,HOME APPLIANCES,0.0
2016-07-23,1,HOME APPLIANCES,0.0
2016-07-24,1,HOME APPLIANCES,0.0
2016-07-25,1,HOME APPLIANCES,0.0
2016-07-26,1,HOME APPLIANCES,0.0
2016-07-27,1,HOME APPLIANCES,0.0
2016-07-28,1,HOME APPLIANCES,0.0
2016-07-29,1,HOME APPLIANCES,0.0
2016-07-30,1,HOME APPLIANCES,0.0
2016-07-31,1,HOME APPLIANCES,0.0
2016-08-01,1,HOME APPLIANCES,0.0
2016-08-02,1,HOME APPLIANCES,0.0
2016-08-03,1,HOME APPLIANCES,0.0
2016-08-04,1,HOME APPLIANCES,0.0
2016-08-05,1,HOME APPLIANCES,0.0
2016-08-06,1,HOME APPLIANCES,0.0
2016-08-07,1,HOME APPLIANCES,0.0
2016-08-08,1,HOME APPLIANCES,0.0
2016-08-09,1,HOME APPLIANCES,0.0
2016-08-10,1,HOME APPLIANCES,0.0
2016-08-11,1,HOME APPLIANCES,0.0
2016-08-12,1,HOME APPLIANCES,0.0
2016-08-13,1,HOME APPLIANCES,0.0
2016-08-14,1,HOME APPLIANCES,0.0
2016-08-15,1,HOME APPLIANCES,0.0
2016-08-16,1,HOME APPLIANCES,0.0
2016-08-17,1,HOME APPLIANCES,0.0
2016-08-18,1,HOME APPLIANCES,0.0
2016-08-19,1,HOME APPLIANCES,0.0
2016-08-20,1,HOME APPLIANCES,0.0
2016-08-21,1,HOME APPLIANCES,0.0
2016-08-22,1,HOME APPLIANCES,0.0
2016-08-23,1,HOME APPLIANCES,0.0
2016-08-24,1,HOME APPLIANCES,0.0
2016-08-25,1,HOME APPLIANCES,0.0
2016-08-26,1,HOME APPLIANCES,0.0
2016-08-27,1,HOME APPLIANCES,0.0
2016-08-28,1,HOME APPLIANCES,0.0
2016-08-29,1,HOME APPLIANCES,0.0
2016-08-30,1,HOME APPLIANCES,0.0
2016-08-31,1,HOME APPLIANCES,0.0
2016-09-01,1,HOME APPLIANCES,0.0
2016-09-02,1,HOME APPLIANCES,0.0
2016-09-03,1,HOME APPLIANCES,0.0
2016-09-04,1,HOME APPLIANCES,0.0
2016-09-05,1,HOME APPLIANCES,0.0
2016-09-06,1,HOME APPLIANCES,0.0
2016-09-07,1,HOME APPLIANCES,0.0
2016-09-08,1,HOME APPLIANCES,0.0
2016-09-09,1,HOME APPLIANCES,0.0
2016-09-10,1,HOME APPLIANCES,0.0
2016-09-11,1,HOME APPLIANCES,0.0
2016-09-12,1,HOME APPLIANCES,0.0
2016-09-13,1,HOME APPLIANCES,0.0
2016-09-14,1,HOME APPLIANCES,0.0
2016-09-15,1,HOME APPLIANCES,0.0
2016-09-16,1,HOME APPLIANCES,0.0
2016-09-17,1,HOME APPLIANCES,0.0
2016-09-18,1,HOME APPLIANCES,0.0
2016-09-19,1,HOME APPLIANCES,0.0
2016-09-20,1,HOME APPLIANCES,0.0
2016-09-21,1,HOME APPLIANCES,0.0
2016-09-22,1,HOME APPLIANCES,0.0
2016-09-23,1,HOME APPLIANCES,0.0
2016-09-24,1,HOME APPLIANCES,0.0
2016-09-25,1,HOME APPLIANCES,0.0
2016-09-26,1,HOME APPLIANCES,0.0
2016-09-27,1,HOME APPLIANCES,0.0
2016-09-28,1,HOME APPLIANCES,0.0
2016-09-29,1,HOME APPLIANCES,0.0
2016-09-30,1,HOME APPLIANCES,0.0
2016-10-01,1,HOME APPLIANCES,0.0
2016-10-02,1,HOME APPLIANCES,0.0
2016-10-03,1,HOME APPLIANCES,0.0
2016-10-04,1,HOME APPLIANCES,0.0
2016-10-05,1,HOME APPLIANCES,0.0
2016-10-06,1,HOME APPLIANCES,0.0
2016-10-07,1,HOME APPLIANCES,0.0
2016-10-08,1,HOME APPLIANCES,0.0
2016-10-09,1,HOME APPLIANCES,0.0
2016-10-10,1,HOME APPLIANCES,0.0
2016-10-11,1,HOME APPLIANCES,0.0
2016-10-12,1,HOME APPLIANCES,0.0
2016-10-13,1,HOME APPLIANCES,0.0
2016-10-14,1,HOME APPLIANCES,0.0
2016-10-15,1,HOME APPLIANCES,0.0
2016-10-16,1,HOME APPLIANCES,0.0
2016-10-17,1,HOME APPLIANCES,0.0
2016-10-18,1,HOME APPLIANCES,0.0
2016-10-19,1,HOME APPLIANCES,0.0
2016-10-20,1,HOME APPLIANCES,0.0
2016-10-21,1,HOME APPLIANCES,0.0
2016-10-22,1,HOME APPLIANCES,0.0
2016-10-23,1,HOME APPLIANCES,0.0
2016-10-24,1,HOME APPLIANCES,0.0
2016-10-25,1,HOME APPLIANCES,0.0
2016-10-26,1,HOME APPLIANCES,0.0
2016-10-27,1,HOME APPLIANCES,0.0
2016-10-28,1,HOME APPLIANCES,0.0
2016-10-29,1,HOME APPLIANCES,0.0
2016-10-30,1,HOME APPLIANCES,0.0
2016-10-31,1,HOME APPLIANCES,0.0
2016-11-01,1,HOME APPLIANCES,0.0
2016-11-02,1,HOME APPLIANCES,0.0
2016-11-03,1,HOME APPLIANCES,0.0
2016-11-04,1,HOME APPLIANCES,0.0
2016-11-05,1,HOME APPLIANCES,0.0
2016-11-06,1,HOME APPLIANCES,0.0
2016-11-07,1,HOME APPLIANCES,0.0
2016-11-08,1,HOME APPLIANCES,0.0
2016-11-09,1,HOME APPLIANCES,0.0
2016-11-10,1,HOME APPLIANCES,0.0
2016-11-11,1,HOME APPLIANCES,0.0
2016-11-12,1,HOME APPLIANCES,0.0
2016-11-13,1,HOME APPLIANCES,0.0
2016-11-14,1,HOME APPLIANCES,0.0
2016-11-15,1,HOME APPLIANCES,0.0
2016-11-16,1,HOME APPLIANCES,0.0
2016-11-17,1,HOME APPLIANCES,0.0
2016-11-18,1,HOME APPLIANCES,0.0
2016-11-19,1,HOME APPLIANCES,0.0
2016-11-20,1,HOME APPLIANCES,0.0
2016-11-21,1,HOME APPLIANCES,0.0
2016-11-22,1,HOME APPLIANCES,0.0
2016-11-23,1,HOME APPLIANCES,0.0
2016-11-24,1,HOME APPLIANCES,0.0
2016-11-25,1,HOME APPLIANCES,0.0
2016-11-26,1,HOME APPLIANCES,0.0
2016-11-27,1,HOME APPLIANCES,0.0
2016-11-28,1,HOME APPLIANCES,0.0
2016-11-29,1,HOME APPLIANCES,0.0
2016-11-30,1,HOME APPLIANCES,0.0
2016-12-01,1,HOME APPLIANCES,0.0
2016-12-02,1,HOME APPLIANCES,0.0
2016-12-03,1,HOME APPLIANCES,0.0
2016-12-04,1,HOME APPLIANCES,0.0
2016-12-05,1,HOME APPLIANCES,0.0
2016-12-06,1,HOME APPLIANCES,0.0
2016-12-07,1,HOME APPLIANCES,0.0
2016-12-08,1,HOME APPLIANCES,0.0
2016-12-09,1,HOME APPLIANCES,0.0
2016-12-10,1,HOME APPLIANCES,0.0
2016-12-11,1,HOME APPLIANCES,0.0
2016-12-12,1,HOME APPLIANCES,0.0
2016-12-13,1,HOME APPLIANCES,0.0
2016-12-14,1,HOME APPLIANCES,0.0
2016-12-15,1,HOME APPLIANCES,0.0
2016-12-16,1,HOME APPLIANCES,0.0
2016-12-17,1,HOME APPLIANCES,0.0
2016-12-18,1,HOME APPLIANCES,0.0
2016-12-19,1,HOME APPLIANCES,0.0
2016-12-20,1,HOME APPLIANCES,0.0
2016-12-21,1,HOME APPLIANCES,0.0
2016-12-22,1,HOME APPLIANCES,0.0
2016-12-23,1,HOME APPLIANCES,0.0
2016-12-24,1,HOME APPLIANCES,0.0
2016-12-26,1,HOME APPLIANCES,0.0
2016-12-27,1,HOME APPLIANCES,0.0
2016-12-28,1,HOME APPLIANCES,0.0
2016-12-29,1,HOME APPLIANCES,0.0
2016-12-30,1,HOME APPLIANCES,0.0
2016-12-31,1,HOME APPLIANCES,0.0
2017-01-01,1,HOME APPLIANCES,0.0
2017-01-02,1,HOME APPLIANCES,0.0
2017-01-03,1,HOME APPLIANCES,0.0
2017-01-04,1,HOME APPLIANCES,0.0
2017-01-05,1,HOME APPLIANCES,0.0
2017-01-06,1,HOME APPLIANCES,0.0
2017-01-07,1,HOME APPLIANCES,0.0
2017-01-08,1,HOME APPLIANCES,0.0
2017-01-09,1,HOME APPLIANCES,0.0
2017-01-10,1,HOME APPLIANCES,0.0
2017-01-11,1,HOME APPLIANCES,0.0
2017-01-12,1,HOME APPLIANCES,0.0
2017-01-13,1,HOME APPLIANCES,0.0
2017-01-14,1,HOME APPLIANCES,0.0
2017-01-15,1,HOME APPLIANCES,0.0
2017-01-16,1,HOME APPLIANCES,0.0
2017-01-17,1,HOME APPLIANCES,0.0
2017-01-18,1,HOME APPLIANCES,0.0
2017-01-19,1,HOME APPLIANCES,1.0
2017-01-20,1,HOME APPLIANCES,1.0
2017-01-21,1,HOME APPLIANCES,1.0
2017-01-22,1,HOME APPLIANCES,0.0
2017-01-23,1,HOME APPLIANCES,3.0
2017-01-24,1,HOME APPLIANCES,2.0
2017-01-25,1,HOME APPLIANCES,1.0
2017-01-26,1,HOME APPLIANCES,2.0
2017-01-27,1,HOME APPLIANCES,0.0
2017-01-28,1,HOME APPLIANCES,1.0
2017-01-29,1,HOME APPLIANCES,0.0
2017-01-30,1,HOME APPLIANCES,2.0
2017-01-31,1,HOME APPLIANCES,2.0
2017-02-01,1,HOME APPLIANCES,1.0
2017-02-02,1,HOME APPLIANCES,1.0
2017-02-03,1,HOME APPLIANCES,0.0
2017-02-04,1,HOME APPLIANCES,0.0
2017-02-05,1,HOME APPLIANCES,1.0
2017-02-06,1,HOME APPLIANCES,2.0
2017-02-07,1,HOME APPLIANCES,0.0
2017-02-08,1,HOME APPLIANCES,0.0
2017-02-09,1,HOME APPLIANCES,1.0
2017-02-10,1,HOME APPLIANCES,1.0
2017-02-11,1,HOME APPLIANCES,0.0
2017-02-12,1,HOME APPLIANCES,1.0
2017-02-13,1,HOME APPLIANCES,0.0
2017-02-14,1,HOME APPLIANCES,0.0
2017-02-15,1,HOME APPLIANCES,1.0
2017-02-16,1,HOME APPLIANCES,1.0
2017-02-17,1,HOME APPLIANCES,1.0
2017-02-18,1,HOME APPLIANCES,3.0
2017-02-19,1,HOME APPLIANCES,0.0
2017-02-20,1,HOME APPLIANCES,0.0
2017-02-21,1,HOME APPLIANCES,1.0
2017-02-22,1,HOME APPLIANCES,0.0
2017-02-23,1,HOME APPLIANCES,1.0
2017-02-24,1,HOME APPLIANCES,1.0
2017-02-25,1,HOME APPLIANCES,1.0
2017-02-26,1,HOME APPLIANCES,0.0
2017-02-27,1,HOME APPLIANCES,2.0
2017-02-28,1,HOME APPLIANCES,0.0
2017-03-01,1,HOME APPLIANCES,0.0
2017-03-02,1,HOME APPLIANCES,0.0
2017-03-03,1,HOME APPLIANCES,0.0
2017-03-04,1,HOME APPLIANCES,0.0
2017-03-05,1,HOME APPLIANCES,0.0
2017-03-06,1,HOME APPLIANCES,0.0
2017-03-07,1,HOME APPLIANCES,0.0
2017-03-08,1,HOME APPLIANCES,1.0
2017-03-09,1,HOME APPLIANCES,1.0
2017-03-10,1,HOME APPLIANCES,1.0
2017-03-11,1,HOME APPLIANCES,0.0
2017-03-12,1,HOME APPLIANCES,0.0
2017-03-13,1,HOME APPLIANCES,0.0
2017-03-14,1,HOME APPLIANCES,0.0
2017-03-15,1,HOME APPLIANCES,0.0
2017-03-16,1,HOME APPLIANCES,0.0
2017-03-17,1,HOME APPLIANCES,1.0
2017-03-18,1,HOME APPLIANCES,0.0
2017-03-19,1,HOME APPLIANCES,0.0
2017-03-20,1,HOME APPLIANCES,2.0
2017-03-21,1,HOME APPLIANCES,0.0
2017-03-22,1,HOME APPLIANCES,0.0
2017-03-23,1,HOME APPLIANCES,1.0
2017-03-24,1,HOME APPLIANCES,1.0
2017-03-25,1,HOME APPLIANCES,0.0
2017-03-26,1,HOME APPLIANCES,3.0
2017-03-27,1,HOME APPLIANCES,0.0
2017-03-28,1,HOME APPLIANCES,0.0
2017-03-29,1,HOME APPLIANCES,1.0
2017-03-30,1,HOME APPLIANCES,0.0
2017-03-31,1,HOME APPLIANCES,0.0
2017-04-01,1,HOME APPLIANCES,0.0
2017-04-02,1,HOME APPLIANCES,2.0
2017-04-03,1,HOME APPLIANCES,0.0
2017-04-04,1,HOME APPLIANCES,0.0
2017-04-05,1,HOME APPLIANCES,2.0
2017-04-06,1,HOME APPLIANCES,0.0
2017-04-07,1,HOME APPLIANCES,0.0
2017-04-08,1,HOME APPLIANCES,0.0
2017-04-09,1,HOME APPLIANCES,0.0
2017-04-10,1,HOME APPLIANCES,0.0
2017-04-11,1,HOME APPLIANCES,0.0
2017-04-12,1,HOME APPLIANCES,2.0
2017-04-13,1,HOME APPLIANCES,1.0
2017-04-14,1,HOME APPLIANCES,0.0
2017-04-15,1,HOME APPLIANCES,1.0
2017-04-16,1,HOME APPLIANCES,0.0
2017-04-17,1,HOME APPLIANCES,0.0
2017-04-18,1,HOME APPLIANCES,1.0
2017-04-19,1,HOME APPLIANCES,1.0
2017-04-20,1,HOME APPLIANCES,1.0
2017-04-21,1,HOME APPLIANCES,0.0
2017-04-22,1,HOME APPLIANCES,0.0
2017-04-23,1,HOME APPLIANCES,0.0
2017-04-24,1,HOME APPLIANCES,0.0
2017-04-25,1,HOME APPLIANCES,0.0
2017-04-26,1,HOME APPLIANCES,1.0
2017-04-27,1,HOME APPLIANCES,1.0
2017-04-28,1,HOME APPLIANCES,0.0
2017-04-29,1,HOME APPLIANCES,0.0
2017-04-30,1,HOME APPLIANCES,0.0
2017-05-01,1,HOME APPLIANCES,0.0
2017-05-02,1,HOME APPLIANCES,0.0
2017-05-03,1,HOME APPLIANCES,0.0
2017-05-04,1,HOME APPLIANCES,0.0
2017-05-05,1,HOME APPLIANCES,1.0
2017-05-06,1,HOME APPLIANCES,1.0
2017-05-07,1,HOME APPLIANCES,1.0
2017-05-08,1,HOME APPLIANCES,0.0
2017-05-09,1,HOME APPLIANCES,0.0
2017-05-10,1,HOME APPLIANCES,1.0
2017-05-11,1,HOME APPLIANCES,0.0
2017-05-12,1,HOME APPLIANCES,0.0
2017-05-13,1,HOME APPLIANCES,0.0
2017-05-14,1,HOME APPLIANCES,0.0
2017-05-15,1,HOME APPLIANCES,1.0
2017-05-16,1,HOME APPLIANCES,2.0
2017-05-17,1,HOME APPLIANCES,0.0
2017-05-18,1,HOME APPLIANCES,1.0
2017-05-19,1,HOME APPLIANCES,0.0
2017-05-20,1,HOME APPLIANCES,0.0
2017-05-21,1,HOME APPLIANCES,0.0
2017-05-22,1,HOME APPLIANCES,2.0
2017-05-23,1,HOME APPLIANCES,0.0
2017-05-24,1,HOME APPLIANCES,1.0
2017-05-25,1,HOME APPLIANCES,3.0
2017-05-26,1,HOME APPLIANCES,0.0
2017-05-27,1,HOME APPLIANCES,1.0
2017-05-28,1,HOME APPLIANCES,1.0
2017-05-29,1,HOME APPLIANCES,0.0
2017-05-30,1,HOME APPLIANCES,1.0
2017-05-31,1,HOME APPLIANCES,0.0
2017-06-01,1,HOME APPLIANCES,0.0
2017-06-02,1,HOME APPLIANCES,1.0
2017-06-03,1,HOME APPLIANCES,2.0
2017-06-04,1,HOME APPLIANCES,0.0
2017-06-05,1,HOME APPLIANCES,1.0
2017-06-06,1,HOME APPLIANCES,0.0
2017-06-07,1,HOME APPLIANCES,0.0
2017-06-08,1,HOME APPLIANCES,1.0
2017-06-09,1,HOME APPLIANCES,0.0
2017-06-10,1,HOME APPLIANCES,1.0
2017-06-11,1,HOME APPLIANCES,0.0
2017-06-12,1,HOME APPLIANCES,1.0
2017-06-13,1,HOME APPLIANCES,1.0
2017-06-14,1,HOME APPLIANCES,0.0
2017-06-15,1,HOME APPLIANCES,3.0
2017-06-16,1,HOME APPLIANCES,1.0
2017-06-17,1,HOME APPLIANCES,1.0
2017-06-18,1,HOME APPLIANCES,1.0
2017-06-19,1,HOME APPLIANCES,0.0
2017-06-20,1,HOME APPLIANCES,1.0
2017-06-21,1,HOME APPLIANCES,0.0
2017-06-22,1,HOME APPLIANCES,0.0
2017-06-23,1,HOME APPLIANCES,1.0
2017-06-24,1,HOME APPLIANCES,2.0
2017-06-25,1,HOME APPLIANCES,0.0
2017-06-26,1,HOME APPLIANCES,0.0
2017-06-27,1,HOME APPLIANCES,0.0
2017-06-28,1,HOME APPLIANCES,2.0
2017-06-29,1,HOME APPLIANCES,1.0
2017-06-30,1,HOME APPLIANCES,1.0
2017-07-01,1,HOME APPLIANCES,1.0
2017-07-02,1,HOME APPLIANCES,0.0
2017-07-03,1,HOME APPLIANCES,1.0
2017-07-04,1,HOME APPLIANCES,0.0
2017-07-05,1,HOME APPLIANCES,0.0
2017-07-06,1,HOME APPLIANCES,0.0
2017-07-07,1,HOME APPLIANCES,1.0
2017-07-08,1,HOME APPLIANCES,0.0
2017-07-09,1,HOME APPLIANCES,0.0
2017-07-10,1,HOME APPLIANCES,0.0
2017-07-11,1,HOME APPLIANCES,0.0
2017-07-12,1,HOME APPLIANCES,0.0
2017-07-13,1,HOME APPLIANCES,1.0
2017-07-14,1,HOME APPLIANCES,1.0
2017-07-15,1,HOME APPLIANCES,0.0
2017-07-16,1,HOME APPLIANCES,0.0
2017-07-17,1,HOME APPLIANCES,1.0
2017-07-18,1,HOME APPLIANCES,0.0
2017-07-19,1,HOME APPLIANCES,0.0
2017-07-20,1,HOME APPLIANCES,3.0
2017-07-21,1,HOME APPLIANCES,0.0
2017-07-22,1,HOME APPLIANCES,0.0
2017-07-23,1,HOME APPLIANCES,0.0
2017-07-24,1,HOME APPLIANCES,2.0
2017-07-25,1,HOME APPLIANCES,1.0
2017-07-26,1,HOME APPLIANCES,0.0
2017-07-27,1,HOME APPLIANCES,4.0
2017-07-28,1,HOME APPLIANCES,0.0
2017-07-29,1,HOME APPLIANCES,2.0
2017-07-30,1,HOME APPLIANCES,0.0
2017-07-31,1,HOME APPLIANCES,2.0
2017-08-01,1,HOME APPLIANCES,0.0
2017-08-02,1,HOME APPLIANCES,0.0
2017-08-03,1,HOME APPLIANCES,0.0
2017-08-04,1,HOME APPLIANCES,0.0
2017-08-05,1,HOME APPLIANCES,0.0
2017-08-06,1,HOME APPLIANCES,0.0
2017-08-07,1,HOME APPLIANCES,0.0
2017-08-08,1,HOME APPLIANCES,0.0
2017-08-09,1,HOME APPLIANCES,0.0
2017-08-10,1,HOME APPLIANCES,0.0
2017-08-11,1,HOME APPLIANCES,0.0
2017-08-12,1,HOME APPLIANCES,0.0
2017-08-13,1,HOME APPLIANCES,0.0
2017-08-14,1,HOME APPLIANCES,0.0
2017-08-15,1,HOME APPLIANCES,0.0
2016-01-01,1,HOME CARE,0.0
2016-01-02,1,HOME CARE,164.0
2016-01-03,1,HOME CARE,67.0
2016-01-04,1,HOME CARE,251.0
2016-01-05,1,HOME CARE,197.0
2016-01-06,1,HOME CARE,248.0
2016-01-07,1,HOME CARE,175.0
2016-01-08,1,HOME CARE,195.0
2016-01-09,1,HOME CARE,182.0
2016-01-10,1,HOME CARE,97.0
2016-01-11,1,HOME CARE,175.0
2016-01-12,1,HOME CARE,192.0
2016-01-13,1,HOME CARE,180.0
2016-01-14,1,HOME CARE,172.0
2016-01-15,1,HOME CARE,141.0
2016-01-16,1,HOME CARE,198.0
2016-01-17,1,HOME CARE,70.0
2016-01-18,1,HOME CARE,237.0
2016-01-19,1,HOME CARE,149.0
2016-01-20,1,HOME CARE,183.0
2016-01-21,1,HOME CARE,121.0
2016-01-22,1,HOME CARE,163.0
2016-01-23,1,HOME CARE,187.0
2016-01-24,1,HOME CARE,84.0
2016-01-25,1,HOME CARE,194.0
2016-01-26,1,HOME CARE,172.0
2016-01-27,1,HOME CARE,181.0
2016-01-28,1,HOME CARE,148.0
2016-01-29,1,HOME CARE,158.0
2016-01-30,1,HOME CARE,187.0
2016-01-31,1,HOME CARE,68.0
2016-02-01,1,HOME CARE,202.0
2016-02-02,1,HOME CARE,177.0
2016-02-03,1,HOME CARE,231.0
2016-02-04,1,HOME CARE,162.0
2016-02-05,1,HOME CARE,155.0
2016-02-06,1,HOME CARE,213.0
2016-02-07,1,HOME CARE,37.0
2016-02-08,1,HOME CARE,50.0
2016-02-09,1,HOME CARE,72.0
2016-02-10,1,HOME CARE,185.0
2016-02-11,1,HOME CARE,171.0
2016-02-12,1,HOME CARE,179.0
2016-02-13,1,HOME CARE,178.0
2016-02-14,1,HOME CARE,77.0
2016-02-15,1,HOME CARE,178.0
2016-02-16,1,HOME CARE,171.0
2016-02-17,1,HOME CARE,206.0
2016-02-18,1,HOME CARE,194.0
2016-02-19,1,HOME CARE,195.0
2016-02-20,1,HOME CARE,227.0
2016-02-21,1,HOME CARE,89.0
2016-02-22,1,HOME CARE,139.0
2016-02-23,1,HOME CARE,153.0
2016-02-24,1,HOME CARE,181.0
2016-02-25,1,HOME CARE,162.0
2016-02-26,1,HOME CARE,170.0
2016-02-27,1,HOME CARE,190.0
2016-02-28,1,HOME CARE,70.0
2016-02-29,1,HOME CARE,158.0
2016-03-01,1,HOME CARE,179.0
2016-03-02,1,HOME CARE,201.0
2016-03-03,1,HOME CARE,165.0
2016-03-04,1,HOME CARE,216.0
2016-03-05,1,HOME CARE,224.0
2016-03-06,1,HOME CARE,92.0
2016-03-07,1,HOME CARE,166.0
2016-03-08,1,HOME CARE,196.0
2016-03-09,1,HOME CARE,182.0
2016-03-10,1,HOME CARE,170.0
2016-03-11,1,HOME CARE,196.0
2016-03-12,1,HOME CARE,165.0
2016-03-13,1,HOME CARE,83.0
2016-03-14,1,HOME CARE,179.0
2016-03-15,1,HOME CARE,194.0
2016-03-16,1,HOME CARE,182.0
2016-03-17,1,HOME CARE,136.0
2016-03-18,1,HOME CARE,142.0
2016-03-19,1,HOME CARE,209.0
2016-03-20,1,HOME CARE,85.0
2016-03-21,1,HOME CARE,157.0
2016-03-22,1,HOME CARE,166.0
2016-03-23,1,HOME CARE,168.0
2016-03-24,1,HOME CARE,186.0
2016-03-25,1,HOME CARE,58.0
2016-03-26,1,HOME CARE,115.0
2016-03-27,1,HOME CARE,80.0
2016-03-28,1,HOME CARE,144.0
2016-03-29,1,HOME CARE,160.0
2016-03-30,1,HOME CARE,163.0
2016-03-31,1,HOME CARE,174.0
2016-04-01,1,HOME CARE,223.0
2016-04-02,1,HOME CARE,214.0
2016-04-03,1,HOME CARE,115.0
2016-04-04,1,HOME CARE,216.0
2016-04-05,1,HOME CARE,221.0
2016-04-06,1,HOME CARE,230.0
2016-04-07,1,HOME CARE,164.0
2016-04-08,1,HOME CARE,156.0
2016-04-09,1,HOME CARE,191.0
2016-04-10,1,HOME CARE,72.0
2016-04-11,1,HOME CARE,184.0
2016-04-12,1,HOME CARE,142.0
2016-04-13,1,HOME CARE,163.0
2016-04-14,1,HOME CARE,150.0
2016-04-15,1,HOME CARE,143.0
2016-04-16,1,HOME CARE,189.0
2016-04-17,1,HOME CARE,130.0
2016-04-18,1,HOME CARE,805.0
2016-04-19,1,HOME CARE,525.0
2016-04-20,1,HOME CARE,243.0
2016-04-21,1,HOME CARE,323.0
2016-04-22,1,HOME CARE,296.0
2016-04-23,1,HOME CARE,227.0
2016-04-24,1,HOME CARE,101.0
2016-04-25,1,HOME CARE,199.0
2016-04-26,1,HOME CARE,207.0
2016-04-27,1,HOME CARE,187.0
2016-04-28,1,HOME CARE,144.0
2016-04-29,1,HOME CARE,164.0
2016-04-30,1,HOME CARE,224.0
2016-05-01,1,HOME CARE,94.0
2016-05-02,1,HOME CARE,207.0
2016-05-03,1,HOME CARE,165.0
2016-05-04,1,HOME CARE,210.0
2016-05-05,1,HOME CARE,204.0
2016-05-06,1,HOME CARE,183.0
2016-05-07,1,HOME CARE,201.0
2016-05-08,1,HOME CARE,53.0
2016-05-09,1,HOME CARE,188.0
2016-05-10,1,HOME CARE,163.0
2016-05-11,1,HOME CARE,214.0
2016-05-12,1,HOME CARE,163.0
2016-05-13,1,HOME CARE,151.0
2016-05-14,1,HOME CARE,167.0
2016-05-15,1,HOME CARE,86.0
2016-05-16,1,HOME CARE,232.0
2016-05-17,1,HOME CARE,158.0
2016-05-18,1,HOME CARE,184.0
2016-05-19,1,HOME CARE,124.0
2016-05-20,1,HOME CARE,172.0
2016-05-21,1,HOME CARE,178.0
2016-05-22,1,HOME CARE,91.0
2016-05-23,1,HOME CARE,179.0
2016-05-24,1,HOME CARE,172.0
2016-05-25,1,HOME CARE,179.0
2016-05-26,1,HOME CARE,157.0
2016-05-27,1,HOME CARE,61.0
2016-05-28,1,HOME CARE,120.0
2016-05-29,1,HOME CARE,75.0
2016-05-30,1,HOME CARE,201.0
2016-05-31,1,HOME CARE,213.0
2016-06-01,1,HOME CARE,212.0
2016-06-02,1,HOME CARE,141.0
2016-06-03,1,HOME CARE,208.0
2016-06-04,1,HOME CARE,171.0
2016-06-05,1,HOME CARE,99.0
2016-06-06,1,HOME CARE,213.0
2016-06-07,1,HOME CARE,188.0
2016-06-08,1,HOME CARE,194.0
2016-06-09,1,HOME CARE,132.0
2016-06-10,1,HOME CARE,163.0
2016-06-11,1,HOME CARE,168.0
2016-06-12,1,HOME CARE,62.0
2016-06-13,1,HOME CARE,129.0
2016-06-14,1,HOME CARE,154.0
2016-06-15,1,HOME CARE,185.0
2016-06-16,1,HOME CARE,115.0
2016-06-17,1,HOME CARE,156.0
2016-06-18,1,HOME CARE,148.0
2016-06-19,1,HOME CARE,74.0
2016-06-20,1,HOME CARE,175.0
2016-06-21,1,HOME CARE,143.0
2016-06-22,1,HOME CARE,186.0
2016-06-23,1,HOME CARE,131.0
2016-06-24,1,HOME CARE,156.0
2016-06-25,1,HOME CARE,178.0
2016-06-26,1,HOME CARE,84.0
2016-06-27,1,HOME CARE,187.0
2016-06-28,1,HOME CARE,217.0
2016-06-29,1,HOME CARE,165.0
2016-06-30,1,HOME CARE,140.0
2016-07-01,1,HOME CARE,221.0
2016-07-02,1,HOME CARE,173.0
2016-07-03,1,HOME CARE,79.0
2016-07-04,1,HOME CARE,161.0
2016-07-05,1,HOME CARE,174.0
2016-07-06,1,HOME CARE,213.0
2016-07-07,1,HOME CARE,176.0
2016-07-08,1,HOME CARE,175.0
2016-07-09,1,HOME CARE,154.0
2016-07-10,1,HOME CARE,84.0
2016-07-11,1,HOME CARE,154.0
2016-07-12,1,HOME CARE,146.0
2016-07-13,1,HOME CARE,178.0
2016-07-14,1,HOME CARE,130.0
2016-07-15,1,HOME CARE,165.0
2016-07-16,1,HOME CARE,171.0
2016-07-17,1,HOME CARE,97.0
2016-07-18,1,HOME CARE,183.0
2016-07-19,1,HOME CARE,168.0
2016-07-20,1,HOME CARE,164.0
2016-07-21,1,HOME CARE,162.0
2016-07-22,1,HOME CARE,164.0
2016-07-23,1,HOME CARE,183.0
2016-07-24,1,HOME CARE,84.0
2016-07-25,1,HOME CARE,149.0
2016-07-26,1,HOME CARE,157.0
2016-07-27,1,HOME CARE,173.0
2016-07-28,1,HOME CARE,128.0
2016-07-29,1,HOME CARE,130.0
2016-07-30,1,HOME CARE,196.0
2016-07-31,1,HOME CARE,65.0
2016-08-01,1,HOME CARE,237.0
2016-08-02,1,HOME CARE,162.0
2016-08-03,1,HOME CARE,196.0
2016-08-04,1,HOME CARE,175.0
2016-08-05,1,HOME CARE,202.0
2016-08-06,1,HOME CARE,171.0
2016-08-07,1,HOME CARE,68.0
2016-08-08,1,HOME CARE,163.0
2016-08-09,1,HOME CARE,160.0
2016-08-10,1,HOME CARE,199.0
2016-08-11,1,HOME CARE,132.0
2016-08-12,1,HOME CARE,56.0
2016-08-13,1,HOME CARE,119.0
2016-08-14,1,HOME CARE,74.0
2016-08-15,1,HOME CARE,208.0
2016-08-16,1,HOME CARE,170.0
2016-08-17,1,HOME CARE,201.0
2016-08-18,1,HOME CARE,139.0
2016-08-19,1,HOME CARE,143.0
2016-08-20,1,HOME CARE,156.0
2016-08-21,1,HOME CARE,64.0
2016-08-22,1,HOME CARE,165.0
2016-08-23,1,HOME CARE,176.0
2016-08-24,1,HOME CARE,199.0
2016-08-25,1,HOME CARE,146.0
2016-08-26,1,HOME CARE,153.0
2016-08-27,1,HOME CARE,155.0
2016-08-28,1,HOME CARE,71.0
2016-08-29,1,HOME CARE,163.0
2016-08-30,1,HOME CARE,169.0
2016-08-31,1,HOME CARE,174.0
2016-09-01,1,HOME CARE,167.0
2016-09-02,1,HOME CARE,207.0
2016-09-03,1,HOME CARE,201.0
2016-09-04,1,HOME CARE,71.0
2016-09-05,1,HOME CARE,202.0
2016-09-06,1,HOME CARE,188.0
2016-09-07,1,HOME CARE,185.0
2016-09-08,1,HOME CARE,154.0
2016-09-09,1,HOME CARE,173.0
2016-09-10,1,HOME CARE,159.0
2016-09-11,1,HOME CARE,66.0
2016-09-12,1,HOME CARE,172.0
2016-09-13,1,HOME CARE,218.0
2016-09-14,1,HOME CARE,159.0
2016-09-15,1,HOME CARE,171.0
2016-09-16,1,HOME CARE,172.0
2016-09-17,1,HOME CARE,217.0
2016-09-18,1,HOME CARE,89.0
2016-09-19,1,HOME CARE,170.0
2016-09-20,1,HOME CARE,144.0
2016-09-21,1,HOME CARE,194.0
2016-09-22,1,HOME CARE,149.0
2016-09-23,1,HOME CARE,169.0
2016-09-24,1,HOME CARE,190.0
2016-09-25,1,HOME CARE,94.0
2016-09-26,1,HOME CARE,177.0
2016-09-27,1,HOME CARE,150.0
2016-09-28,1,HOME CARE,195.0
2016-09-29,1,HOME CARE,124.0
2016-09-30,1,HOME CARE,155.0
2016-10-01,1,HOME CARE,238.0
2016-10-02,1,HOME CARE,121.0
2016-10-03,1,HOME CARE,215.0
2016-10-04,1,HOME CARE,229.0
2016-10-05,1,HOME CARE,253.0
2016-10-06,1,HOME CARE,163.0
2016-10-07,1,HOME CARE,159.0
2016-10-08,1,HOME CARE,187.0
2016-10-09,1,HOME CARE,121.0
2016-10-10,1,HOME CARE,191.0
2016-10-11,1,HOME CARE,147.0
2016-10-12,1,HOME CARE,181.0
2016-10-13,1,HOME CARE,139.0
2016-10-14,1,HOME CARE,157.0
2016-10-15,1,HOME CARE,198.0
2016-10-16,1,HOME CARE,101.0
2016-10-17,1,HOME CARE,218.0
2016-10-18,1,HOME CARE,176.0
2016-10-19,1,HOME CARE,182.0
2016-10-20,1,HOME CARE,182.0
2016-10-21,1,HOME CARE,153.0
2016-10-22,1,HOME CARE,166.0
2016-10-23,1,HOME CARE,91.0
2016-10-24,1,HOME CARE,151.0
2016-10-25,1,HOME CARE,172.0
2016-10-26,1,HOME CARE,164.0
2016-10-27,1,HOME CARE,155.0
2016-10-28,1,HOME CARE,194.0
2016-10-29,1,HOME CARE,184.0
2016-10-30,1,HOME CARE,64.0
2016-10-31,1,HOME CARE,151.0
2016-11-01,1,HOME CARE,233.0
2016-11-02,1,HOME CARE,68.0
2016-11-03,1,HOME CARE,47.0
2016-11-04,1,HOME CARE,126.0
2016-11-05,1,HOME CARE,135.0
2016-11-06,1,HOME CARE,89.0
2016-11-07,1,HOME CARE,192.0
2016-11-08,1,HOME CARE,209.0
2016-11-09,1,HOME CARE,278.0
2016-11-10,1,HOME CARE,159.0
2016-11-11,1,HOME CARE,123.0
2016-11-12,1,HOME CARE,192.0
2016-11-13,1,HOME CARE,85.0
2016-11-14,1,HOME CARE,191.0
2016-11-15,1,HOME CARE,172.0
2016-11-16,1,HOME CARE,213.0
2016-11-17,1,HOME CARE,136.0
2016-11-18,1,HOME CARE,199.0
2016-11-19,1,HOME CARE,233.0
2016-11-20,1,HOME CARE,96.0
2016-11-21,1,HOME CARE,210.0
2016-11-22,1,HOME CARE,203.0
2016-11-23,1,HOME CARE,209.0
2016-11-24,1,HOME CARE,153.0
2016-11-25,1,HOME CARE,167.0
2016-11-26,1,HOME CARE,180.0
2016-11-27,1,HOME CARE,80.0
2016-11-28,1,HOME CARE,186.0
2016-11-29,1,HOME CARE,167.0
2016-11-30,1,HOME CARE,203.0
2016-12-01,1,HOME CARE,179.0
2016-12-02,1,HOME CARE,212.0
2016-12-03,1,HOME CARE,181.0
2016-12-04,1,HOME CARE,108.0
2016-12-05,1,HOME CARE,174.0
2016-12-06,1,HOME CARE,93.0
2016-12-07,1,HOME CARE,220.0
2016-12-08,1,HOME CARE,165.0
2016-12-09,1,HOME CARE,200.0
2016-12-10,1,HOME CARE,167.0
2016-12-11,1,HOME CARE,93.0
2016-12-12,1,HOME CARE,164.0
2016-12-13,1,HOME CARE,193.0
2016-12-14,1,HOME CARE,192.0
2016-12-15,1,HOME CARE,131.0
2016-12-16,1,HOME CARE,167.0
2016-12-17,1,HOME CARE,185.0
2016-12-18,1,HOME CARE,115.0
2016-12-19,1,HOME CARE,206.0
2016-12-20,1,HOME CARE,218.0
2016-12-21,1,HOME CARE,241.0
2016-12-22,1,HOME CARE,190.0
2016-12-23,1,HOME CARE,211.0
2016-12-24,1,HOME CARE,168.0
2016-12-26,1,HOME CARE,67.0
2016-12-27,1,HOME CARE,259.0
2016-12-28,1,HOME CARE,208.0
2016-12-29,1,HOME CARE,180.0
2016-12-30,1,HOME CARE,204.0
2016-12-31,1,HOME CARE,163.0
2017-01-01,1,HOME CARE,0.0
2017-01-02,1,HOME CARE,108.0
2017-01-03,1,HOME CARE,294.0
2017-01-04,1,HOME CARE,274.0
2017-01-05,1,HOME CARE,242.0
2017-01-06,1,HOME CARE,240.0
2017-01-07,1,HOME CARE,227.0
2017-01-08,1,HOME CARE,115.0
2017-01-09,1,HOME CARE,203.0
2017-01-10,1,HOME CARE,241.0
2017-01-11,1,HOME CARE,222.0
2017-01-12,1,HOME CARE,166.0
2017-01-13,1,HOME CARE,190.0
2017-01-14,1,HOME CARE,242.0
2017-01-15,1,HOME CARE,105.0
2017-01-16,1,HOME CARE,222.0
2017-01-17,1,HOME CARE,244.0
2017-01-18,1,HOME CARE,226.0
2017-01-19,1,HOME CARE,173.0
2017-01-20,1,HOME CARE,129.0
2017-01-21,1,HOME CARE,255.0
2017-01-22,1,HOME CARE,100.0
2017-01-23,1,HOME CARE,224.0
2017-01-24,1,HOME CARE,204.0
2017-01-25,1,HOME CARE,200.0
2017-01-26,1,HOME CARE,181.0
2017-01-27,1,HOME CARE,182.0
2017-01-28,1,HOME CARE,205.0
2017-01-29,1,HOME CARE,88.0
2017-01-30,1,HOME CARE,177.0
2017-01-31,1,HOME CARE,184.0
2017-02-01,1,HOME CARE,249.0
2017-02-02,1,HOME CARE,178.0
2017-02-03,1,HOME CARE,174.0
2017-02-04,1,HOME CARE,227.0
2017-02-05,1,HOME CARE,87.0
2017-02-06,1,HOME CARE,202.0
2017-02-07,1,HOME CARE,216.0
2017-02-08,1,HOME CARE,171.0
2017-02-09,1,HOME CARE,141.0
2017-02-10,1,HOME CARE,180.0
2017-02-11,1,HOME CARE,196.0
2017-02-12,1,HOME CARE,81.0
2017-02-13,1,HOME CARE,212.0
2017-02-14,1,HOME CARE,151.0
2017-02-15,1,HOME CARE,180.0
2017-02-16,1,HOME CARE,215.0
2017-02-17,1,HOME CARE,163.0
2017-02-18,1,HOME CARE,256.0
2017-02-19,1,HOME CARE,68.0
2017-02-20,1,HOME CARE,183.0
2017-02-21,1,HOME CARE,240.0
2017-02-22,1,HOME CARE,178.0
2017-02-23,1,HOME CARE,182.0
2017-02-24,1,HOME CARE,177.0
2017-02-25,1,HOME CARE,194.0
2017-02-26,1,HOME CARE,55.0
2017-02-27,1,HOME CARE,39.0
2017-02-28,1,HOME CARE,77.0
2017-03-01,1,HOME CARE,258.0
2017-03-02,1,HOME CARE,259.0
2017-03-03,1,HOME CARE,221.0
2017-03-04,1,HOME CARE,211.0
2017-03-05,1,HOME CARE,79.0
2017-03-06,1,HOME CARE,221.0
2017-03-07,1,HOME CARE,261.0
2017-03-08,1,HOME CARE,203.0
2017-03-09,1,HOME CARE,159.0
2017-03-10,1,HOME CARE,173.0
2017-03-11,1,HOME CARE,209.0
2017-03-12,1,HOME CARE,108.0
2017-03-13,1,HOME CARE,197.0
2017-03-14,1,HOME CARE,163.0
2017-03-15,1,HOME CARE,235.0
2017-03-16,1,HOME CARE,186.0
2017-03-17,1,HOME CARE,244.0
2017-03-18,1,HOME CARE,193.0
2017-03-19,1,HOME CARE,90.0
2017-03-20,1,HOME CARE,211.0
2017-03-21,1,HOME CARE,206.0
2017-03-22,1,HOME CARE,208.0
2017-03-23,1,HOME CARE,200.0
2017-03-24,1,HOME CARE,184.0
2017-03-25,1,HOME CARE,208.0
2017-03-26,1,HOME CARE,86.0
2017-03-27,1,HOME CARE,233.0
2017-03-28,1,HOME CARE,178.0
2017-03-29,1,HOME CARE,220.0
2017-03-30,1,HOME CARE,174.0
2017-03-31,1,HOME CARE,164.0
2017-04-01,1,HOME CARE,260.0
2017-04-02,1,HOME CARE,88.0
2017-04-03,1,HOME CARE,209.0
2017-04-04,1,HOME CARE,210.0
2017-04-05,1,HOME CARE,249.0
2017-04-06,1,HOME CARE,167.0
2017-04-07,1,HOME CARE,175.0
2017-04-08,1,HOME CARE,181.0
2017-04-09,1,HOME CARE,90.0
2017-04-10,1,HOME CARE,171.0
2017-04-11,1,HOME CARE,185.0
2017-04-12,1,HOME CARE,184.0
2017-04-13,1,HOME CARE,161.0
2017-04-14,1,HOME CARE,44.0
2017-04-15,1,HOME CARE,116.0
2017-04-16,1,HOME CARE,90.0
2017-04-17,1,HOME CARE,209.0
2017-04-18,1,HOME CARE,178.0
2017-04-19,1,HOME CARE,197.0
2017-04-20,1,HOME CARE,122.0
2017-04-21,1,HOME CARE,190.0
2017-04-22,1,HOME CARE,174.0
2017-04-23,1,HOME CARE,67.0
2017-04-24,1,HOME CARE,179.0
2017-04-25,1,HOME CARE,138.0
2017-04-26,1,HOME CARE,157.0
2017-04-27,1,HOME CARE,150.0
2017-04-28,1,HOME CARE,165.0
2017-04-29,1,HOME CARE,170.0
2017-04-30,1,HOME CARE,57.0
2017-05-01,1,HOME CARE,62.0
2017-05-02,1,HOME CARE,271.0
2017-05-03,1,HOME CARE,228.0
2017-05-04,1,HOME CARE,194.0
2017-05-05,1,HOME CARE,165.0
2017-05-06,1,HOME CARE,200.0
2017-05-07,1,HOME CARE,68.0
2017-05-08,1,HOME CARE,201.0
2017-05-09,1,HOME CARE,188.0
2017-05-10,1,HOME CARE,212.0
2017-05-11,1,HOME CARE,134.0
2017-05-12,1,HOME CARE,178.0
2017-05-13,1,HOME CARE,199.0
2017-05-14,1,HOME CARE,69.0
2017-05-15,1,HOME CARE,203.0
2017-05-16,1,HOME CARE,222.0
2017-05-17,1,HOME CARE,216.0
2017-05-18,1,HOME CARE,164.0
2017-05-19,1,HOME CARE,224.0
2017-05-20,1,HOME CARE,211.0
2017-05-21,1,HOME CARE,77.0
2017-05-22,1,HOME CARE,206.0
2017-05-23,1,HOME CARE,182.0
2017-05-24,1,HOME CARE,212.0
2017-05-25,1,HOME CARE,163.0
2017-05-26,1,HOME CARE,84.0
2017-05-27,1,HOME CARE,160.0
2017-05-28,1,HOME CARE,56.0
2017-05-29,1,HOME CARE,219.0
2017-05-30,1,HOME CARE,217.0
2017-05-31,1,HOME CARE,194.0
2017-06-01,1,HOME CARE,187.0
2017-06-02,1,HOME CARE,191.0
2017-06-03,1,HOME CARE,207.0
2017-06-04,1,HOME CARE,79.0
2017-06-05,1,HOME CARE,207.0
2017-06-06,1,HOME CARE,210.0
2017-06-07,1,HOME CARE,181.0
2017-06-08,1,HOME CARE,145.0
2017-06-09,1,HOME CARE,205.0
2017-06-10,1,HOME CARE,176.0
2017-06-11,1,HOME CARE,84.0
2017-06-12,1,HOME CARE,151.0
2017-06-13,1,HOME CARE,149.0
2017-06-14,1,HOME CARE,202.0
2017-06-15,1,HOME CARE,123.0
2017-06-16,1,HOME CARE,161.0
2017-06-17,1,HOME CARE,149.0
2017-06-18,1,HOME CARE,74.0
2017-06-19,1,HOME CARE,181.0
2017-06-20,1,HOME CARE,174.0
2017-06-21,1,HOME CARE,194.0
2017-06-22,1,HOME CARE,188.0
2017-06-23,1,HOME CARE,174.0
2017-06-24,1,HOME CARE,190.0
2017-06-25,1,HOME CARE,91.0
2017-06-26,1,HOME CARE,170.0
2017-06-27,1,HOME CARE,182.0
2017-06-28,1,HOME CARE,216.0
2017-06-29,1,HOME CARE,145.0
2017-06-30,1,HOME CARE,178.0
2017-07-01,1,HOME CARE,199.0
2017-07-02,1,HOME CARE,107.0
2017-07-03,1,HOME CARE,205.0
2017-07-04,1,HOME CARE,202.0
2017-07-05,1,HOME CARE,257.0
2017-07-06,1,HOME CARE,162.0
2017-07-07,1,HOME CARE,198.0
2017-07-08,1,HOME CARE,169.0
2017-07-09,1,HOME CARE,66.0
2017-07-10,1,HOME CARE,195.0
2017-07-11,1,HOME CARE,164.0
2017-07-12,1,HOME CARE,193.0
2017-07-13,1,HOME CARE,140.0
2017-07-14,1,HOME CARE,212.0
2017-07-15,1,HOME CARE,206.0
2017-07-16,1,HOME CARE,93.0
2017-07-17,1,HOME CARE,240.0
2017-07-18,1,HOME CARE,193.0
2017-07-19,1,HOME CARE,221.0
2017-07-20,1,HOME CARE,195.0
2017-07-21,1,HOME CARE,196.0
2017-07-22,1,HOME CARE,189.0
2017-07-23,1,HOME CARE,101.0
2017-07-24,1,HOME CARE,246.0
2017-07-25,1,HOME CARE,229.0
2017-07-26,1,HOME CARE,228.0
2017-07-27,1,HOME CARE,169.0
2017-07-28,1,HOME CARE,161.0
2017-07-29,1,HOME CARE,193.0
2017-07-30,1,HOME CARE,98.0
2017-07-31,1,HOME CARE,227.0
2017-08-01,1,HOME CARE,241.0
2017-08-02,1,HOME CARE,277.0
2017-08-03,1,HOME CARE,169.0
2017-08-04,1,HOME CARE,168.0
2017-08-05,1,HOME CARE,158.0
2017-08-06,1,HOME CARE,77.0
2017-08-07,1,HOME CARE,168.0
2017-08-08,1,HOME CARE,208.0
2017-08-09,1,HOME CARE,161.0
2017-08-10,1,HOME CARE,170.0
2017-08-11,1,HOME CARE,74.0
2017-08-12,1,HOME CARE,116.0
2017-08-13,1,HOME CARE,61.0
2017-08-14,1,HOME CARE,161.0
2017-08-15,1,HOME CARE,156.0
2016-01-01,1,LADIESWEAR,0.0
2016-01-02,1,LADIESWEAR,19.0
2016-01-03,1,LADIESWEAR,12.0
2016-01-04,1,LADIESWEAR,27.0
2016-01-05,1,LADIESWEAR,19.0
2016-01-06,1,LADIESWEAR,21.0
2016-01-07,1,LADIESWEAR,10.0
2016-01-08,1,LADIESWEAR,14.0
2016-01-09,1,LADIESWEAR,11.0
2016-01-10,1,LADIESWEAR,6.0
2016-01-11,1,LADIESWEAR,15.0
2016-01-12,1,LADIESWEAR,23.0
2016-01-13,1,LADIESWEAR,21.0
2016-01-14,1,LADIESWEAR,19.0
2016-01-15,1,LADIESWEAR,19.0
2016-01-16,1,LADIESWEAR,21.0
2016-01-17,1,LADIESWEAR,7.0
2016-01-18,1,LADIESWEAR,16.0
2016-01-19,1,LADIESWEAR,23.0
2016-01-20,1,LADIESWEAR,13.0
2016-01-21,1,LADIESWEAR,19.0
2016-01-22,1,LADIESWEAR,8.0
2016-01-23,1,LADIESWEAR,16.0
2016-01-24,1,LADIESWEAR,11.0
2016-01-25,1,LADIESWEAR,20.0
2016-01-26,1,LADIESWEAR,15.0
2016-01-27,1,LADIESWEAR,16.0
2016-01-28,1,LADIESWEAR,13.0
2016-01-29,1,LADIESWEAR,13.0
2016-01-30,1,LADIESWEAR,16.0
2016-01-31,1,LADIESWEAR,10.0
2016-02-01,1,LADIESWEAR,8.0
2016-02-02,1,LADIESWEAR,35.0
2016-02-03,1,LADIESWEAR,14.0
2016-02-04,1,LADIESWEAR,20.0
2016-02-05,1,LADIESWEAR,17.0
2016-02-06,1,LADIESWEAR,9.0
2016-02-07,1,LADIESWEAR,0.0
2016-02-08,1,LADIESWEAR,6.0
2016-02-09,1,LADIESWEAR,5.0
2016-02-10,1,LADIESWEAR,15.0
2016-02-11,1,LADIESWEAR,13.0
2016-02-12,1,LADIESWEAR,17.0
2016-02-13,1,LADIESWEAR,12.0
2016-02-14,1,LADIESWEAR,9.0
2016-02-15,1,LADIESWEAR,14.0
2016-02-16,1,LADIESWEAR,12.0
2016-02-17,1,LADIESWEAR,15.0
2016-02-18,1,LADIESWEAR,13.0
2016-02-19,1,LADIESWEAR,17.0
2016-02-20,1,LADIESWEAR,20.0
2016-02-21,1,LADIESWEAR,12.0
2016-02-22,1,LADIESWEAR,14.0
2016-02-23,1,LADIESWEAR,13.0
2016-02-24,1,LADIESWEAR,17.0
2016-02-25,1,LADIESWEAR,22.0
2016-02-26,1,LADIESWEAR,18.0
2016-02-27,1,LADIESWEAR,15.0
2016-02-28,1,LADIESWEAR,10.0
2016-02-29,1,LADIESWEAR,18.0
2016-03-01,1,LADIESWEAR,13.0
2016-03-02,1,LADIESWEAR,20.0
2016-03-03,1,LADIESWEAR,16.0
2016-03-04,1,LADIESWEAR,20.0
2016-03-05,1,LADIESWEAR,16.0
2016-03-06,1,LADIESWEAR,15.0
2016-03-07,1,LADIESWEAR,17.0
2016-03-08,1,LADIESWEAR,15.0
2016-03-09,1,LADIESWEAR,6.0
2016-03-10,1,LADIESWEAR,14.0
2016-03-11,1,LADIESWEAR,6.0
2016-03-12,1,LADIESWEAR,18.0
2016-03-13,1,LADIESWEAR,6.0
2016-03-14,1,LADIESWEAR,11.0
2016-03-15,1,LADIESWEAR,17.0
2016-03-16,1,LADIESWEAR,16.0
2016-03-17,1,LADIESWEAR,19.0
2016-03-18,1,LADIESWEAR,16.0
2016-03-19,1,LADIESWEAR,19.0
2016-03-20,1,LADIESWEAR,2.0
2016-03-21,1,LADIESWEAR,20.0
2016-03-22,1,LADIESWEAR,13.0
2016-03-23,1,LADIESWEAR,16.0
2016-03-24,1,LADIESWEAR,11.0
2016-03-25,1,LADIESWEAR,3.0
2016-03-26,1,LADIESWEAR,6.0
2016-03-27,1,LADIESWEAR,9.0
2016-03-28,1,LADIESWEAR,10.0
2016-03-29,1,LADIESWEAR,24.0
2016-03-30,1,LADIESWEAR,13.0
2016-03-31,1,LADIESWEAR,13.0
2016-04-01,1,LADIESWEAR,14.0
2016-04-02,1,LADIESWEAR,6.0
2016-04-03,1,LADIESWEAR,5.0
2016-04-04,1,LADIESWEAR,17.0
2016-04-05,1,LADIESWEAR,22.0
2016-04-06,1,LADIESWEAR,16.0
2016-04-07,1,LADIESWEAR,6.0
2016-04-08,1,LADIESWEAR,19.0
2016-04-09,1,LADIESWEAR,18.0
2016-04-10,1,LADIESWEAR,1.0
2016-04-11,1,LADIESWEAR,14.0
2016-04-12,1,LADIESWEAR,12.0
2016-04-13,1,LADIESWEAR,18.0
2016-04-14,1,LADIESWEAR,10.0
2016-04-15,1,LADIESWEAR,18.0
2016-04-16,1,LADIESWEAR,13.0
2016-04-17,1,LADIESWEAR,4.0
2016-04-18,1,LADIESWEAR,22.0
2016-04-19,1,LADIESWEAR,17.0
2016-04-20,1,LADIESWEAR,15.0
2016-04-21,1,LADIESWEAR,12.0
2016-04-22,1,LADIESWEAR,8.0
2016-04-23,1,LADIESWEAR,17.0
2016-04-24,1,LADIESWEAR,7.0
2016-04-25,1,LADIESWEAR,12.0
2016-04-26,1,LADIESWEAR,12.0
2016-04-27,1,LADIESWEAR,12.0
2016-04-28,1,LADIESWEAR,8.0
2016-04-29,1,LADIESWEAR,21.0
2016-04-30,1,LADIESWEAR,16.0
2016-05-01,1,LADIESWEAR,11.0
2016-05-02,1,LADIESWEAR,51.0
2016-05-03,1,LADIESWEAR,20.0
2016-05-04,1,LADIESWEAR,22.0
2016-05-05,1,LADIESWEAR,20.0
2016-05-06,1,LADIESWEAR,12.0
2016-05-07,1,LADIESWEAR,13.0
2016-05-08,1,LADIESWEAR,5.0
2016-05-09,1,LADIESWEAR,20.0
2016-05-10,1,LADIESWEAR,6.0
2016-05-11,1,LADIESWEAR,16.0
2016-05-12,1,LADIESWEAR,9.0
2016-05-13,1,LADIESWEAR,22.0
2016-05-14,1,LADIESWEAR,15.0
2016-05-15,1,LADIESWEAR,9.0
2016-05-16,1,LADIESWEAR,19.0
2016-05-17,1,LADIESWEAR,20.0
2016-05-18,1,LADIESWEAR,13.0
2016-05-19,1,LADIESWEAR,19.0
2016-05-20,1,LADIESWEAR,5.0
2016-05-21,1,LADIESWEAR,24.0
2016-05-22,1,LADIESWEAR,5.0
2016-05-23,1,LADIESWEAR,20.0
2016-05-24,1,LADIESWEAR,13.0
2016-05-25,1,LADIESWEAR,8.0
2016-05-26,1,LADIESWEAR,7.0
2016-05-27,1,LADIESWEAR,1.0
2016-05-28,1,LADIESWEAR,24.0
2016-05-29,1,LADIESWEAR,3.0
2016-05-30,1,LADIESWEAR,28.0
2016-05-31,1,LADIESWEAR,13.0
2016-06-01,1,LADIESWEAR,8.0
2016-06-02,1,LADIESWEAR,15.0
2016-06-03,1,LADIESWEAR,16.0
2016-06-04,1,LADIESWEAR,20.0
2016-06-05,1,LADIESWEAR,5.0
2016-06-06,1,LADIESWEAR,15.0
2016-06-07,1,LADIESWEAR,21.0
2016-06-08,1,LADIESWEAR,13.0
2016-06-09,1,LADIESWEAR,21.0
2016-06-10,1,LADIESWEAR,16.0
2016-06-11,1,LADIESWEAR,17.0
2016-06-12,1,LADIESWEAR,4.0
2016-06-13,1,LADIESWEAR,17.0
2016-06-14,1,LADIESWEAR,19.0
2016-06-15,1,LADIESWEAR,9.0
2016-06-16,1,LADIESWEAR,17.0
2016-06-17,1,LADIESWEAR,25.0
2016-06-18,1,LADIESWEAR,15.0
2016-06-19,1,LADIESWEAR,8.0
2016-06-20,1,LADIESWEAR,17.0
2016-06-21,1,LADIESWEAR,17.0
2016-06-22,1,LADIESWEAR,14.0
2016-06-23,1,LADIESWEAR,12.0
2016-06-24,1,LADIESWEAR,19.0
2016-06-25,1,LADIESWEAR,14.0
2016-06-26,1,LADIESWEAR,5.0
2016-06-27,1,LADIESWEAR,15.0
2016-06-28,1,LADIESWEAR,14.0
2016-06-29,1,LADIESWEAR,25.0
2016-06-30,1,LADIESWEAR,17.0
2016-07-01,1,LADIESWEAR,10.0
2016-07-02,1,LADIESWEAR,16.0
2016-07-03,1,LADIESWEAR,7.0
2016-07-04,1,LADIESWEAR,26.0
2016-07-05,1,LADIESWEAR,17.0
2016-07-06,1,LADIESWEAR,14.0
2016-07-07,1,LADIESWEAR,14.0
2016-07-08,1,LADIESWEAR,13.0
2016-07-09,1,LADIESWEAR,9.0
2016-07-10,1,LADIESWEAR,9.0
2016-07-11,1,LADIESWEAR,13.0
2016-07-12,1,LADIESWEAR,11.0
2016-07-13,1,LADIESWEAR,17.0
2016-07-14,1,LADIESWEAR,20.0
2016-07-15,1,LADIESWEAR,14.0
2016-07-16,1,LADIESWEAR,17.0
2016-07-17,1,LADIESWEAR,10.0
2016-07-18,1,LADIESWEAR,19.0
2016-07-19,1,LADIESWEAR,17.0
2016-07-20,1,LADIESWEAR,16.0
2016-07-21,1,LADIESWEAR,15.0
2016-07-22,1,LADIESWEAR,11.0
2016-07-23,1,LADIESWEAR,11.0
2016-07-24,1,LADIESWEAR,7.0
2016-07-25,1,LADIESWEAR,18.0
2016-07-26,1,LADIESWEAR,22.0
2016-07-27,1,LADIESWEAR,10.0
2016-07-28,1,LADIESWEAR,10.0
2016-07-29,1,LADIESWEAR,11.0
2016-07-30,1,LADIESWEAR,41.0
2016-07-31,1,LADIESWEAR,4.0
2016-08-01,1,LADIESWEAR,14.0
2016-08-02,1,LADIESWEAR,14.0
2016-08-03,1,LADIESWEAR,19.0
2016-08-04,1,LADIESWEAR,13.0
2016-08-05,1,LADIESWEAR,28.0
2016-08-06,1,LADIESWEAR,16.0
2016-08-07,1,LADIESWEAR,2.0
2016-08-08,1,LADIESWEAR,16.0
2016-08-09,1,LADIESWEAR,19.0
2016-08-10,1,LADIESWEAR,13.0
2016-08-11,1,LADIESWEAR,13.0
2016-08-12,1,LADIESWEAR,11.0
2016-08-13,1,LADIESWEAR,7.0
2016-08-14,1,LADIESWEAR,3.0
2016-08-15,1,LADIESWEAR,15.0
2016-08-16,1,LADIESWEAR,14.0
2016-08-17,1,LADIESWEAR,8.0
2016-08-18,1,LADIESWEAR,13.0
2016-08-19,1,LADIESWEAR,12.0
2016-08-20,1,LADIESWEAR,13.0
2016-08-21,1,LADIESWEAR,3.0
2016-08-22,1,LADIESWEAR,15.0
2016-08-23,1,LADIESWEAR,11.0
2016-08-24,1,LADIESWEAR,26.0
2016-08-25,1,LADIESWEAR,13.0
2016-08-26,1,LADIESWEAR,9.0
2016-08-27,1,LADIESWEAR,18.0
2016-08-28,1,LADIESWEAR,5.0
2016-08-29,1,LADIESWEAR,26.0
2016-08-30,1,LADIESWEAR,18.0
2016-08-31,1,LADIESWEAR,2.0
2016-09-01,1,LADIESWEAR,18.0
2016-09-02,1,LADIESWEAR,10.0
2016-09-03,1,LADIESWEAR,20.0
2016-09-04,1,LADIESWEAR,6.0
2016-09-05,1,LADIESWEAR,9.0
2016-09-06,1,LADIESWEAR,6.0
2016-09-07,1,LADIESWEAR,15.0
2016-09-08,1,LADIESWEAR,18.0
2016-09-09,1,LADIESWEAR,14.0
2016-09-10,1,LADIESWEAR,19.0
2016-09-11,1,LADIESWEAR,3.0
2016-09-12,1,LADIESWEAR,14.0
2016-09-13,1,LADIESWEAR,19.0
2016-09-14,1,LADIESWEAR,7.0
2016-09-15,1,LADIESWEAR,20.0
2016-09-16,1,LADIESWEAR,16.0
2016-09-17,1,LADIESWEAR,13.0
2016-09-18,1,LADIESWEAR,11.0
2016-09-19,1,LADIESWEAR,26.0
2016-09-20,1,LADIESWEAR,7.0
2016-09-21,1,LADIESWEAR,9.0
2016-09-22,1,LADIESWEAR,8.0
2016-09-23,1,LADIESWEAR,8.0
2016-09-24,1,LADIESWEAR,20.0
2016-09-25,1,LADIESWEAR,9.0
2016-09-26,1,LADIESWEAR,17.0
2016-09-27,1,LADIESWEAR,29.0
2016-09-28,1,LADIESWEAR,8.0
2016-09-29,1,LADIESWEAR,9.0
2016-09-30,1,LADIESWEAR,12.0
2016-10-01,1,LADIESWEAR,33.0
2016-10-02,1,LADIESWEAR,6.0
2016-10-03,1,LADIESWEAR,23.0
2016-10-04,1,LADIESWEAR,25.0
2016-10-05,1,LADIESWEAR,8.0
2016-10-06,1,LADIESWEAR,10.0
2016-10-07,1,LADIESWEAR,10.0
2016-10-08,1,LADIESWEAR,16.0
2016-10-09,1,LADIESWEAR,12.0
2016-10-10,1,LADIESWEAR,19.0
2016-10-11,1,LADIESWEAR,11.0
2016-10-12,1,LADIESWEAR,19.0
2016-10-13,1,LADIESWEAR,21.0
2016-10-14,1,LADIESWEAR,18.0
2016-10-15,1,LADIESWEAR,10.0
2016-10-16,1,LADIESWEAR,8.0
2016-10-17,1,LADIESWEAR,19.0
2016-10-18,1,LADIESWEAR,22.0
2016-10-19,1,LADIESWEAR,10.0
2016-10-20,1,LADIESWEAR,8.0
2016-10-21,1,LADIESWEAR,7.0
2016-10-22,1,LADIESWEAR,18.0
2016-10-23,1,LADIESWEAR,2.0
2016-10-24,1,LADIESWEAR,10.0
2016-10-25,1,LADIESWEAR,27.0
2016-10-26,1,LADIESWEAR,20.0
2016-10-27,1,LADIESWEAR,20.0
2016-10-28,1,LADIESWEAR,10.0
2016-10-29,1,LADIESWEAR,15.0
2016-10-30,1,LADIESWEAR,2.0
2016-10-31,1,LADIESWEAR,10.0
2016-11-01,1,LADIESWEAR,24.0
2016-11-02,1,LADIESWEAR,6.0
2016-11-03,1,LADIESWEAR,3.0
2016-11-04,1,LADIESWEAR,3.0
2016-11-05,1,LADIESWEAR,9.0
2016-11-06,1,LADIESWEAR,1.0
2016-11-07,1,LADIESWEAR,32.0
2016-11-08,1,LADIESWEAR,24.0
2016-11-09,1,LADIESWEAR,22.0
2016-11-10,1,LADIESWEAR,13.0
2016-11-11,1,LADIESWEAR,29.0
2016-11-12,1,LADIESWEAR,7.0
2016-11-13,1,LADIESWEAR,6.0
2016-11-14,1,LADIESWEAR,29.0
2016-11-15,1,LADIESWEAR,24.0
2016-11-16,1,LADIESWEAR,12.0
2016-11-17,1,LADIESWEAR,23.0
2016-11-18,1,LADIESWEAR,13.0
2016-11-19,1,LADIESWEAR,15.0
2016-11-20,1,LADIESWEAR,4.0
2016-11-21,1,LADIESWEAR,30.0
2016-11-22,1,LADIESWEAR,12.0
2016-11-23,1,LADIESWEAR,16.0
2016-11-24,1,LADIESWEAR,15.0
2016-11-25,1,LADIESWEAR,16.0
2016-11-26,1,LADIESWEAR,8.0
2016-11-27,1,LADIESWEAR,3.0
2016-11-28,1,LADIESWEAR,9.0
2016-11-29,1,LADIESWEAR,18.0
2016-11-30,1,LADIESWEAR,15.0
2016-12-01,1,LADIESWEAR,14.0
2016-12-02,1,LADIESWEAR,20.0
2016-12-03,1,LADIESWEAR,15.0
2016-12-04,1,LADIESWEAR,6.0
2016-12-05,1,LADIESWEAR,21.0
2016-12-06,1,LADIESWEAR,3.0
2016-12-07,1,LADIESWEAR,15.0
2016-12-08,1,LADIESWEAR,7.0
2016-12-09,1,LADIESWEAR,10.0
2016-12-10,1,LADIESWEAR,21.0
2016-12-11,1,LADIESWEAR,8.0
2016-12-12,1,LADIESWEAR,19.0
2016-12-13,1,LADIESWEAR,19.0
2016-12-14,1,LADIESWEAR,17.0
2016-12-15,1,LADIESWEAR,15.0
2016-12-16,1,LADIESWEAR,19.0
2016-12-17,1,LADIESWEAR,16.0
2016-12-18,1,LADIESWEAR,9.0
2016-12-19,1,LADIESWEAR,26.0
2016-12-20,1,LADIESWEAR,22.0
2016-12-21,1,LADIESWEAR,15.0
2016-12-22,1,LADIESWEAR,20.0
2016-12-23,1,LADIESWEAR,26.0
2016-12-24,1,LADIESWEAR,12.0
2016-12-26,1,LADIESWEAR,3.0
2016-12-27,1,LADIESWEAR,13.0
2016-12-28,1,LADIESWEAR,11.0
2016-12-29,1,LADIESWEAR,11.0
2016-12-30,1,LADIESWEAR,20.0
2016-12-31,1,LADIESWEAR,17.0
2017-01-01,1,LADIESWEAR,0.0
2017-01-02,1,LADIESWEAR,4.0
2017-01-03,1,LADIESWEAR,19.0
2017-01-04,1,LADIESWEAR,18.0
2017-01-05,1,LADIESWEAR,11.0
2017-01-06,1,LADIESWEAR,12.0
2017-01-07,1,LADIESWEAR,10.0
2017-01-08,1,LADIESWEAR,3.0
2017-01-09,1,LADIESWEAR,5.0
2017-01-10,1,LADIESWEAR,6.0
2017-01-11,1,LADIESWEAR,19.0
2017-01-12,1,LADIESWEAR,12.0
2017-01-13,1,LADIESWEAR,19.0
2017-01-14,1,LADIESWEAR,23.0
2017-01-15,1,LADIESWEAR,5.0
2017-01-16,1,LADIESWEAR,20.0
2017-01-17,1,LADIESWEAR,8.0
2017-01-18,1,LADIESWEAR,13.0
2017-01-19,1,LADIESWEAR,12.0
2017-01-20,1,LADIESWEAR,2.0
2017-01-21,1,LADIESWEAR,16.0
2017-01-22,1,LADIESWEAR,7.0
2017-01-23,1,LADIESWEAR,24.0
2017-01-24,1,LADIESWEAR,21.0
2017-01-25,1,LADIESWEAR,22.0
2017-01-26,1,LADIESWEAR,23.0
2017-01-27,1,LADIESWEAR,14.0
2017-01-28,1,LADIESWEAR,14.0
2017-01-29,1,LADIESWEAR,5.0
2017-01-30,1,LADIESWEAR,14.0
2017-01-31,1,LADIESWEAR,17.0
2017-02-01,1,LADIESWEAR,24.0
2017-02-02,1,LADIESWEAR,14.0
2017-02-03,1,LADIESWEAR,17.0
2017-02-04,1,LADIESWEAR,23.0
2017-02-05,1,LADIESWEAR,18.0
2017-02-06,1,LADIESWEAR,23.0
2017-02-07,1,LADIESWEAR,11.0
2017-02-08,1,LADIESWEAR,8.0
2017-02-09,1,LADIESWEAR,24.0
2017-02-10,1,LADIESWEAR,18.0
2017-02-11,1,LADIESWEAR,19.0
2017-02-12,1,LADIESWEAR,7.0
2017-02-13,1,LADIESWEAR,14.0
2017-02-14,1,LADIESWEAR,19.0
2017-02-15,1,LADIESWEAR,27.0
2017-02-16,1,LADIESWEAR,16.0
2017-02-17,1,LADIESWEAR,5.0
2017-02-18,1,LADIESWEAR,29.0
2017-02-19,1,LADIESWEAR,12.0
2017-02-20,1,LADIESWEAR,29.0
2017-02-21,1,LADIESWEAR,18.0
2017-02-22,1,LADIESWEAR,20.0
2017-02-23,1,LADIESWEAR,9.0
2017-02-24,1,LADIESWEAR,17.0
2017-02-25,1,LADIESWEAR,9.0
2017-02-26,1,LADIESWEAR,5.0
2017-02-27,1,LADIESWEAR,4.0
2017-02-28,1,LADIESWEAR,8.0
2017-03-01,1,LADIESWEAR,22.0
2017-03-02,1,LADIESWEAR,17.0
2017-03-03,1,LADIESWEAR,9.0
2017-03-04,1,LADIESWEAR,18.0
2017-03-05,1,LADIESWEAR,7.0
2017-03-06,1,LADIESWEAR,17.0
2017-03-07,1,LADIESWEAR,16.0
2017-03-08,1,LADIESWEAR,18.0
2017-03-09,1,LADIESWEAR,8.0
2017-03-10,1,LADIESWEAR,13.0
2017-03-11,1,LADIESWEAR,13.0
2017-03-12,1,LADIESWEAR,15.0
2017-03-13,1,LADIESWEAR,21.0
2017-03-14,1,LADIESWEAR,19.0
2017-03-15,1,LADIESWEAR,24.0
2017-03-16,1,LADIESWEAR,5.0
2017-03-17,1,LADIESWEAR,9.0
2017-03-18,1,LADIESWEAR,18.0
2017-03-19,1,LADIESWEAR,3.0
2017-03-20,1,LADIESWEAR,13.0
2017-03-21,1,LADIESWEAR,11.0
2017-03-22,1,LADIESWEAR,11.0
2017-03-23,1,LADIESWEAR,14.0
2017-03-24,1,LADIESWEAR,15.0
2017-03-25,1,LADIESWEAR,11.0
2017-03-26,1,LADIESWEAR,11.0
2017-03-27,1,LADIESWEAR,19.0
2017-03-28,1,LADIESWEAR,10.0
2017-03-29,1,LADIESWEAR,15.0
2017-03-30,1,LADIESWEAR,21.0
2017-03-31,1,LADIESWEAR,16.0
2017-04-01,1,LADIESWEAR,13.0
2017-04-02,1,LADIESWEAR,2.0
2017-04-03,1,LADIESWEAR,17.0
2017-04-04,1,LADIESWEAR,29.0
2017-04-05,1,LADIESWEAR,21.0
2017-04-06,1,LADIESWEAR,7.0
2017-04-07,1,LADIESWEAR,15.0
2017-04-08,1,LADIESWEAR,24.0
2017-04-09,1,LADIESWEAR,8.0
2017-04-10,1,LADIESWEAR,23.0
2017-04-11,1,LADIESWEAR,11.0
2017-04-12,1,LADIESWEAR,5.0
2017-04-13,1,LADIESWEAR,10.0
2017-04-14,1,LADIESWEAR,2.0
2017-04-15,1,LADIESWEAR,10.0
2017-04-16,1,LADIESWEAR,3.0
2017-04-17,1,LADIESWEAR,25.0
2017-04-18,1,LADIESWEAR,11.0
2017-04-19,1,LADIESWEAR,18.0
2017-04-20,1,LADIESWEAR,11.0
2017-04-21,1,LADIESWEAR,23.0
2017-04-22,1,LADIESWEAR,28.0
2017-04-23,1,LADIESWEAR,4.0
2017-04-24,1,LADIESWEAR,9.0
2017-04-25,1,LADIESWEAR,17.0
2017-04-26,1,LADIESWEAR,9.0
2017-04-27,1,LADIESWEAR,13.0
2017-04-28,1,LADIESWEAR,7.0
2017-04-29,1,LADIESWEAR,7.0
2017-04-30,1,LADIESWEAR,4.0
2017-05-01,1,LADIESWEAR,4.0
2017-05-02,1,LADIESWEAR,9.0
2017-05-03,1,LADIESWEAR,17.0
2017-05-04,1,LADIESWEAR,10.0
2017-05-05,1,LADIESWEAR,18.0
2017-05-06,1,LADIESWEAR,20.0
2017-05-07,1,LADIESWEAR,7.0
2017-05-08,1,LADIESWEAR,24.0
2017-05-09,1,LADIESWEAR,12.0
2017-05-10,1,LADIESWEAR,11.0
2017-05-11,1,LADIESWEAR,13.0
2017-05-12,1,LADIESWEAR,13.0
2017-05-13,1,LADIESWEAR,15.0
2017-05-14,1,LADIESWEAR,8.0
2017-05-15,1,LADIESWEAR,14.0
2017-05-16,1,LADIESWEAR,24.0
2017-05-17,1,LADIESWEAR,20.0
2017-05-18,1,LADIESWEAR,15.0
2017-05-19,1,LADIESWEAR,10.0
2017-05-20,1,LADIESWEAR,15.0
2017-05-21,1,LADIESWEAR,12.0
2017-05-22,1,LADIESWEAR,19.0
2017-05-23,1,LADIESWEAR,20.0
2017-05-24,1,LADIESWEAR,10.0
2017-05-25,1,LADIESWEAR,12.0
2017-05-26,1,LADIESWEAR,13.0
2017-05-27,1,LADIESWEAR,10.0
2017-05-28,1,LADIESWEAR,4.0
2017-05-29,1,LADIESWEAR,15.0
2017-05-30,1,LADIESWEAR,16.0
2017-05-31,1,LADIESWEAR,13.0
2017-06-01,1,LADIESWEAR,8.0
2017-06-02,1,LADIESWEAR,13.0
2017-06-03,1,LADIESWEAR,24.0
2017-06-04,1,LADIESWEAR,11.0
2017-06-05,1,LADIESWEAR,20.0
2017-06-06,1,LADIESWEAR,17.0
2017-06-07,1,LADIESWEAR,23.0
2017-06-08,1,LADIESWEAR,7.0
2017-06-09,1,LADIESWEAR,10.0
2017-06-10,1,LADIESWEAR,15.0
2017-06-11,1,LADIESWEAR,19.0
2017-06-12,1,LADIESWEAR,21.0
2017-06-13,1,LADIESWEAR,5.0
2017-06-14,1,LADIESWEAR,12.0
2017-06-15,1,LADIESWEAR,11.0
2017-06-16,1,LADIESWEAR,19.0
2017-06-17,1,LADIESWEAR,20.0
2017-06-18,1,LADIESWEAR,4.0
2017-06-19,1,LADIESWEAR,11.0
2017-06-20,1,LADIESWEAR,14.0
2017-06-21,1,LADIESWEAR,10.0
2017-06-22,1,LADIESWEAR,18.0
2017-06-23,1,LADIESWEAR,8.0
2017-06-24,1,LADIESWEAR,20.0
2017-06-25,1,LADIESWEAR,6.0
2017-06-26,1,LADIESWEAR,9.0
2017-06-27,1,LADIESWEAR,11.0
2017-06-28,1,LADIESWEAR,22.0
2017-06-29,1,LADIESWEAR,11.0
2017-06-30,1,LADIESWEAR,10.0
2017-07-01,1,LADIESWEAR,7.0
2017-07-02,1,LADIESWEAR,16.0
2017-07-03,1,LADIESWEAR,16.0
2017-07-04,1,LADIESWEAR,12.0
2017-07-05,1,LADIESWEAR,19.0
2017-07-06,1,LADIESWEAR,6.0
2017-07-07,1,LADIESWEAR,10.0
2017-07-08,1,LADIESWEAR,15.0
2017-07-09,1,LADIESWEAR,10.0
2017-07-10,1,LADIESWEAR,14.0
2017-07-11,1,LADIESWEAR,7.0
2017-07-12,1,LADIESWEAR,18.0
2017-07-13,1,LADIESWEAR,9.0
2017-07-14,1,LADIESWEAR,9.0
2017-07-15,1,LADIESWEAR,11.0
2017-07-16,1,LADIESWEAR,10.0
2017-07-17,1,LADIESWEAR,13.0
2017-07-18,1,LADIESWEAR,19.0
2017-07-19,1,LADIESWEAR,20.0
2017-07-20,1,LADIESWEAR,21.0
2017-07-21,1,LADIESWEAR,13.0
2017-07-22,1,LADIESWEAR,18.0
2017-07-23,1,LADIESWEAR,5.0
2017-07-24,1,LADIESWEAR,13.0
2017-07-25,1,LADIESWEAR,12.0
2017-07-26,1,LADIESWEAR,16.0
2017-07-27,1,LADIESWEAR,17.0
2017-07-28,1,LADIESWEAR,16.0
2017-07-29,1,LADIESWEAR,13.0
2017-07-30,1,LADIESWEAR,2.0
2017-07-31,1,LADIESWEAR,21.0
2017-08-01,1,LADIESWEAR,12.0
2017-08-02,1,LADIESWEAR,18.0
2017-08-03,1,LADIESWEAR,13.0
2017-08-04,1,LADIESWEAR,10.0
2017-08-05,1,LADIESWEAR,16.0
2017-08-06,1,LADIESWEAR,6.0
2017-08-07,1,LADIESWEAR,19.0
2017-08-08,1,LADIESWEAR,19.0
2017-08-09,1,LADIESWEAR,31.0
2017-08-10,1,LADIESWEAR,7.0
2017-08-11,1,LADIESWEAR,3.0
2017-08-12,1,LADIESWEAR,9.0
2017-08-13,1,LADIESWEAR,7.0
2017-08-14,1,LADIESWEAR,17.0
2017-08-15,1,LADIESWEAR,9.0
2016-01-01,1,LAWN AND GARDEN,0.0
2016-01-02,1,LAWN AND GARDEN,10.0
2016-01-03,1,LAWN AND GARDEN,6.0
2016-01-04,1,LAWN AND GARDEN,8.0
2016-01-05,1,LAWN AND GARDEN,2.0
2016-01-06,1,LAWN AND GARDEN,12.0
2016-01-07,1,LAWN AND GARDEN,7.0
2016-01-08,1,LAWN AND GARDEN,16.0
2016-01-09,1,LAWN AND GARDEN,2.0
2016-01-10,1,LAWN AND GARDEN,3.0
2016-01-11,1,LAWN AND GARDEN,5.0
2016-01-12,1,LAWN AND GARDEN,8.0
2016-01-13,1,LAWN AND GARDEN,22.0
2016-01-14,1,LAWN AND GARDEN,15.0
2016-01-15,1,LAWN AND GARDEN,9.0
2016-01-16,1,LAWN AND GARDEN,2.0
2016-01-17,1,LAWN AND GARDEN,0.0
2016-01-18,1,LAWN AND GARDEN,1.0
2016-01-19,1,LAWN AND GARDEN,6.0
2016-01-20,1,LAWN AND GARDEN,4.0
2016-01-21,1,LAWN AND GARDEN,1.0
2016-01-22,1,LAWN AND GARDEN,3.0
2016-01-23,1,LAWN AND GARDEN,12.0
2016-01-24,1,LAWN AND GARDEN,2.0
2016-01-25,1,LAWN AND GARDEN,8.0
2016-01-26,1,LAWN AND GARDEN,1.0
2016-01-27,1,LAWN AND GARDEN,17.0
2016-01-28,1,LAWN AND GARDEN,3.0
2016-01-29,1,LAWN AND GARDEN,3.0
2016-01-30,1,LAWN AND GARDEN,3.0
2016-01-31,1,LAWN AND GARDEN,4.0
2016-02-01,1,LAWN AND GARDEN,12.0
2016-02-02,1,LAWN AND GARDEN,10.0
2016-02-03,1,LAWN AND GARDEN,17.0
2016-02-04,1,LAWN AND GARDEN,13.0
2016-02-05,1,LAWN AND GARDEN,8.0
2016-02-06,1,LAWN AND GARDEN,2.0
2016-02-07,1,LAWN AND GARDEN,1.0
2016-02-08,1,LAWN AND GARDEN,0.0
2016-02-09,1,LAWN AND GARDEN,5.0
2016-02-10,1,LAWN AND GARDEN,8.0
2016-02-11,1,LAWN AND GARDEN,1.0
2016-02-12,1,LAWN AND GARDEN,20.0
2016-02-13,1,LAWN AND GARDEN,12.0
2016-02-14,1,LAWN AND GARDEN,2.0
2016-02-15,1,LAWN AND GARDEN,12.0
2016-02-16,1,LAWN AND GARDEN,4.0
2016-02-17,1,LAWN AND GARDEN,4.0
2016-02-18,1,LAWN AND GARDEN,2.0
2016-02-19,1,LAWN AND GARDEN,15.0
2016-02-20,1,LAWN AND GARDEN,4.0
2016-02-21,1,LAWN AND GARDEN,5.0
2016-02-22,1,LAWN AND GARDEN,5.0
2016-02-23,1,LAWN AND GARDEN,12.0
2016-02-24,1,LAWN AND GARDEN,2.0
2016-02-25,1,LAWN AND GARDEN,7.0
2016-02-26,1,LAWN AND GARDEN,7.0
2016-02-27,1,LAWN AND GARDEN,15.0
2016-02-28,1,LAWN AND GARDEN,4.0
2016-02-29,1,LAWN AND GARDEN,7.0
2016-03-01,1,LAWN AND GARDEN,10.0
2016-03-02,1,LAWN AND GARDEN,19.0
2016-03-03,1,LAWN AND GARDEN,9.0
2016-03-04,1,LAWN AND GARDEN,11.0
2016-03-05,1,LAWN AND GARDEN,4.0
2016-03-06,1,LAWN AND GARDEN,4.0
2016-03-07,1,LAWN AND GARDEN,12.0
2016-03-08,1,LAWN AND GARDEN,12.0
2016-03-09,1,LAWN AND GARDEN,24.0
2016-03-10,1,LAWN AND GARDEN,2.0
2016-03-11,1,LAWN AND GARDEN,7.0
2016-03-12,1,LAWN AND GARDEN,6.0
2016-03-13,1,LAWN AND GARDEN,3.0
2016-03-14,1,LAWN AND GARDEN,5.0
2016-03-15,1,LAWN AND GARDEN,4.0
2016-03-16,1,LAWN AND GARDEN,11.0
2016-03-17,1,LAWN AND GARDEN,6.0
2016-03-18,1,LAWN AND GARDEN,33.0
2016-03-19,1,LAWN AND GARDEN,12.0
2016-03-20,1,LAWN AND GARDEN,4.0
2016-03-21,1,LAWN AND GARDEN,5.0
2016-03-22,1,LAWN AND GARDEN,2.0
2016-03-23,1,LAWN AND GARDEN,5.0
2016-03-24,1,LAWN AND GARDEN,6.0
2016-03-25,1,LAWN AND GARDEN,4.0
2016-03-26,1,LAWN AND GARDEN,7.0
2016-03-27,1,LAWN AND GARDEN,4.0
2016-03-28,1,LAWN AND GARDEN,7.0
2016-03-29,1,LAWN AND GARDEN,10.0
2016-03-30,1,LAWN AND GARDEN,8.0
2016-03-31,1,LAWN AND GARDEN,2.0
2016-04-01,1,LAWN AND GARDEN,18.0
2016-04-02,1,LAWN AND GARDEN,6.0
2016-04-03,1,LAWN AND GARDEN,5.0
2016-04-04,1,LAWN AND GARDEN,1.0
2016-04-05,1,LAWN AND GARDEN,12.0
2016-04-06,1,LAWN AND GARDEN,11.0
2016-04-07,1,LAWN AND GARDEN,12.0
2016-04-08,1,LAWN AND GARDEN,13.0
2016-04-09,1,LAWN AND GARDEN,0.0
2016-04-10,1,LAWN AND GARDEN,7.0
2016-04-11,1,LAWN AND GARDEN,12.0
2016-04-12,1,LAWN AND GARDEN,8.0
2016-04-13,1,LAWN AND GARDEN,8.0
2016-04-14,1,LAWN AND GARDEN,7.0
2016-04-15,1,LAWN AND GARDEN,12.0
2016-04-16,1,LAWN AND GARDEN,12.0
2016-04-17,1,LAWN AND GARDEN,1.0
2016-04-18,1,LAWN AND GARDEN,5.0
2016-04-19,1,LAWN AND GARDEN,5.0
2016-04-20,1,LAWN AND GARDEN,12.0
2016-04-21,1,LAWN AND GARDEN,3.0
2016-04-22,1,LAWN AND GARDEN,8.0
2016-04-23,1,LAWN AND GARDEN,5.0
2016-04-24,1,LAWN AND GARDEN,5.0
2016-04-25,1,LAWN AND GARDEN,4.0
2016-04-26,1,LAWN AND GARDEN,0.0
2016-04-27,1,LAWN AND GARDEN,8.0
2016-04-28,1,LAWN AND GARDEN,10.0
2016-04-29,1,LAWN AND GARDEN,2.0
2016-04-30,1,LAWN AND GARDEN,2.0
2016-05-01,1,LAWN AND GARDEN,14.0
2016-05-02,1,LAWN AND GARDEN,7.0
2016-05-03,1,LAWN AND GARDEN,3.0
2016-05-04,1,LAWN AND GARDEN,15.0
2016-05-05,1,LAWN AND GARDEN,19.0
2016-05-06,1,LAWN AND GARDEN,20.0
2016-05-07,1,LAWN AND GARDEN,2.0
2016-05-08,1,LAWN AND GARDEN,9.0
2016-05-09,1,LAWN AND GARDEN,7.0
2016-05-10,1,LAWN AND GARDEN,5.0
2016-05-11,1,LAWN AND GARDEN,9.0
2016-05-12,1,LAWN AND GARDEN,3.0
2016-05-13,1,LAWN AND GARDEN,9.0
2016-05-14,1,LAWN AND GARDEN,6.0
2016-05-15,1,LAWN AND GARDEN,8.0
2016-05-16,1,LAWN AND GARDEN,9.0
2016-05-17,1,LAWN AND GARDEN,7.0
2016-05-18,1,LAWN AND GARDEN,10.0
2016-05-19,1,LAWN AND GARDEN,12.0
2016-05-20,1,LAWN AND GARDEN,8.0
2016-05-21,1,LAWN AND GARDEN,5.0
2016-05-22,1,LAWN AND GARDEN,9.0
2016-05-23,1,LAWN AND GARDEN,4.0
2016-05-24,1,LAWN AND GARDEN,8.0
2016-05-25,1,LAWN AND GARDEN,12.0
2016-05-26,1,LAWN AND GARDEN,9.0
2016-05-27,1,LAWN AND GARDEN,11.0
2016-05-28,1,LAWN AND GARDEN,8.0
2016-05-29,1,LAWN AND GARDEN,6.0
2016-05-30,1,LAWN AND GARDEN,0.0
2016-05-31,1,LAWN AND GARDEN,14.0
2016-06-01,1,LAWN AND GARDEN,4.0
2016-06-02,1,LAWN AND GARDEN,2.0
2016-06-03,1,LAWN AND GARDEN,10.0
2016-06-04,1,LAWN AND GARDEN,8.0
2016-06-05,1,LAWN AND GARDEN,3.0
2016-06-06,1,LAWN AND GARDEN,13.0
2016-06-07,1,LAWN AND GARDEN,5.0
2016-06-08,1,LAWN AND GARDEN,4.0
2016-06-09,1,LAWN AND GARDEN,3.0
2016-06-10,1,LAWN AND GARDEN,24.0
2016-06-11,1,LAWN AND GARDEN,7.0
2016-06-12,1,LAWN AND GARDEN,7.0
2016-06-13,1,LAWN AND GARDEN,4.0
2016-06-14,1,LAWN AND GARDEN,3.0
2016-06-15,1,LAWN AND GARDEN,8.0
2016-06-16,1,LAWN AND GARDEN,4.0
2016-06-17,1,LAWN AND GARDEN,10.0
2016-06-18,1,LAWN AND GARDEN,8.0
2016-06-19,1,LAWN AND GARDEN,17.0
2016-06-20,1,LAWN AND GARDEN,7.0
2016-06-21,1,LAWN AND GARDEN,2.0
2016-06-22,1,LAWN AND GARDEN,9.0
2016-06-23,1,LAWN AND GARDEN,4.0
2016-06-24,1,LAWN AND GARDEN,3.0
2016-06-25,1,LAWN AND GARDEN,7.0
2016-06-26,1,LAWN AND GARDEN,2.0
2016-06-27,1,LAWN AND GARDEN,10.0
2016-06-28,1,LAWN AND GARDEN,4.0
2016-06-29,1,LAWN AND GARDEN,25.0
2016-06-30,1,LAWN AND GARDEN,7.0
2016-07-01,1,LAWN AND GARDEN,4.0
2016-07-02,1,LAWN AND GARDEN,1.0
2016-07-03,1,LAWN AND GARDEN,4.0
2016-07-04,1,LAWN AND GARDEN,10.0
2016-07-05,1,LAWN AND GARDEN,6.0
2016-07-06,1,LAWN AND GARDEN,6.0
2016-07-07,1,LAWN AND GARDEN,5.0
2016-07-08,1,LAWN AND GARDEN,2.0
2016-07-09,1,LAWN AND GARDEN,1.0
2016-07-10,1,LAWN AND GARDEN,3.0
2016-07-11,1,LAWN AND GARDEN,6.0
2016-07-12,1,LAWN AND GARDEN,5.0
2016-07-13,1,LAWN AND GARDEN,9.0
2016-07-14,1,LAWN AND GARDEN,6.0
2016-07-15,1,LAWN AND GARDEN,9.0
2016-07-16,1,LAWN AND GARDEN,11.0
2016-07-17,1,LAWN AND GARDEN,0.0
2016-07-18,1,LAWN AND GARDEN,0.0
2016-07-19,1,LAWN AND GARDEN,4.0
2016-07-20,1,LAWN AND GARDEN,12.0
2016-07-21,1,LAWN AND GARDEN,13.0
2016-07-22,1,LAWN AND GARDEN,8.0
2016-07-23,1,LAWN AND GARDEN,0.0
2016-07-24,1,LAWN AND GARDEN,11.0
2016-07-25,1,LAWN AND GARDEN,5.0
2016-07-26,1,LAWN AND GARDEN,9.0
2016-07-27,1,LAWN AND GARDEN,8.0
2016-07-28,1,LAWN AND GARDEN,6.0
2016-07-29,1,LAWN AND GARDEN,6.0
2016-07-30,1,LAWN AND GARDEN,10.0
2016-07-31,1,LAWN AND GARDEN,4.0
2016-08-01,1,LAWN AND GARDEN,9.0
2016-08-02,1,LAWN AND GARDEN,10.0
2016-08-03,1,LAWN AND GARDEN,8.0
2016-08-04,1,LAWN AND GARDEN,0.0
2016-08-05,1,LAWN AND GARDEN,14.0
2016-08-06,1,LAWN AND GARDEN,15.0
2016-08-07,1,LAWN AND GARDEN,9.0
2016-08-08,1,LAWN AND GARDEN,6.0
2016-08-09,1,LAWN AND GARDEN,4.0
2016-08-10,1,LAWN AND GARDEN,12.0
2016-08-11,1,LAWN AND GARDEN,3.0
2016-08-12,1,LAWN AND GARDEN,2.0
2016-08-13,1,LAWN AND GARDEN,8.0
2016-08-14,1,LAWN AND GARDEN,5.0
2016-08-15,1,LAWN AND GARDEN,8.0
2016-08-16,1,LAWN AND GARDEN,13.0
2016-08-17,1,LAWN AND GARDEN,16.0
2016-08-18,1,LAWN AND GARDEN,10.0
2016-08-19,1,LAWN AND GARDEN,8.0
2016-08-20,1,LAWN AND GARDEN,2.0
2016-08-21,1,LAWN AND GARDEN,4.0
2016-08-22,1,LAWN AND GARDEN,5.0
2016-08-23,1,LAWN AND GARDEN,4.0
2016-08-24,1,LAWN AND GARDEN,13.0
2016-08-25,1,LAWN AND GARDEN,11.0
2016-08-26,1,LAWN AND GARDEN,6.0
2016-08-27,1,LAWN AND GARDEN,7.0
2016-08-28,1,LAWN AND GARDEN,8.0
2016-08-29,1,LAWN AND GARDEN,3.0
2016-08-30,1,LAWN AND GARDEN,8.0
2016-08-31,1,LAWN AND GARDEN,19.0
2016-09-01,1,LAWN AND GARDEN,2.0
2016-09-02,1,LAWN AND GARDEN,15.0
2016-09-03,1,LAWN AND GARDEN,11.0
2016-09-04,1,LAWN AND GARDEN,0.0
2016-09-05,1,LAWN AND GARDEN,12.0
2016-09-06,1,LAWN AND GARDEN,6.0
2016-09-07,1,LAWN AND GARDEN,8.0
2016-09-08,1,LAWN AND GARDEN,10.0
2016-09-09,1,LAWN AND GARDEN,9.0
2016-09-10,1,LAWN AND GARDEN,16.0
2016-09-11,1,LAWN AND GARDEN,1.0
2016-09-12,1,LAWN AND GARDEN,11.0
2016-09-13,1,LAWN AND GARDEN,1.0
2016-09-14,1,LAWN AND GARDEN,15.0
2016-09-15,1,LAWN AND GARDEN,2.0
2016-09-16,1,LAWN AND GARDEN,10.0
2016-09-17,1,LAWN AND GARDEN,7.0
2016-09-18,1,LAWN AND GARDEN,6.0
2016-09-19,1,LAWN AND GARDEN,14.0
2016-09-20,1,LAWN AND GARDEN,5.0
2016-09-21,1,LAWN AND GARDEN,8.0
2016-09-22,1,LAWN AND GARDEN,8.0
2016-09-23,1,LAWN AND GARDEN,10.0
2016-09-24,1,LAWN AND GARDEN,11.0
2016-09-25,1,LAWN AND GARDEN,5.0
2016-09-26,1,LAWN AND GARDEN,6.0
2016-09-27,1,LAWN AND GARDEN,7.0
2016-09-28,1,LAWN AND GARDEN,7.0
2016-09-29,1,LAWN AND GARDEN,11.0
2016-09-30,1,LAWN AND GARDEN,8.0
2016-10-01,1,LAWN AND GARDEN,9.0
2016-10-02,1,LAWN AND GARDEN,4.0
2016-10-03,1,LAWN AND GARDEN,7.0
2016-10-04,1,LAWN AND GARDEN,2.0
2016-10-05,1,LAWN AND GARDEN,13.0
2016-10-06,1,LAWN AND GARDEN,6.0
2016-10-07,1,LAWN AND GARDEN,8.0
2016-10-08,1,LAWN AND GARDEN,8.0
2016-10-09,1,LAWN AND GARDEN,0.0
2016-10-10,1,LAWN AND GARDEN,2.0
2016-10-11,1,LAWN AND GARDEN,12.0
2016-10-12,1,LAWN AND GARDEN,12.0
2016-10-13,1,LAWN AND GARDEN,11.0
2016-10-14,1,LAWN AND GARDEN,9.0
2016-10-15,1,LAWN AND GARDEN,1.0
2016-10-16,1,LAWN AND GARDEN,8.0
2016-10-17,1,LAWN AND GARDEN,10.0
2016-10-18,1,LAWN AND GARDEN,4.0
2016-10-19,1,LAWN AND GARDEN,9.0
2016-10-20,1,LAWN AND GARDEN,2.0
2016-10-21,1,LAWN AND GARDEN,7.0
2016-10-22,1,LAWN AND GARDEN,11.0
2016-10-23,1,LAWN AND GARDEN,5.0
2016-10-24,1,LAWN AND GARDEN,9.0
2016-10-25,1,LAWN AND GARDEN,6.0
2016-10-26,1,LAWN AND GARDEN,10.0
2016-10-27,1,LAWN AND GARDEN,13.0
2016-10-28,1,LAWN AND GARDEN,11.0
2016-10-29,1,LAWN AND GARDEN,4.0
2016-10-30,1,LAWN AND GARDEN,2.0
2016-10-31,1,LAWN AND GARDEN,11.0
2016-11-01,1,LAWN AND GARDEN,1.0
2016-11-02,1,LAWN AND GARDEN,10.0
2016-11-03,1,LAWN AND GARDEN,3.0
2016-11-04,1,LAWN AND GARDEN,3.0
2016-11-05,1,LAWN AND GARDEN,4.0
2016-11-06,1,LAWN AND GARDEN,0.0
2016-11-07,1,LAWN AND GARDEN,1.0
2016-11-08,1,LAWN AND GARDEN,2.0
2016-11-09,1,LAWN AND GARDEN,18.0
2016-11-10,1,LAWN AND GARDEN,3.0
2016-11-11,1,LAWN AND GARDEN,20.0
2016-11-12,1,LAWN AND GARDEN,1.0
2016-11-13,1,LAWN AND GARDEN,4.0
2016-11-14,1,LAWN AND GARDEN,6.0
2016-11-15,1,LAWN AND GARDEN,6.0
2016-11-16,1,LAWN AND GARDEN,10.0
2016-11-17,1,LAWN AND GARDEN,12.0
2016-11-18,1,LAWN AND GARDEN,15.0
2016-11-19,1,LAWN AND GARDEN,5.0
2016-11-20,1,LAWN AND GARDEN,2.0
2016-11-21,1,LAWN AND GARDEN,11.0
2016-11-22,1,LAWN AND GARDEN,6.0
2016-11-23,1,LAWN AND GARDEN,22.0
2016-11-24,1,LAWN AND GARDEN,0.0
2016-11-25,1,LAWN AND GARDEN,13.0
2016-11-26,1,LAWN AND GARDEN,5.0
2016-11-27,1,LAWN AND GARDEN,7.0
2016-11-28,1,LAWN AND GARDEN,8.0
2016-11-29,1,LAWN AND GARDEN,9.0
2016-11-30,1,LAWN AND GARDEN,6.0
2016-12-01,1,LAWN AND GARDEN,21.0
2016-12-02,1,LAWN AND GARDEN,16.0
2016-12-03,1,LAWN AND GARDEN,7.0
2016-12-04,1,LAWN AND GARDEN,10.0
2016-12-05,1,LAWN AND GARDEN,29.0
2016-12-06,1,LAWN AND GARDEN,6.0
2016-12-07,1,LAWN AND GARDEN,11.0
2016-12-08,1,LAWN AND GARDEN,9.0
2016-12-09,1,LAWN AND GARDEN,13.0
2016-12-10,1,LAWN AND GARDEN,15.0
2016-12-11,1,LAWN AND GARDEN,7.0
2016-12-12,1,LAWN AND GARDEN,8.0
2016-12-13,1,LAWN AND GARDEN,11.0
2016-12-14,1,LAWN AND GARDEN,22.0
2016-12-15,1,LAWN AND GARDEN,18.0
2016-12-16,1,LAWN AND GARDEN,32.0
2016-12-17,1,LAWN AND GARDEN,15.0
2016-12-18,1,LAWN AND GARDEN,7.0
2016-12-19,1,LAWN AND GARDEN,6.0
2016-12-20,1,LAWN AND GARDEN,25.0
2016-12-21,1,LAWN AND GARDEN,19.0
2016-12-22,1,LAWN AND GARDEN,16.0
2016-12-23,1,LAWN AND GARDEN,10.0
2016-12-24,1,LAWN AND GARDEN,25.0
2016-12-26,1,LAWN AND GARDEN,6.0
2016-12-27,1,LAWN AND GARDEN,5.0
2016-12-28,1,LAWN AND GARDEN,25.0
2016-12-29,1,LAWN AND GARDEN,18.0
2016-12-30,1,LAWN AND GARDEN,48.0
2016-12-31,1,LAWN AND GARDEN,28.0
2017-01-01,1,LAWN AND GARDEN,0.0
2017-01-02,1,LAWN AND GARDEN,4.0
2017-01-03,1,LAWN AND GARDEN,16.0
2017-01-04,1,LAWN AND GARDEN,12.0
2017-01-05,1,LAWN AND GARDEN,9.0
2017-01-06,1,LAWN AND GARDEN,18.0
2017-01-07,1,LAWN AND GARDEN,20.0
2017-01-08,1,LAWN AND GARDEN,17.0
2017-01-09,1,LAWN AND GARDEN,14.0
2017-01-10,1,LAWN AND GARDEN,19.0
2017-01-11,1,LAWN AND GARDEN,24.0
2017-01-12,1,LAWN AND GARDEN,6.0
2017-01-13,1,LAWN AND GARDEN,36.0
2017-01-14,1,LAWN AND GARDEN,25.0
2017-01-15,1,LAWN AND GARDEN,16.0
2017-01-16,1,LAWN AND GARDEN,14.0
2017-01-17,1,LAWN AND GARDEN,20.0
2017-01-18,1,LAWN AND GARDEN,19.0
2017-01-19,1,LAWN AND GARDEN,13.0
2017-01-20,1,LAWN AND GARDEN,24.0
2017-01-21,1,LAWN AND GARDEN,31.0
2017-01-22,1,LAWN AND GARDEN,10.0
2017-01-23,1,LAWN AND GARDEN,17.0
2017-01-24,1,LAWN AND GARDEN,24.0
2017-01-25,1,LAWN AND GARDEN,19.0
2017-01-26,1,LAWN AND GARDEN,19.0
2017-01-27,1,LAWN AND GARDEN,24.0
2017-01-28,1,LAWN AND GARDEN,28.0
2017-01-29,1,LAWN AND GARDEN,12.0
2017-01-30,1,LAWN AND GARDEN,18.0
2017-01-31,1,LAWN AND GARDEN,17.0
2017-02-01,1,LAWN AND GARDEN,27.0
2017-02-02,1,LAWN AND GARDEN,9.0
2017-02-03,1,LAWN AND GARDEN,19.0
2017-02-04,1,LAWN AND GARDEN,16.0
2017-02-05,1,LAWN AND GARDEN,2.0
2017-02-06,1,LAWN AND GARDEN,24.0
2017-02-07,1,LAWN AND GARDEN,19.0
2017-02-08,1,LAWN AND GARDEN,10.0
2017-02-09,1,LAWN AND GARDEN,22.0
2017-02-10,1,LAWN AND GARDEN,31.0
2017-02-11,1,LAWN AND GARDEN,18.0
2017-02-12,1,LAWN AND GARDEN,16.0
2017-02-13,1,LAWN AND GARDEN,49.0
2017-02-14,1,LAWN AND GARDEN,105.0
2017-02-15,1,LAWN AND GARDEN,20.0
2017-02-16,1,LAWN AND GARDEN,2.0
2017-02-17,1,LAWN AND GARDEN,4.0
2017-02-18,1,LAWN AND GARDEN,21.0
2017-02-19,1,LAWN AND GARDEN,1.0
2017-02-20,1,LAWN AND GARDEN,12.0
2017-02-21,1,LAWN AND GARDEN,15.0
2017-02-22,1,LAWN AND GARDEN,23.0
2017-02-23,1,LAWN AND GARDEN,9.0
2017-02-24,1,LAWN AND GARDEN,18.0
2017-02-25,1,LAWN AND GARDEN,8.0
2017-02-26,1,LAWN AND GARDEN,9.0
2017-02-27,1,LAWN AND GARDEN,3.0
2017-02-28,1,LAWN AND GARDEN,4.0
2017-03-01,1,LAWN AND GARDEN,28.0
2017-03-02,1,LAWN AND GARDEN,9.0
2017-03-03,1,LAWN AND GARDEN,18.0
2017-03-04,1,LAWN AND GARDEN,22.0
2017-03-05,1,LAWN AND GARDEN,5.0
2017-03-06,1,LAWN AND GARDEN,16.0
2017-03-07,1,LAWN AND GARDEN,18.0
2017-03-08,1,LAWN AND GARDEN,23.0
2017-03-09,1,LAWN AND GARDEN,21.0
2017-03-10,1,LAWN AND GARDEN,31.0
2017-03-11,1,LAWN AND GARDEN,10.0
2017-03-12,1,LAWN AND GARDEN,13.0
2017-03-13,1,LAWN AND GARDEN,16.0
2017-03-14,1,LAWN AND GARDEN,21.0
2017-03-15,1,LAWN AND GARDEN,25.0
2017-03-16,1,LAWN AND GARDEN,12.0
2017-03-17,1,LAWN AND GARDEN,26.0
2017-03-18,1,LAWN AND GARDEN,11.0
2017-03-19,1,LAWN AND GARDEN,20.0
2017-03-20,1,LAWN AND GARDEN,16.0
2017-03-21,1,LAWN AND GARDEN,16.0
2017-03-22,1,LAWN AND GARDEN,12.0
2017-03-23,1,LAWN AND GARDEN,11.0
2017-03-24,1,LAWN AND GARDEN,29.0
2017-03-25,1,LAWN AND GARDEN,15.0
2017-03-26,1,LAWN AND GARDEN,12.0
2017-03-27,1,LAWN AND GARDEN,21.0
2017-03-28,1,LAWN AND GARDEN,18.0
2017-03-29,1,LAWN AND GARDEN,20.0
2017-03-30,1,LAWN AND GARDEN,18.0
2017-03-31,1,LAWN AND GARDEN,35.0
2017-04-01,1,LAWN AND GARDEN,28.0
2017-04-02,1,LAWN AND GARDEN,10.0
2017-04-03,1,LAWN AND GARDEN,22.0
2017-04-04,1,LAWN AND GARDEN,14.0
2017-04-05,1,LAWN AND GARDEN,17.0
2017-04-06,1,LAWN AND GARDEN,26.0
2017-04-07,1,LAWN AND GARDEN,23.0
2017-04-08,1,LAWN AND GARDEN,19.0
2017-04-09,1,LAWN AND GARDEN,8.0
2017-04-10,1,LAWN AND GARDEN,29.0
2017-04-11,1,LAWN AND GARDEN,5.0
2017-04-12,1,LAWN AND GARDEN,33.0
2017-04-13,1,LAWN AND GARDEN,23.0
2017-04-14,1,LAWN AND GARDEN,16.0
2017-04-15,1,LAWN AND GARDEN,16.0
2017-04-16,1,LAWN AND GARDEN,7.0
2017-04-17,1,LAWN AND GARDEN,16.0
2017-04-18,1,LAWN AND GARDEN,15.0
2017-04-19,1,LAWN AND GARDEN,26.0
2017-04-20,1,LAWN AND GARDEN,23.0
2017-04-21,1,LAWN AND GARDEN,13.0
2017-04-22,1,LAWN AND GARDEN,25.0
2017-04-23,1,LAWN AND GARDEN,7.0
2017-04-24,1,LAWN AND GARDEN,14.0
2017-04-25,1,LAWN AND GARDEN,29.0
2017-04-26,1,LAWN AND GARDEN,26.0
2017-04-27,1,LAWN AND GARDEN,19.0
2017-04-28,1,LAWN AND GARDEN,18.0
2017-04-29,1,LAWN AND GARDEN,16.0
2017-04-30,1,LAWN AND GARDEN,20.0
2017-05-01,1,LAWN AND GARDEN,6.0
2017-05-02,1,LAWN AND GARDEN,11.0
2017-05-03,1,LAWN AND GARDEN,42.0
2017-05-04,1,LAWN AND GARDEN,22.0
2017-05-05,1,LAWN AND GARDEN,35.0
2017-05-06,1,LAWN AND GARDEN,16.0
2017-05-07,1,LAWN AND GARDEN,9.0
2017-05-08,1,LAWN AND GARDEN,16.0
2017-05-09,1,LAWN AND GARDEN,9.0
2017-05-10,1,LAWN AND GARDEN,27.0
2017-05-11,1,LAWN AND GARDEN,19.0
2017-05-12,1,LAWN AND GARDEN,38.0
2017-05-13,1,LAWN AND GARDEN,93.0
2017-05-14,1,LAWN AND GARDEN,24.0
2017-05-15,1,LAWN AND GARDEN,9.0
2017-05-16,1,LAWN AND GARDEN,15.0
2017-05-17,1,LAWN AND GARDEN,20.0
2017-05-18,1,LAWN AND GARDEN,6.0
2017-05-19,1,LAWN AND GARDEN,42.0
2017-05-20,1,LAWN AND GARDEN,9.0
2017-05-21,1,LAWN AND GARDEN,5.0
2017-05-22,1,LAWN AND GARDEN,14.0
2017-05-23,1,LAWN AND GARDEN,26.0
2017-05-24,1,LAWN AND GARDEN,13.0
2017-05-25,1,LAWN AND GARDEN,21.0
2017-05-26,1,LAWN AND GARDEN,23.0
2017-05-27,1,LAWN AND GARDEN,12.0
2017-05-28,1,LAWN AND GARDEN,14.0
2017-05-29,1,LAWN AND GARDEN,23.0
2017-05-30,1,LAWN AND GARDEN,28.0
2017-05-31,1,LAWN AND GARDEN,24.0
2017-06-01,1,LAWN AND GARDEN,27.0
2017-06-02,1,LAWN AND GARDEN,32.0
2017-06-03,1,LAWN AND GARDEN,19.0
2017-06-04,1,LAWN AND GARDEN,9.0
2017-06-05,1,LAWN AND GARDEN,6.0
2017-06-06,1,LAWN AND GARDEN,23.0
2017-06-07,1,LAWN AND GARDEN,22.0
2017-06-08,1,LAWN AND GARDEN,16.0
2017-06-09,1,LAWN AND GARDEN,26.0
2017-06-10,1,LAWN AND GARDEN,17.0
2017-06-11,1,LAWN AND GARDEN,5.0
2017-06-12,1,LAWN AND GARDEN,19.0
2017-06-13,1,LAWN AND GARDEN,16.0
2017-06-14,1,LAWN AND GARDEN,28.0
2017-06-15,1,LAWN AND GARDEN,14.0
2017-06-16,1,LAWN AND GARDEN,36.0
2017-06-17,1,LAWN AND GARDEN,11.0
2017-06-18,1,LAWN AND GARDEN,8.0
2017-06-19,1,LAWN AND GARDEN,8.0
2017-06-20,1,LAWN AND GARDEN,25.0
2017-06-21,1,LAWN AND GARDEN,21.0
2017-06-22,1,LAWN AND GARDEN,10.0
2017-06-23,1,LAWN AND GARDEN,35.0
2017-06-24,1,LAWN AND GARDEN,22.0
2017-06-25,1,LAWN AND GARDEN,8.0
2017-06-26,1,LAWN AND GARDEN,22.0
2017-06-27,1,LAWN AND GARDEN,13.0
2017-06-28,1,LAWN AND GARDEN,24.0
2017-06-29,1,LAWN AND GARDEN,18.0
2017-06-30,1,LAWN AND GARDEN,13.0
2017-07-01,1,LAWN AND GARDEN,20.0
2017-07-02,1,LAWN AND GARDEN,12.0
2017-07-03,1,LAWN AND GARDEN,28.0
2017-07-04,1,LAWN AND GARDEN,9.0
2017-07-05,1,LAWN AND GARDEN,35.0
2017-07-06,1,LAWN AND GARDEN,12.0
2017-07-07,1,LAWN AND GARDEN,16.0
2017-07-08,1,LAWN AND GARDEN,14.0
2017-07-09,1,LAWN AND GARDEN,18.0
2017-07-10,1,LAWN AND GARDEN,33.0
2017-07-11,1,LAWN AND GARDEN,26.0
2017-07-12,1,LAWN AND GARDEN,38.0
2017-07-13,1,LAWN AND GARDEN,17.0
2017-07-14,1,LAWN AND GARDEN,30.0
2017-07-15,1,LAWN AND GARDEN,14.0
2017-07-16,1,LAWN AND GARDEN,6.0
2017-07-17,1,LAWN AND GARDEN,6.0
2017-07-18,1,LAWN AND GARDEN,16.0
2017-07-19,1,LAWN AND GARDEN,17.0
2017-07-20,1,LAWN AND GARDEN,17.0
2017-07-21,1,LAWN AND GARDEN,29.0
2017-07-22,1,LAWN AND GARDEN,21.0
2017-07-23,1,LAWN AND GARDEN,12.0
2017-07-24,1,LAWN AND GARDEN,22.0
2017-07-25,1,LAWN AND GARDEN,29.0
2017-07-26,1,LAWN AND GARDEN,30.0
2017-07-27,1,LAWN AND GARDEN,26.0
2017-07-28,1,LAWN AND GARDEN,32.0
2017-07-29,1,LAWN AND GARDEN,6.0
2017-07-30,1,LAWN AND GARDEN,18.0
2017-07-31,1,LAWN AND GARDEN,15.0
2017-08-01,1,LAWN AND GARDEN,22.0
2017-08-02,1,LAWN AND GARDEN,31.0
2017-08-03,1,LAWN AND GARDEN,10.0
2017-08-04,1,LAWN AND GARDEN,17.0
2017-08-05,1,LAWN AND GARDEN,17.0
2017-08-06,1,LAWN AND GARDEN,9.0
2017-08-07,1,LAWN AND GARDEN,10.0
2017-08-08,1,LAWN AND GARDEN,19.0
2017-08-09,1,LAWN AND GARDEN,20.0
2017-08-10,1,LAWN AND GARDEN,22.0
2017-08-11,1,LAWN AND GARDEN,15.0
2017-08-12,1,LAWN AND GARDEN,10.0
2017-08-13,1,LAWN AND GARDEN,8.0
2017-08-14,1,LAWN AND GARDEN,27.0
2017-08-15,1,LAWN AND GARDEN,17.0
2016-01-01,1,LINGERIE,0.0
2016-01-02,1,LINGERIE,2.0
2016-01-03,1,LINGERIE,0.0
2016-01-04,1,LINGERIE,5.0
2016-01-05,1,LINGERIE,7.0
2016-01-06,1,LINGERIE,6.0
2016-01-07,1,LINGERIE,4.0
2016-01-08,1,LINGERIE,0.0
2016-01-09,1,LINGERIE,3.0
2016-01-10,1,LINGERIE,0.0
2016-01-11,1,LINGERIE,1.0
2016-01-12,1,LINGERIE,3.0
2016-01-13,1,LINGERIE,1.0
2016-01-14,1,LINGERIE,2.0
2016-01-15,1,LINGERIE,6.0
2016-01-16,1,LINGERIE,5.0
2016-01-17,1,LINGERIE,0.0
2016-01-18,1,LINGERIE,0.0
2016-01-19,1,LINGERIE,5.0
2016-01-20,1,LINGERIE,3.0
2016-01-21,1,LINGERIE,0.0
2016-01-22,1,LINGERIE,4.0
2016-01-23,1,LINGERIE,5.0
2016-01-24,1,LINGERIE,1.0
2016-01-25,1,LINGERIE,1.0
2016-01-26,1,LINGERIE,2.0
2016-01-27,1,LINGERIE,2.0
2016-01-28,1,LINGERIE,9.0
2016-01-29,1,LINGERIE,4.0
2016-01-30,1,LINGERIE,5.0
2016-01-31,1,LINGERIE,0.0
2016-02-01,1,LINGERIE,6.0
2016-02-02,1,LINGERIE,2.0
2016-02-03,1,LINGERIE,5.0
2016-02-04,1,LINGERIE,4.0
2016-02-05,1,LINGERIE,5.0
2016-02-06,1,LINGERIE,4.0
2016-02-07,1,LINGERIE,2.0
2016-02-08,1,LINGERIE,0.0
2016-02-09,1,LINGERIE,1.0
2016-02-10,1,LINGERIE,10.0
2016-02-11,1,LINGERIE,2.0
2016-02-12,1,LINGERIE,0.0
2016-02-13,1,LINGERIE,7.0
2016-02-14,1,LINGERIE,0.0
2016-02-15,1,LINGERIE,9.0
2016-02-16,1,LINGERIE,3.0
2016-02-17,1,LINGERIE,0.0
2016-02-18,1,LINGERIE,3.0
2016-02-19,1,LINGERIE,4.0
2016-02-20,1,LINGERIE,6.0
2016-02-21,1,LINGERIE,1.0
2016-02-22,1,LINGERIE,6.0
2016-02-23,1,LINGERIE,4.0
2016-02-24,1,LINGERIE,8.0
2016-02-25,1,LINGERIE,4.0
2016-02-26,1,LINGERIE,5.0
2016-02-27,1,LINGERIE,2.0
2016-02-28,1,LINGERIE,2.0
2016-02-29,1,LINGERIE,5.0
2016-03-01,1,LINGERIE,2.0
2016-03-02,1,LINGERIE,2.0
2016-03-03,1,LINGERIE,7.0
2016-03-04,1,LINGERIE,1.0
2016-03-05,1,LINGERIE,6.0
2016-03-06,1,LINGERIE,0.0
2016-03-07,1,LINGERIE,5.0
2016-03-08,1,LINGERIE,0.0
2016-03-09,1,LINGERIE,5.0
2016-03-10,1,LINGERIE,1.0
2016-03-11,1,LINGERIE,3.0
2016-03-12,1,LINGERIE,8.0
2016-03-13,1,LINGERIE,1.0
2016-03-14,1,LINGERIE,3.0
2016-03-15,1,LINGERIE,6.0
2016-03-16,1,LINGERIE,8.0
2016-03-17,1,LINGERIE,5.0
2016-03-18,1,LINGERIE,3.0
2016-03-19,1,LINGERIE,8.0
2016-03-20,1,LINGERIE,0.0
2016-03-21,1,LINGERIE,4.0
2016-03-22,1,LINGERIE,2.0
2016-03-23,1,LINGERIE,7.0
2016-03-24,1,LINGERIE,2.0
2016-03-25,1,LINGERIE,1.0
2016-03-26,1,LINGERIE,1.0
2016-03-27,1,LINGERIE,6.0
2016-03-28,1,LINGERIE,0.0
2016-03-29,1,LINGERIE,1.0
2016-03-30,1,LINGERIE,1.0
2016-03-31,1,LINGERIE,3.0
2016-04-01,1,LINGERIE,13.0
2016-04-02,1,LINGERIE,4.0
2016-04-03,1,LINGERIE,1.0
2016-04-04,1,LINGERIE,2.0
2016-04-05,1,LINGERIE,1.0
2016-04-06,1,LINGERIE,7.0
2016-04-07,1,LINGERIE,2.0
2016-04-08,1,LINGERIE,3.0
2016-04-09,1,LINGERIE,1.0
2016-04-10,1,LINGERIE,0.0
2016-04-11,1,LINGERIE,2.0
2016-04-12,1,LINGERIE,3.0
2016-04-13,1,LINGERIE,1.0
2016-04-14,1,LINGERIE,2.0
2016-04-15,1,LINGERIE,3.0
2016-04-16,1,LINGERIE,8.0
2016-04-17,1,LINGERIE,0.0
2016-04-18,1,LINGERIE,2.0
2016-04-19,1,LINGERIE,6.0
2016-04-20,1,LINGERIE,1.0
2016-04-21,1,LINGERIE,0.0
2016-04-22,1,LINGERIE,3.0
2016-04-23,1,LINGERIE,0.0
2016-04-24,1,LINGERIE,3.0
2016-04-25,1,LINGERIE,1.0
2016-04-26,1,LINGERIE,5.0
2016-04-27,1,LINGERIE,6.0
2016-04-28,1,LINGERIE,6.0
2016-04-29,1,LINGERIE,9.0
2016-04-30,1,LINGERIE,6.0
2016-05-01,1,LINGERIE,6.0
2016-05-02,1,LINGERIE,8.0
2016-05-03,1,LINGERIE,4.0
2016-05-04,1,LINGERIE,6.0
2016-05-05,1,LINGERIE,8.0
2016-05-06,1,LINGERIE,9.0
2016-05-07,1,LINGERIE,7.0
2016-05-08,1,LINGERIE,2.0
2016-05-09,1,LINGERIE,6.0
2016-05-10,1,LINGERIE,7.0
2016-05-11,1,LINGERIE,6.0
2016-05-12,1,LINGERIE,11.0
2016-05-13,1,LINGERIE,4.0
2016-05-14,1,LINGERIE,2.0
2016-05-15,1,LINGERIE,0.0
2016-05-16,1,LINGERIE,6.0
2016-05-17,1,LINGERIE,2.0
2016-05-18,1,LINGERIE,6.0
2016-05-19,1,LINGERIE,9.0
2016-05-20,1,LINGERIE,5.0
2016-05-21,1,LINGERIE,3.0
2016-05-22,1,LINGERIE,0.0
2016-05-23,1,LINGERIE,0.0
2016-05-24,1,LINGERIE,3.0
2016-05-25,1,LINGERIE,11.0
2016-05-26,1,LINGERIE,6.0
2016-05-27,1,LINGERIE,3.0
2016-05-28,1,LINGERIE,1.0
2016-05-29,1,LINGERIE,1.0
2016-05-30,1,LINGERIE,0.0
2016-05-31,1,LINGERIE,1.0
2016-06-01,1,LINGERIE,2.0
2016-06-02,1,LINGERIE,4.0
2016-06-03,1,LINGERIE,2.0
2016-06-04,1,LINGERIE,5.0
2016-06-05,1,LINGERIE,2.0
2016-06-06,1,LINGERIE,1.0
2016-06-07,1,LINGERIE,1.0
2016-06-08,1,LINGERIE,9.0
2016-06-09,1,LINGERIE,1.0
2016-06-10,1,LINGERIE,4.0
2016-06-11,1,LINGERIE,2.0
2016-06-12,1,LINGERIE,0.0
2016-06-13,1,LINGERIE,2.0
2016-06-14,1,LINGERIE,1.0
2016-06-15,1,LINGERIE,9.0
2016-06-16,1,LINGERIE,2.0
2016-06-17,1,LINGERIE,4.0
2016-06-18,1,LINGERIE,2.0
2016-06-19,1,LINGERIE,4.0
2016-06-20,1,LINGERIE,6.0
2016-06-21,1,LINGERIE,3.0
2016-06-22,1,LINGERIE,2.0
2016-06-23,1,LINGERIE,6.0
2016-06-24,1,LINGERIE,5.0
2016-06-25,1,LINGERIE,6.0
2016-06-26,1,LINGERIE,2.0
2016-06-27,1,LINGERIE,8.0
2016-06-28,1,LINGERIE,4.0
2016-06-29,1,LINGERIE,6.0
2016-06-30,1,LINGERIE,2.0
2016-07-01,1,LINGERIE,7.0
2016-07-02,1,LINGERIE,4.0
2016-07-03,1,LINGERIE,0.0
2016-07-04,1,LINGERIE,2.0
2016-07-05,1,LINGERIE,4.0
2016-07-06,1,LINGERIE,2.0
2016-07-07,1,LINGERIE,6.0
2016-07-08,1,LINGERIE,0.0
2016-07-09,1,LINGERIE,6.0
2016-07-10,1,LINGERIE,1.0
2016-07-11,1,LINGERIE,1.0
2016-07-12,1,LINGERIE,6.0
2016-07-13,1,LINGERIE,7.0
2016-07-14,1,LINGERIE,1.0
2016-07-15,1,LINGERIE,4.0
2016-07-16,1,LINGERIE,14.0
2016-07-17,1,LINGERIE,1.0
2016-07-18,1,LINGERIE,0.0
2016-07-19,1,LINGERIE,1.0
2016-07-20,1,LINGERIE,4.0
2016-07-21,1,LINGERIE,2.0
2016-07-22,1,LINGERIE,4.0
2016-07-23,1,LINGERIE,3.0
2016-07-24,1,LINGERIE,0.0
2016-07-25,1,LINGERIE,4.0
2016-07-26,1,LINGERIE,8.0
2016-07-27,1,LINGERIE,2.0
2016-07-28,1,LINGERIE,3.0
2016-07-29,1,LINGERIE,2.0
2016-07-30,1,LINGERIE,3.0
2016-07-31,1,LINGERIE,1.0
2016-08-01,1,LINGERIE,4.0
2016-08-02,1,LINGERIE,0.0
2016-08-03,1,LINGERIE,1.0
2016-08-04,1,LINGERIE,4.0
2016-08-05,1,LINGERIE,0.0
2016-08-06,1,LINGERIE,5.0
2016-08-07,1,LINGERIE,0.0
2016-08-08,1,LINGERIE,0.0
2016-08-09,1,LINGERIE,2.0
2016-08-10,1,LINGERIE,2.0
2016-08-11,1,LINGERIE,1.0
2016-08-12,1,LINGERIE,4.0
2016-08-13,1,LINGERIE,0.0
2016-08-14,1,LINGERIE,1.0
2016-08-15,1,LINGERIE,1.0
2016-08-16,1,LINGERIE,0.0
2016-08-17,1,LINGERIE,1.0
2016-08-18,1,LINGERIE,3.0
2016-08-19,1,LINGERIE,0.0
2016-08-20,1,LINGERIE,2.0
2016-08-21,1,LINGERIE,2.0
2016-08-22,1,LINGERIE,0.0
2016-08-23,1,LINGERIE,3.0
2016-08-24,1,LINGERIE,2.0
2016-08-25,1,LINGERIE,0.0
2016-08-26,1,LINGERIE,2.0
2016-08-27,1,LINGERIE,0.0
2016-08-28,1,LINGERIE,1.0
2016-08-29,1,LINGERIE,0.0
2016-08-30,1,LINGERIE,1.0
2016-08-31,1,LINGERIE,5.0
2016-09-01,1,LINGERIE,0.0
2016-09-02,1,LINGERIE,6.0
2016-09-03,1,LINGERIE,2.0
2016-09-04,1,LINGERIE,0.0
2016-09-05,1,LINGERIE,4.0
2016-09-06,1,LINGERIE,0.0
2016-09-07,1,LINGERIE,3.0
2016-09-08,1,LINGERIE,1.0
2016-09-09,1,LINGERIE,2.0
2016-09-10,1,LINGERIE,6.0
2016-09-11,1,LINGERIE,1.0
2016-09-12,1,LINGERIE,0.0
2016-09-13,1,LINGERIE,1.0
2016-09-14,1,LINGERIE,12.0
2016-09-15,1,LINGERIE,10.0
2016-09-16,1,LINGERIE,6.0
2016-09-17,1,LINGERIE,3.0
2016-09-18,1,LINGERIE,0.0
2016-09-19,1,LINGERIE,2.0
2016-09-20,1,LINGERIE,4.0
2016-09-21,1,LINGERIE,4.0
2016-09-22,1,LINGERIE,2.0
2016-09-23,1,LINGERIE,2.0
2016-09-24,1,LINGERIE,4.0
2016-09-25,1,LINGERIE,1.0
2016-09-26,1,LINGERIE,3.0
2016-09-27,1,LINGERIE,3.0
2016-09-28,1,LINGERIE,11.0
2016-09-29,1,LINGERIE,1.0
2016-09-30,1,LINGERIE,6.0
2016-10-01,1,LINGERIE,0.0
2016-10-02,1,LINGERIE,4.0
2016-10-03,1,LINGERIE,2.0
2016-10-04,1,LINGERIE,3.0
2016-10-05,1,LINGERIE,5.0
2016-10-06,1,LINGERIE,4.0
2016-10-07,1,LINGERIE,8.0
2016-10-08,1,LINGERIE,1.0
2016-10-09,1,LINGERIE,1.0
2016-10-10,1,LINGERIE,4.0
2016-10-11,1,LINGERIE,8.0
2016-10-12,1,LINGERIE,0.0
2016-10-13,1,LINGERIE,6.0
2016-10-14,1,LINGERIE,12.0
2016-10-15,1,LINGERIE,0.0
2016-10-16,1,LINGERIE,4.0
2016-10-17,1,LINGERIE,6.0
2016-10-18,1,LINGERIE,14.0
2016-10-19,1,LINGERIE,0.0
2016-10-20,1,LINGERIE,2.0
2016-10-21,1,LINGERIE,1.0
2016-10-22,1,LINGERIE,8.0
2016-10-23,1,LINGERIE,2.0
2016-10-24,1,LINGERIE,3.0
2016-10-25,1,LINGERIE,2.0
2016-10-26,1,LINGERIE,20.0
2016-10-27,1,LINGERIE,5.0
2016-10-28,1,LINGERIE,1.0
2016-10-29,1,LINGERIE,3.0
2016-10-30,1,LINGERIE,0.0
2016-10-31,1,LINGERIE,0.0
2016-11-01,1,LINGERIE,2.0
2016-11-02,1,LINGERIE,5.0
2016-11-03,1,LINGERIE,1.0
2016-11-04,1,LINGERIE,1.0
2016-11-05,1,LINGERIE,2.0
2016-11-06,1,LINGERIE,2.0
2016-11-07,1,LINGERIE,4.0
2016-11-08,1,LINGERIE,10.0
2016-11-09,1,LINGERIE,6.0
2016-11-10,1,LINGERIE,2.0
2016-11-11,1,LINGERIE,1.0
2016-11-12,1,LINGERIE,4.0
2016-11-13,1,LINGERIE,0.0
2016-11-14,1,LINGERIE,8.0
2016-11-15,1,LINGERIE,4.0
2016-11-16,1,LINGERIE,9.0
2016-11-17,1,LINGERIE,3.0
2016-11-18,1,LINGERIE,1.0
2016-11-19,1,LINGERIE,1.0
2016-11-20,1,LINGERIE,0.0
2016-11-21,1,LINGERIE,4.0
2016-11-22,1,LINGERIE,4.0
2016-11-23,1,LINGERIE,4.0
2016-11-24,1,LINGERIE,7.0
2016-11-25,1,LINGERIE,9.0
2016-11-26,1,LINGERIE,8.0
2016-11-27,1,LINGERIE,2.0
2016-11-28,1,LINGERIE,7.0
2016-11-29,1,LINGERIE,8.0
2016-11-30,1,LINGERIE,2.0
2016-12-01,1,LINGERIE,2.0
2016-12-02,1,LINGERIE,9.0
2016-12-03,1,LINGERIE,3.0
2016-12-04,1,LINGERIE,2.0
2016-12-05,1,LINGERIE,2.0
2016-12-06,1,LINGERIE,1.0
2016-12-07,1,LINGERIE,4.0
2016-12-08,1,LINGERIE,5.0
2016-12-09,1,LINGERIE,4.0
2016-12-10,1,LINGERIE,6.0
2016-12-11,1,LINGERIE,3.0
2016-12-12,1,LINGERIE,0.0
2016-12-13,1,LINGERIE,9.0
2016-12-14,1,LINGERIE,11.0
2016-12-15,1,LINGERIE,3.0
2016-12-16,1,LINGERIE,3.0
2016-12-17,1,LINGERIE,3.0
2016-12-18,1,LINGERIE,4.0
2016-12-19,1,LINGERIE,4.0
2016-12-20,1,LINGERIE,4.0
2016-12-21,1,LINGERIE,9.0
2016-12-22,1,LINGERIE,3.0
2016-12-23,1,LINGERIE,6.0
2016-12-24,1,LINGERIE,7.0
2016-12-26,1,LINGERIE,0.0
2016-12-27,1,LINGERIE,4.0
2016-12-28,1,LINGERIE,7.0
2016-12-29,1,LINGERIE,6.0
2016-12-30,1,LINGERIE,5.0
2016-12-31,1,LINGERIE,3.0
2017-01-01,1,LINGERIE,0.0
2017-01-02,1,LINGERIE,4.0
2017-01-03,1,LINGERIE,13.0
2017-01-04,1,LINGERIE,7.0
2017-01-05,1,LINGERIE,5.0
2017-01-06,1,LINGERIE,17.0
2017-01-07,1,LINGERIE,6.0
2017-01-08,1,LINGERIE,0.0
2017-01-09,1,LINGERIE,1.0
2017-01-10,1,LINGERIE,2.0
2017-01-11,1,LINGERIE,1.0
2017-01-12,1,LINGERIE,16.0
2017-01-13,1,LINGERIE,1.0
2017-01-14,1,LINGERIE,3.0
2017-01-15,1,LINGERIE,0.0
2017-01-16,1,LINGERIE,9.0
2017-01-17,1,LINGERIE,3.0
2017-01-18,1,LINGERIE,15.0
2017-01-19,1,LINGERIE,0.0
2017-01-20,1,LINGERIE,1.0
2017-01-21,1,LINGERIE,1.0
2017-01-22,1,LINGERIE,0.0
2017-01-23,1,LINGERIE,2.0
2017-01-24,1,LINGERIE,8.0
2017-01-25,1,LINGERIE,3.0
2017-01-26,1,LINGERIE,4.0
2017-01-27,1,LINGERIE,5.0
2017-01-28,1,LINGERIE,7.0
2017-01-29,1,LINGERIE,2.0
2017-01-30,1,LINGERIE,5.0
2017-01-31,1,LINGERIE,5.0
2017-02-01,1,LINGERIE,4.0
2017-02-02,1,LINGERIE,2.0
2017-02-03,1,LINGERIE,5.0
2017-02-04,1,LINGERIE,9.0
2017-02-05,1,LINGERIE,0.0
2017-02-06,1,LINGERIE,4.0
2017-02-07,1,LINGERIE,19.0
2017-02-08,1,LINGERIE,4.0
2017-02-09,1,LINGERIE,3.0
2017-02-10,1,LINGERIE,2.0
2017-02-11,1,LINGERIE,2.0
2017-02-12,1,LINGERIE,3.0
2017-02-13,1,LINGERIE,4.0
2017-02-14,1,LINGERIE,5.0
2017-02-15,1,LINGERIE,11.0
2017-02-16,1,LINGERIE,25.0
2017-02-17,1,LINGERIE,2.0
2017-02-18,1,LINGERIE,7.0
2017-02-19,1,LINGERIE,3.0
2017-02-20,1,LINGERIE,5.0
2017-02-21,1,LINGERIE,0.0
2017-02-22,1,LINGERIE,7.0
2017-02-23,1,LINGERIE,5.0
2017-02-24,1,LINGERIE,10.0
2017-02-25,1,LINGERIE,7.0
2017-02-26,1,LINGERIE,2.0
2017-02-27,1,LINGERIE,2.0
2017-02-28,1,LINGERIE,3.0
2017-03-01,1,LINGERIE,10.0
2017-03-02,1,LINGERIE,5.0
2017-03-03,1,LINGERIE,14.0
2017-03-04,1,LINGERIE,14.0
2017-03-05,1,LINGERIE,1.0
2017-03-06,1,LINGERIE,0.0
2017-03-07,1,LINGERIE,16.0
2017-03-08,1,LINGERIE,4.0
2017-03-09,1,LINGERIE,12.0
2017-03-10,1,LINGERIE,6.0
2017-03-11,1,LINGERIE,7.0
2017-03-12,1,LINGERIE,7.0
2017-03-13,1,LINGERIE,9.0
2017-03-14,1,LINGERIE,8.0
2017-03-15,1,LINGERIE,6.0
2017-03-16,1,LINGERIE,14.0
2017-03-17,1,LINGERIE,9.0
2017-03-18,1,LINGERIE,9.0
2017-03-19,1,LINGERIE,1.0
2017-03-20,1,LINGERIE,10.0
2017-03-21,1,LINGERIE,12.0
2017-03-22,1,LINGERIE,5.0
2017-03-23,1,LINGERIE,4.0
2017-03-24,1,LINGERIE,7.0
2017-03-25,1,LINGERIE,7.0
2017-03-26,1,LINGERIE,3.0
2017-03-27,1,LINGERIE,20.0
2017-03-28,1,LINGERIE,13.0
2017-03-29,1,LINGERIE,6.0
2017-03-30,1,LINGERIE,14.0
2017-03-31,1,LINGERIE,18.0
2017-04-01,1,LINGERIE,5.0
2017-04-02,1,LINGERIE,0.0
2017-04-03,1,LINGERIE,10.0
2017-04-04,1,LINGERIE,11.0
2017-04-05,1,LINGERIE,15.0
2017-04-06,1,LINGERIE,8.0
2017-04-07,1,LINGERIE,6.0
2017-04-08,1,LINGERIE,7.0
2017-04-09,1,LINGERIE,3.0
2017-04-10,1,LINGERIE,16.0
2017-04-11,1,LINGERIE,12.0
2017-04-12,1,LINGERIE,11.0
2017-04-13,1,LINGERIE,6.0
2017-04-14,1,LINGERIE,4.0
2017-04-15,1,LINGERIE,7.0
2017-04-16,1,LINGERIE,2.0
2017-04-17,1,LINGERIE,10.0
2017-04-18,1,LINGERIE,3.0
2017-04-19,1,LINGERIE,16.0
2017-04-20,1,LINGERIE,14.0
2017-04-21,1,LINGERIE,6.0
2017-04-22,1,LINGERIE,22.0
2017-04-23,1,LINGERIE,5.0
2017-04-24,1,LINGERIE,21.0
2017-04-25,1,LINGERIE,4.0
2017-04-26,1,LINGERIE,4.0
2017-04-27,1,LINGERIE,7.0
2017-04-28,1,LINGERIE,11.0
2017-04-29,1,LINGERIE,8.0
2017-04-30,1,LINGERIE,2.0
2017-05-01,1,LINGERIE,5.0
2017-05-02,1,LINGERIE,10.0
2017-05-03,1,LINGERIE,17.0
2017-05-04,1,LINGERIE,8.0
2017-05-05,1,LINGERIE,9.0
2017-05-06,1,LINGERIE,14.0
2017-05-07,1,LINGERIE,6.0
2017-05-08,1,LINGERIE,9.0
2017-05-09,1,LINGERIE,21.0
2017-05-10,1,LINGERIE,19.0
2017-05-11,1,LINGERIE,7.0
2017-05-12,1,LINGERIE,3.0
2017-05-13,1,LINGERIE,18.0
2017-05-14,1,LINGERIE,2.0
2017-05-15,1,LINGERIE,10.0
2017-05-16,1,LINGERIE,24.0
2017-05-17,1,LINGERIE,21.0
2017-05-18,1,LINGERIE,6.0
2017-05-19,1,LINGERIE,12.0
2017-05-20,1,LINGERIE,8.0
2017-05-21,1,LINGERIE,1.0
2017-05-22,1,LINGERIE,1.0
2017-05-23,1,LINGERIE,21.0
2017-05-24,1,LINGERIE,6.0
2017-05-25,1,LINGERIE,1.0
2017-05-26,1,LINGERIE,4.0
2017-05-27,1,LINGERIE,4.0
2017-05-28,1,LINGERIE,2.0
2017-05-29,1,LINGERIE,8.0
2017-05-30,1,LINGERIE,14.0
2017-05-31,1,LINGERIE,11.0
2017-06-01,1,LINGERIE,5.0
2017-06-02,1,LINGERIE,11.0
2017-06-03,1,LINGERIE,6.0
2017-06-04,1,LINGERIE,6.0
2017-06-05,1,LINGERIE,3.0
2017-06-06,1,LINGERIE,12.0
2017-06-07,1,LINGERIE,7.0
2017-06-08,1,LINGERIE,4.0
2017-06-09,1,LINGERIE,18.0
2017-06-10,1,LINGERIE,6.0
2017-06-11,1,LINGERIE,1.0
2017-06-12,1,LINGERIE,3.0
2017-06-13,1,LINGERIE,15.0
2017-06-14,1,LINGERIE,4.0
2017-06-15,1,LINGERIE,7.0
2017-06-16,1,LINGERIE,6.0
2017-06-17,1,LINGERIE,6.0
2017-06-18,1,LINGERIE,2.0
2017-06-19,1,LINGERIE,15.0
2017-06-20,1,LINGERIE,12.0
2017-06-21,1,LINGERIE,15.0
2017-06-22,1,LINGERIE,5.0
2017-06-23,1,LINGERIE,3.0
2017-06-24,1,LINGERIE,2.0
2017-06-25,1,LINGERIE,1.0
2017-06-26,1,LINGERIE,9.0
2017-06-27,1,LINGERIE,11.0
2017-06-28,1,LINGERIE,9.0
2017-06-29,1,LINGERIE,19.0
2017-06-30,1,LINGERIE,21.0
2017-07-01,1,LINGERIE,14.0
2017-07-02,1,LINGERIE,1.0
2017-07-03,1,LINGERIE,18.0
2017-07-04,1,LINGERIE,20.0
2017-07-05,1,LINGERIE,14.0
2017-07-06,1,LINGERIE,3.0
2017-07-07,1,LINGERIE,8.0
2017-07-08,1,LINGERIE,6.0
2017-07-09,1,LINGERIE,4.0
2017-07-10,1,LINGERIE,7.0
2017-07-11,1,LINGERIE,2.0
2017-07-12,1,LINGERIE,12.0
2017-07-13,1,LINGERIE,4.0
2017-07-14,1,LINGERIE,10.0
2017-07-15,1,LINGERIE,10.0
2017-07-16,1,LINGERIE,0.0
2017-07-17,1,LINGERIE,6.0
2017-07-18,1,LINGERIE,6.0
2017-07-19,1,LINGERIE,3.0
2017-07-20,1,LINGERIE,2.0
2017-07-21,1,LINGERIE,2.0
2017-07-22,1,LINGERIE,4.0
2017-07-23,1,LINGERIE,1.0
2017-07-24,1,LINGERIE,7.0
2017-07-25,1,LINGERIE,7.0
2017-07-26,1,LINGERIE,8.0
2017-07-27,1,LINGERIE,4.0
2017-07-28,1,LINGERIE,5.0
2017-07-29,1,LINGERIE,0.0
2017-07-30,1,LINGERIE,0.0
2017-07-31,1,LINGERIE,4.0
2017-08-01,1,LINGERIE,21.0
2017-08-02,1,LINGERIE,10.0
2017-08-03,1,LINGERIE,2.0
2017-08-04,1,LINGERIE,13.0
2017-08-05,1,LINGERIE,2.0
2017-08-06,1,LINGERIE,16.0
2017-08-07,1,LINGERIE,5.0
2017-08-08,1,LINGERIE,16.0
2017-08-09,1,LINGERIE,0.0
2017-08-10,1,LINGERIE,8.0
2017-08-11,1,LINGERIE,1.0
2017-08-12,1,LINGERIE,8.0
2017-08-13,1,LINGERIE,3.0
2017-08-14,1,LINGERIE,21.0
2017-08-15,1,LINGERIE,4.0
2016-01-01,1,"LIQUOR,WINE,BEER",0.0
2016-01-02,1,"LIQUOR,WINE,BEER",89.0
2016-01-03,1,"LIQUOR,WINE,BEER",0.0
2016-01-04,1,"LIQUOR,WINE,BEER",109.0
2016-01-05,1,"LIQUOR,WINE,BEER",115.0
2016-01-06,1,"LIQUOR,WINE,BEER",79.0
2016-01-07,1,"LIQUOR,WINE,BEER",141.0
2016-01-08,1,"LIQUOR,WINE,BEER",172.0
2016-01-09,1,"LIQUOR,WINE,BEER",147.0
2016-01-10,1,"LIQUOR,WINE,BEER",0.0
2016-01-11,1,"LIQUOR,WINE,BEER",125.0
2016-01-12,1,"LIQUOR,WINE,BEER",100.0
2016-01-13,1,"LIQUOR,WINE,BEER",111.0
2016-01-14,1,"LIQUOR,WINE,BEER",91.0
2016-01-15,1,"LIQUOR,WINE,BEER",191.0
2016-01-16,1,"LIQUOR,WINE,BEER",151.0
2016-01-17,1,"LIQUOR,WINE,BEER",0.0
2016-01-18,1,"LIQUOR,WINE,BEER",97.0
2016-01-19,1,"LIQUOR,WINE,BEER",74.0
2016-01-20,1,"LIQUOR,WINE,BEER",120.0
2016-01-21,1,"LIQUOR,WINE,BEER",109.0
2016-01-22,1,"LIQUOR,WINE,BEER",177.0
2016-01-23,1,"LIQUOR,WINE,BEER",231.0
2016-01-24,1,"LIQUOR,WINE,BEER",0.0
2016-01-25,1,"LIQUOR,WINE,BEER",76.0
2016-01-26,1,"LIQUOR,WINE,BEER",87.0
2016-01-27,1,"LIQUOR,WINE,BEER",88.0
2016-01-28,1,"LIQUOR,WINE,BEER",78.0
2016-01-29,1,"LIQUOR,WINE,BEER",136.0
2016-01-30,1,"LIQUOR,WINE,BEER",211.0
2016-01-31,1,"LIQUOR,WINE,BEER",0.0
2016-02-01,1,"LIQUOR,WINE,BEER",56.0
2016-02-02,1,"LIQUOR,WINE,BEER",86.0
2016-02-03,1,"LIQUOR,WINE,BEER",96.0
2016-02-04,1,"LIQUOR,WINE,BEER",139.0
2016-02-05,1,"LIQUOR,WINE,BEER",216.0
2016-02-06,1,"LIQUOR,WINE,BEER",201.0
2016-02-07,1,"LIQUOR,WINE,BEER",37.0
2016-02-08,1,"LIQUOR,WINE,BEER",53.0
2016-02-09,1,"LIQUOR,WINE,BEER",0.0
2016-02-10,1,"LIQUOR,WINE,BEER",115.0
2016-02-11,1,"LIQUOR,WINE,BEER",105.0
2016-02-12,1,"LIQUOR,WINE,BEER",174.0
2016-02-13,1,"LIQUOR,WINE,BEER",199.0
2016-02-14,1,"LIQUOR,WINE,BEER",0.0
2016-02-15,1,"LIQUOR,WINE,BEER",77.0
2016-02-16,1,"LIQUOR,WINE,BEER",103.0
2016-02-17,1,"LIQUOR,WINE,BEER",113.0
2016-02-18,1,"LIQUOR,WINE,BEER",97.0
2016-02-19,1,"LIQUOR,WINE,BEER",138.0
2016-02-20,1,"LIQUOR,WINE,BEER",180.0
2016-02-21,1,"LIQUOR,WINE,BEER",0.0
2016-02-22,1,"LIQUOR,WINE,BEER",57.0
2016-02-23,1,"LIQUOR,WINE,BEER",108.0
2016-02-24,1,"LIQUOR,WINE,BEER",75.0
2016-02-25,1,"LIQUOR,WINE,BEER",98.0
2016-02-26,1,"LIQUOR,WINE,BEER",195.0
2016-02-27,1,"LIQUOR,WINE,BEER",171.0
2016-02-28,1,"LIQUOR,WINE,BEER",0.0
2016-02-29,1,"LIQUOR,WINE,BEER",68.0
2016-03-01,1,"LIQUOR,WINE,BEER",79.0
2016-03-02,1,"LIQUOR,WINE,BEER",113.0
2016-03-03,1,"LIQUOR,WINE,BEER",132.0
2016-03-04,1,"LIQUOR,WINE,BEER",173.0
2016-03-05,1,"LIQUOR,WINE,BEER",195.0
2016-03-06,1,"LIQUOR,WINE,BEER",0.0
2016-03-07,1,"LIQUOR,WINE,BEER",65.0
2016-03-08,1,"LIQUOR,WINE,BEER",87.0
2016-03-09,1,"LIQUOR,WINE,BEER",109.0
2016-03-10,1,"LIQUOR,WINE,BEER",92.0
2016-03-11,1,"LIQUOR,WINE,BEER",138.0
2016-03-12,1,"LIQUOR,WINE,BEER",178.0
2016-03-13,1,"LIQUOR,WINE,BEER",0.0
2016-03-14,1,"LIQUOR,WINE,BEER",105.0
2016-03-15,1,"LIQUOR,WINE,BEER",71.0
2016-03-16,1,"LIQUOR,WINE,BEER",89.0
2016-03-17,1,"LIQUOR,WINE,BEER",116.0
2016-03-18,1,"LIQUOR,WINE,BEER",168.0
2016-03-19,1,"LIQUOR,WINE,BEER",182.0
2016-03-20,1,"LIQUOR,WINE,BEER",0.0
2016-03-21,1,"LIQUOR,WINE,BEER",71.0
2016-03-22,1,"LIQUOR,WINE,BEER",120.0
2016-03-23,1,"LIQUOR,WINE,BEER",118.0
2016-03-24,1,"LIQUOR,WINE,BEER",313.0
2016-03-25,1,"LIQUOR,WINE,BEER",65.0
2016-03-26,1,"LIQUOR,WINE,BEER",129.0
2016-03-27,1,"LIQUOR,WINE,BEER",0.0
2016-03-28,1,"LIQUOR,WINE,BEER",52.0
2016-03-29,1,"LIQUOR,WINE,BEER",136.0
2016-03-30,1,"LIQUOR,WINE,BEER",77.0
2016-03-31,1,"LIQUOR,WINE,BEER",80.0
2016-04-01,1,"LIQUOR,WINE,BEER",171.0
2016-04-02,1,"LIQUOR,WINE,BEER",212.0
2016-04-03,1,"LIQUOR,WINE,BEER",0.0
2016-04-04,1,"LIQUOR,WINE,BEER",56.0
2016-04-05,1,"LIQUOR,WINE,BEER",95.0
2016-04-06,1,"LIQUOR,WINE,BEER",93.0
2016-04-07,1,"LIQUOR,WINE,BEER",98.0
2016-04-08,1,"LIQUOR,WINE,BEER",163.0
2016-04-09,1,"LIQUOR,WINE,BEER",154.0
2016-04-10,1,"LIQUOR,WINE,BEER",0.0
2016-04-11,1,"LIQUOR,WINE,BEER",50.0
2016-04-12,1,"LIQUOR,WINE,BEER",56.0
2016-04-13,1,"LIQUOR,WINE,BEER",68.0
2016-04-14,1,"LIQUOR,WINE,BEER",116.0
2016-04-15,1,"LIQUOR,WINE,BEER",170.0
2016-04-16,1,"LIQUOR,WINE,BEER",192.0
2016-04-17,1,"LIQUOR,WINE,BEER",0.0
2016-04-18,1,"LIQUOR,WINE,BEER",80.0
2016-04-19,1,"LIQUOR,WINE,BEER",61.0
2016-04-20,1,"LIQUOR,WINE,BEER",130.0
2016-04-21,1,"LIQUOR,WINE,BEER",97.0
2016-04-22,1,"LIQUOR,WINE,BEER",217.0
2016-04-23,1,"LIQUOR,WINE,BEER",142.0
2016-04-24,1,"LIQUOR,WINE,BEER",0.0
2016-04-25,1,"LIQUOR,WINE,BEER",80.0
2016-04-26,1,"LIQUOR,WINE,BEER",91.0
2016-04-27,1,"LIQUOR,WINE,BEER",107.0
2016-04-28,1,"LIQUOR,WINE,BEER",96.0
2016-04-29,1,"LIQUOR,WINE,BEER",178.0
2016-04-30,1,"LIQUOR,WINE,BEER",202.0
2016-05-01,1,"LIQUOR,WINE,BEER",0.0
2016-05-02,1,"LIQUOR,WINE,BEER",89.0
2016-05-03,1,"LIQUOR,WINE,BEER",86.0
2016-05-04,1,"LIQUOR,WINE,BEER",130.0
2016-05-05,1,"LIQUOR,WINE,BEER",121.0
2016-05-06,1,"LIQUOR,WINE,BEER",201.0
2016-05-07,1,"LIQUOR,WINE,BEER",192.0
2016-05-08,1,"LIQUOR,WINE,BEER",0.0
2016-05-09,1,"LIQUOR,WINE,BEER",74.0
2016-05-10,1,"LIQUOR,WINE,BEER",92.0
2016-05-11,1,"LIQUOR,WINE,BEER",105.0
2016-05-12,1,"LIQUOR,WINE,BEER",105.0
2016-05-13,1,"LIQUOR,WINE,BEER",146.0
2016-05-14,1,"LIQUOR,WINE,BEER",136.0
2016-05-15,1,"LIQUOR,WINE,BEER",43.0
2016-05-16,1,"LIQUOR,WINE,BEER",80.0
2016-05-17,1,"LIQUOR,WINE,BEER",93.0
2016-05-18,1,"LIQUOR,WINE,BEER",96.0
2016-05-19,1,"LIQUOR,WINE,BEER",138.0
2016-05-20,1,"LIQUOR,WINE,BEER",326.0
2016-05-21,1,"LIQUOR,WINE,BEER",118.0
2016-05-22,1,"LIQUOR,WINE,BEER",20.0
2016-05-23,1,"LIQUOR,WINE,BEER",36.0
2016-05-24,1,"LIQUOR,WINE,BEER",47.0
2016-05-25,1,"LIQUOR,WINE,BEER",63.0
2016-05-26,1,"LIQUOR,WINE,BEER",120.0
2016-05-27,1,"LIQUOR,WINE,BEER",52.0
2016-05-28,1,"LIQUOR,WINE,BEER",76.0
2016-05-29,1,"LIQUOR,WINE,BEER",5.0
2016-05-30,1,"LIQUOR,WINE,BEER",36.0
2016-05-31,1,"LIQUOR,WINE,BEER",66.0
2016-06-01,1,"LIQUOR,WINE,BEER",71.0
2016-06-02,1,"LIQUOR,WINE,BEER",53.0
2016-06-03,1,"LIQUOR,WINE,BEER",141.0
2016-06-04,1,"LIQUOR,WINE,BEER",112.0
2016-06-05,1,"LIQUOR,WINE,BEER",13.0
2016-06-06,1,"LIQUOR,WINE,BEER",48.0
2016-06-07,1,"LIQUOR,WINE,BEER",55.0
2016-06-08,1,"LIQUOR,WINE,BEER",72.0
2016-06-09,1,"LIQUOR,WINE,BEER",58.0
2016-06-10,1,"LIQUOR,WINE,BEER",90.0
2016-06-11,1,"LIQUOR,WINE,BEER",87.0
2016-06-12,1,"LIQUOR,WINE,BEER",22.0
2016-06-13,1,"LIQUOR,WINE,BEER",44.0
2016-06-14,1,"LIQUOR,WINE,BEER",96.0
2016-06-15,1,"LIQUOR,WINE,BEER",111.0
2016-06-16,1,"LIQUOR,WINE,BEER",184.0
2016-06-17,1,"LIQUOR,WINE,BEER",190.0
2016-06-18,1,"LIQUOR,WINE,BEER",249.0
2016-06-19,1,"LIQUOR,WINE,BEER",63.0
2016-06-20,1,"LIQUOR,WINE,BEER",85.0
2016-06-21,1,"LIQUOR,WINE,BEER",78.0
2016-06-22,1,"LIQUOR,WINE,BEER",98.0
2016-06-23,1,"LIQUOR,WINE,BEER",87.0
2016-06-24,1,"LIQUOR,WINE,BEER",173.0
2016-06-25,1,"LIQUOR,WINE,BEER",158.0
2016-06-26,1,"LIQUOR,WINE,BEER",32.0
2016-06-27,1,"LIQUOR,WINE,BEER",80.0
2016-06-28,1,"LIQUOR,WINE,BEER",97.0
2016-06-29,1,"LIQUOR,WINE,BEER",90.0
2016-06-30,1,"LIQUOR,WINE,BEER",80.0
2016-07-01,1,"LIQUOR,WINE,BEER",186.0
2016-07-02,1,"LIQUOR,WINE,BEER",164.0
2016-07-03,1,"LIQUOR,WINE,BEER",42.0
2016-07-04,1,"LIQUOR,WINE,BEER",65.0
2016-07-05,1,"LIQUOR,WINE,BEER",86.0
2016-07-06,1,"LIQUOR,WINE,BEER",89.0
2016-07-07,1,"LIQUOR,WINE,BEER",128.0
2016-07-08,1,"LIQUOR,WINE,BEER",239.0
2016-07-09,1,"LIQUOR,WINE,BEER",174.0
2016-07-10,1,"LIQUOR,WINE,BEER",56.0
2016-07-11,1,"LIQUOR,WINE,BEER",44.0
2016-07-12,1,"LIQUOR,WINE,BEER",88.0
2016-07-13,1,"LIQUOR,WINE,BEER",88.0
2016-07-14,1,"LIQUOR,WINE,BEER",126.0
2016-07-15,1,"LIQUOR,WINE,BEER",221.0
2016-07-16,1,"LIQUOR,WINE,BEER",179.0
2016-07-17,1,"LIQUOR,WINE,BEER",32.0
2016-07-18,1,"LIQUOR,WINE,BEER",50.0
2016-07-19,1,"LIQUOR,WINE,BEER",103.0
2016-07-20,1,"LIQUOR,WINE,BEER",148.0
2016-07-21,1,"LIQUOR,WINE,BEER",118.0
2016-07-22,1,"LIQUOR,WINE,BEER",175.0
2016-07-23,1,"LIQUOR,WINE,BEER",118.0
2016-07-24,1,"LIQUOR,WINE,BEER",62.0
2016-07-25,1,"LIQUOR,WINE,BEER",49.0
2016-07-26,1,"LIQUOR,WINE,BEER",118.0
2016-07-27,1,"LIQUOR,WINE,BEER",195.0
2016-07-28,1,"LIQUOR,WINE,BEER",105.0
2016-07-29,1,"LIQUOR,WINE,BEER",115.0
2016-07-30,1,"LIQUOR,WINE,BEER",155.0
2016-07-31,1,"LIQUOR,WINE,BEER",36.0
2016-08-01,1,"LIQUOR,WINE,BEER",74.0
2016-08-02,1,"LIQUOR,WINE,BEER",66.0
2016-08-03,1,"LIQUOR,WINE,BEER",105.0
2016-08-04,1,"LIQUOR,WINE,BEER",118.0
2016-08-05,1,"LIQUOR,WINE,BEER",180.0
2016-08-06,1,"LIQUOR,WINE,BEER",219.0
2016-08-07,1,"LIQUOR,WINE,BEER",28.0
2016-08-08,1,"LIQUOR,WINE,BEER",111.0
2016-08-09,1,"LIQUOR,WINE,BEER",93.0
2016-08-10,1,"LIQUOR,WINE,BEER",102.0
2016-08-11,1,"LIQUOR,WINE,BEER",188.0
2016-08-12,1,"LIQUOR,WINE,BEER",74.0
2016-08-13,1,"LIQUOR,WINE,BEER",110.0
2016-08-14,1,"LIQUOR,WINE,BEER",71.0
2016-08-15,1,"LIQUOR,WINE,BEER",89.0
2016-08-16,1,"LIQUOR,WINE,BEER",81.0
2016-08-17,1,"LIQUOR,WINE,BEER",115.0
2016-08-18,1,"LIQUOR,WINE,BEER",136.0
2016-08-19,1,"LIQUOR,WINE,BEER",164.0
2016-08-20,1,"LIQUOR,WINE,BEER",140.0
2016-08-21,1,"LIQUOR,WINE,BEER",27.0
2016-08-22,1,"LIQUOR,WINE,BEER",61.0
2016-08-23,1,"LIQUOR,WINE,BEER",128.0
2016-08-24,1,"LIQUOR,WINE,BEER",125.0
2016-08-25,1,"LIQUOR,WINE,BEER",109.0
2016-08-26,1,"LIQUOR,WINE,BEER",196.0
2016-08-27,1,"LIQUOR,WINE,BEER",146.0
2016-08-28,1,"LIQUOR,WINE,BEER",51.0
2016-08-29,1,"LIQUOR,WINE,BEER",61.0
2016-08-30,1,"LIQUOR,WINE,BEER",94.0
2016-08-31,1,"LIQUOR,WINE,BEER",111.0
2016-09-01,1,"LIQUOR,WINE,BEER",184.0
2016-09-02,1,"LIQUOR,WINE,BEER",137.0
2016-09-03,1,"LIQUOR,WINE,BEER",174.0
2016-09-04,1,"LIQUOR,WINE,BEER",35.0
2016-09-05,1,"LIQUOR,WINE,BEER",66.0
2016-09-06,1,"LIQUOR,WINE,BEER",101.0
2016-09-07,1,"LIQUOR,WINE,BEER",76.0
2016-09-08,1,"LIQUOR,WINE,BEER",129.0
2016-09-09,1,"LIQUOR,WINE,BEER",199.0
2016-09-10,1,"LIQUOR,WINE,BEER",173.0
2016-09-11,1,"LIQUOR,WINE,BEER",24.0
2016-09-12,1,"LIQUOR,WINE,BEER",63.0
2016-09-13,1,"LIQUOR,WINE,BEER",80.0
2016-09-14,1,"LIQUOR,WINE,BEER",70.0
2016-09-15,1,"LIQUOR,WINE,BEER",118.0
2016-09-16,1,"LIQUOR,WINE,BEER",189.0
2016-09-17,1,"LIQUOR,WINE,BEER",158.0
2016-09-18,1,"LIQUOR,WINE,BEER",49.0
2016-09-19,1,"LIQUOR,WINE,BEER",68.0
2016-09-20,1,"LIQUOR,WINE,BEER",99.0
2016-09-21,1,"LIQUOR,WINE,BEER",91.0
2016-09-22,1,"LIQUOR,WINE,BEER",104.0
2016-09-23,1,"LIQUOR,WINE,BEER",158.0
2016-09-24,1,"LIQUOR,WINE,BEER",167.0
2016-09-25,1,"LIQUOR,WINE,BEER",30.0
2016-09-26,1,"LIQUOR,WINE,BEER",69.0
2016-09-27,1,"LIQUOR,WINE,BEER",79.0
2016-09-28,1,"LIQUOR,WINE,BEER",67.0
2016-09-29,1,"LIQUOR,WINE,BEER",70.0
2016-09-30,1,"LIQUOR,WINE,BEER",118.0
2016-10-01,1,"LIQUOR,WINE,BEER",161.0
2016-10-02,1,"LIQUOR,WINE,BEER",28.0
2016-10-03,1,"LIQUOR,WINE,BEER",53.0
2016-10-04,1,"LIQUOR,WINE,BEER",95.0
2016-10-05,1,"LIQUOR,WINE,BEER",122.0
2016-10-06,1,"LIQUOR,WINE,BEER",191.0
2016-10-07,1,"LIQUOR,WINE,BEER",171.0
2016-10-08,1,"LIQUOR,WINE,BEER",135.0
2016-10-09,1,"LIQUOR,WINE,BEER",46.0
2016-10-10,1,"LIQUOR,WINE,BEER",57.0
2016-10-11,1,"LIQUOR,WINE,BEER",85.0
2016-10-12,1,"LIQUOR,WINE,BEER",86.0
2016-10-13,1,"LIQUOR,WINE,BEER",88.0
2016-10-14,1,"LIQUOR,WINE,BEER",178.0
2016-10-15,1,"LIQUOR,WINE,BEER",152.0
2016-10-16,1,"LIQUOR,WINE,BEER",43.0
2016-10-17,1,"LIQUOR,WINE,BEER",84.0
2016-10-18,1,"LIQUOR,WINE,BEER",123.0
2016-10-19,1,"LIQUOR,WINE,BEER",139.0
2016-10-20,1,"LIQUOR,WINE,BEER",122.0
2016-10-21,1,"LIQUOR,WINE,BEER",222.0
2016-10-22,1,"LIQUOR,WINE,BEER",132.0
2016-10-23,1,"LIQUOR,WINE,BEER",35.0
2016-10-24,1,"LIQUOR,WINE,BEER",56.0
2016-10-25,1,"LIQUOR,WINE,BEER",60.0
2016-10-26,1,"LIQUOR,WINE,BEER",90.0
2016-10-27,1,"LIQUOR,WINE,BEER",90.0
2016-10-28,1,"LIQUOR,WINE,BEER",129.0
2016-10-29,1,"LIQUOR,WINE,BEER",167.0
2016-10-30,1,"LIQUOR,WINE,BEER",69.0
2016-10-31,1,"LIQUOR,WINE,BEER",57.0
2016-11-01,1,"LIQUOR,WINE,BEER",169.0
2016-11-02,1,"LIQUOR,WINE,BEER",48.0
2016-11-03,1,"LIQUOR,WINE,BEER",58.0
2016-11-04,1,"LIQUOR,WINE,BEER",79.0
2016-11-05,1,"LIQUOR,WINE,BEER",92.0
2016-11-06,1,"LIQUOR,WINE,BEER",38.0
2016-11-07,1,"LIQUOR,WINE,BEER",94.0
2016-11-08,1,"LIQUOR,WINE,BEER",68.0
2016-11-09,1,"LIQUOR,WINE,BEER",196.0
2016-11-10,1,"LIQUOR,WINE,BEER",132.0
2016-11-11,1,"LIQUOR,WINE,BEER",117.0
2016-11-12,1,"LIQUOR,WINE,BEER",154.0
2016-11-13,1,"LIQUOR,WINE,BEER",29.0
2016-11-14,1,"LIQUOR,WINE,BEER",93.0
2016-11-15,1,"LIQUOR,WINE,BEER",114.0
2016-11-16,1,"LIQUOR,WINE,BEER",87.0
2016-11-17,1,"LIQUOR,WINE,BEER",85.0
2016-11-18,1,"LIQUOR,WINE,BEER",153.0
2016-11-19,1,"LIQUOR,WINE,BEER",157.0
2016-11-20,1,"LIQUOR,WINE,BEER",46.0
2016-11-21,1,"LIQUOR,WINE,BEER",108.0
2016-11-22,1,"LIQUOR,WINE,BEER",99.0
2016-11-23,1,"LIQUOR,WINE,BEER",122.0
2016-11-24,1,"LIQUOR,WINE,BEER",200.0
2016-11-25,1,"LIQUOR,WINE,BEER",127.0
2016-11-26,1,"LIQUOR,WINE,BEER",158.0
2016-11-27,1,"LIQUOR,WINE,BEER",35.0
2016-11-28,1,"LIQUOR,WINE,BEER",62.0
2016-11-29,1,"LIQUOR,WINE,BEER",64.0
2016-11-30,1,"LIQUOR,WINE,BEER",102.0
2016-12-01,1,"LIQUOR,WINE,BEER",125.0
2016-12-02,1,"LIQUOR,WINE,BEER",257.0
2016-12-03,1,"LIQUOR,WINE,BEER",177.0
2016-12-04,1,"LIQUOR,WINE,BEER",43.0
2016-12-05,1,"LIQUOR,WINE,BEER",223.0
2016-12-06,1,"LIQUOR,WINE,BEER",53.0
2016-12-07,1,"LIQUOR,WINE,BEER",115.0
2016-12-08,1,"LIQUOR,WINE,BEER",93.0
2016-12-09,1,"LIQUOR,WINE,BEER",136.0
2016-12-10,1,"LIQUOR,WINE,BEER",164.0
2016-12-11,1,"LIQUOR,WINE,BEER",61.0
2016-12-12,1,"LIQUOR,WINE,BEER",62.0
2016-12-13,1,"LIQUOR,WINE,BEER",87.0
2016-12-14,1,"LIQUOR,WINE,BEER",147.0
2016-12-15,1,"LIQUOR,WINE,BEER",154.0
2016-12-16,1,"LIQUOR,WINE,BEER",267.0
2016-12-17,1,"LIQUOR,WINE,BEER",187.0
2016-12-18,1,"LIQUOR,WINE,BEER",91.0
2016-12-19,1,"LIQUOR,WINE,BEER",261.0
2016-12-20,1,"LIQUOR,WINE,BEER",194.0
2016-12-21,1,"LIQUOR,WINE,BEER",292.0
2016-12-22,1,"LIQUOR,WINE,BEER",335.0
2016-12-23,1,"LIQUOR,WINE,BEER",523.0
2016-12-24,1,"LIQUOR,WINE,BEER",273.0
2016-12-26,1,"LIQUOR,WINE,BEER",32.0
2016-12-27,1,"LIQUOR,WINE,BEER",119.0
2016-12-28,1,"LIQUOR,WINE,BEER",150.0
2016-12-29,1,"LIQUOR,WINE,BEER",218.0
2016-12-30,1,"LIQUOR,WINE,BEER",389.0
2016-12-31,1,"LIQUOR,WINE,BEER",242.0
2017-01-01,1,"LIQUOR,WINE,BEER",0.0
2017-01-02,1,"LIQUOR,WINE,BEER",25.0
2017-01-03,1,"LIQUOR,WINE,BEER",104.0
2017-01-04,1,"LIQUOR,WINE,BEER",115.0
2017-01-05,1,"LIQUOR,WINE,BEER",79.0
2017-01-06,1,"LIQUOR,WINE,BEER",114.0
2017-01-07,1,"LIQUOR,WINE,BEER",169.0
2017-01-08,1,"LIQUOR,WINE,BEER",37.0
2017-01-09,1,"LIQUOR,WINE,BEER",58.0
2017-01-10,1,"LIQUOR,WINE,BEER",139.0
2017-01-11,1,"LIQUOR,WINE,BEER",73.0
2017-01-12,1,"LIQUOR,WINE,BEER",86.0
2017-01-13,1,"LIQUOR,WINE,BEER",161.0
2017-01-14,1,"LIQUOR,WINE,BEER",113.0
2017-01-15,1,"LIQUOR,WINE,BEER",32.0
2017-01-16,1,"LIQUOR,WINE,BEER",63.0
2017-01-17,1,"LIQUOR,WINE,BEER",57.0
2017-01-18,1,"LIQUOR,WINE,BEER",76.0
2017-01-19,1,"LIQUOR,WINE,BEER",65.0
2017-01-20,1,"LIQUOR,WINE,BEER",118.0
2017-01-21,1,"LIQUOR,WINE,BEER",144.0
2017-01-22,1,"LIQUOR,WINE,BEER",26.0
2017-01-23,1,"LIQUOR,WINE,BEER",43.0
2017-01-24,1,"LIQUOR,WINE,BEER",79.0
2017-01-25,1,"LIQUOR,WINE,BEER",103.0
2017-01-26,1,"LIQUOR,WINE,BEER",82.0
2017-01-27,1,"LIQUOR,WINE,BEER",163.0
2017-01-28,1,"LIQUOR,WINE,BEER",141.0
2017-01-29,1,"LIQUOR,WINE,BEER",45.0
2017-01-30,1,"LIQUOR,WINE,BEER",44.0
2017-01-31,1,"LIQUOR,WINE,BEER",60.0
2017-02-01,1,"LIQUOR,WINE,BEER",119.0
2017-02-02,1,"LIQUOR,WINE,BEER",90.0
2017-02-03,1,"LIQUOR,WINE,BEER",167.0
2017-02-04,1,"LIQUOR,WINE,BEER",153.0
2017-02-05,1,"LIQUOR,WINE,BEER",42.0
2017-02-06,1,"LIQUOR,WINE,BEER",59.0
2017-02-07,1,"LIQUOR,WINE,BEER",77.0
2017-02-08,1,"LIQUOR,WINE,BEER",79.0
2017-02-09,1,"LIQUOR,WINE,BEER",93.0
2017-02-10,1,"LIQUOR,WINE,BEER",117.0
2017-02-11,1,"LIQUOR,WINE,BEER",185.0
2017-02-12,1,"LIQUOR,WINE,BEER",32.0
2017-02-13,1,"LIQUOR,WINE,BEER",60.0
2017-02-14,1,"LIQUOR,WINE,BEER",124.0
2017-02-15,1,"LIQUOR,WINE,BEER",85.0
2017-02-16,1,"LIQUOR,WINE,BEER",110.0
2017-02-17,1,"LIQUOR,WINE,BEER",59.0
2017-02-18,1,"LIQUOR,WINE,BEER",0.0
2017-02-19,1,"LIQUOR,WINE,BEER",0.0
2017-02-20,1,"LIQUOR,WINE,BEER",43.0
2017-02-21,1,"LIQUOR,WINE,BEER",97.0
2017-02-22,1,"LIQUOR,WINE,BEER",79.0
2017-02-23,1,"LIQUOR,WINE,BEER",109.0
2017-02-24,1,"LIQUOR,WINE,BEER",126.0
2017-02-25,1,"LIQUOR,WINE,BEER",123.0
2017-02-26,1,"LIQUOR,WINE,BEER",41.0
2017-02-27,1,"LIQUOR,WINE,BEER",42.0
2017-02-28,1,"LIQUOR,WINE,BEER",62.0
2017-03-01,1,"LIQUOR,WINE,BEER",92.0
2017-03-02,1,"LIQUOR,WINE,BEER",102.0
2017-03-03,1,"LIQUOR,WINE,BEER",132.0
2017-03-04,1,"LIQUOR,WINE,BEER",115.0
2017-03-05,1,"LIQUOR,WINE,BEER",39.0
2017-03-06,1,"LIQUOR,WINE,BEER",68.0
2017-03-07,1,"LIQUOR,WINE,BEER",85.0
2017-03-08,1,"LIQUOR,WINE,BEER",119.0
2017-03-09,1,"LIQUOR,WINE,BEER",63.0
2017-03-10,1,"LIQUOR,WINE,BEER",125.0
2017-03-11,1,"LIQUOR,WINE,BEER",133.0
2017-03-12,1,"LIQUOR,WINE,BEER",26.0
2017-03-13,1,"LIQUOR,WINE,BEER",74.0
2017-03-14,1,"LIQUOR,WINE,BEER",88.0
2017-03-15,1,"LIQUOR,WINE,BEER",90.0
2017-03-16,1,"LIQUOR,WINE,BEER",95.0
2017-03-17,1,"LIQUOR,WINE,BEER",155.0
2017-03-18,1,"LIQUOR,WINE,BEER",125.0
2017-03-19,1,"LIQUOR,WINE,BEER",39.0
2017-03-20,1,"LIQUOR,WINE,BEER",79.0
2017-03-21,1,"LIQUOR,WINE,BEER",75.0
2017-03-22,1,"LIQUOR,WINE,BEER",132.0
2017-03-23,1,"LIQUOR,WINE,BEER",167.0
2017-03-24,1,"LIQUOR,WINE,BEER",153.0
2017-03-25,1,"LIQUOR,WINE,BEER",140.0
2017-03-26,1,"LIQUOR,WINE,BEER",39.0
2017-03-27,1,"LIQUOR,WINE,BEER",71.0
2017-03-28,1,"LIQUOR,WINE,BEER",161.0
2017-03-29,1,"LIQUOR,WINE,BEER",135.0
2017-03-30,1,"LIQUOR,WINE,BEER",130.0
2017-03-31,1,"LIQUOR,WINE,BEER",65.0
2017-04-01,1,"LIQUOR,WINE,BEER",0.0
2017-04-02,1,"LIQUOR,WINE,BEER",0.0
2017-04-03,1,"LIQUOR,WINE,BEER",113.0
2017-04-04,1,"LIQUOR,WINE,BEER",84.0
2017-04-05,1,"LIQUOR,WINE,BEER",140.0
2017-04-06,1,"LIQUOR,WINE,BEER",90.0
2017-04-07,1,"LIQUOR,WINE,BEER",151.0
2017-04-08,1,"LIQUOR,WINE,BEER",181.0
2017-04-09,1,"LIQUOR,WINE,BEER",58.0
2017-04-10,1,"LIQUOR,WINE,BEER",54.0
2017-04-11,1,"LIQUOR,WINE,BEER",91.0
2017-04-12,1,"LIQUOR,WINE,BEER",114.0
2017-04-13,1,"LIQUOR,WINE,BEER",143.0
2017-04-14,1,"LIQUOR,WINE,BEER",54.0
2017-04-15,1,"LIQUOR,WINE,BEER",116.0
2017-04-16,1,"LIQUOR,WINE,BEER",28.0
2017-04-17,1,"LIQUOR,WINE,BEER",75.0
2017-04-18,1,"LIQUOR,WINE,BEER",57.0
2017-04-19,1,"LIQUOR,WINE,BEER",121.0
2017-04-20,1,"LIQUOR,WINE,BEER",84.0
2017-04-21,1,"LIQUOR,WINE,BEER",156.0
2017-04-22,1,"LIQUOR,WINE,BEER",164.0
2017-04-23,1,"LIQUOR,WINE,BEER",38.0
2017-04-24,1,"LIQUOR,WINE,BEER",70.0
2017-04-25,1,"LIQUOR,WINE,BEER",112.0
2017-04-26,1,"LIQUOR,WINE,BEER",86.0
2017-04-27,1,"LIQUOR,WINE,BEER",127.0
2017-04-28,1,"LIQUOR,WINE,BEER",162.0
2017-04-29,1,"LIQUOR,WINE,BEER",188.0
2017-04-30,1,"LIQUOR,WINE,BEER",46.0
2017-05-01,1,"LIQUOR,WINE,BEER",43.0
2017-05-02,1,"LIQUOR,WINE,BEER",225.0
2017-05-03,1,"LIQUOR,WINE,BEER",77.0
2017-05-04,1,"LIQUOR,WINE,BEER",83.0
2017-05-05,1,"LIQUOR,WINE,BEER",167.0
2017-05-06,1,"LIQUOR,WINE,BEER",154.0
2017-05-07,1,"LIQUOR,WINE,BEER",34.0
2017-05-08,1,"LIQUOR,WINE,BEER",47.0
2017-05-09,1,"LIQUOR,WINE,BEER",79.0
2017-05-10,1,"LIQUOR,WINE,BEER",108.0
2017-05-11,1,"LIQUOR,WINE,BEER",67.0
2017-05-12,1,"LIQUOR,WINE,BEER",174.0
2017-05-13,1,"LIQUOR,WINE,BEER",149.0
2017-05-14,1,"LIQUOR,WINE,BEER",51.0
2017-05-15,1,"LIQUOR,WINE,BEER",63.0
2017-05-16,1,"LIQUOR,WINE,BEER",75.0
2017-05-17,1,"LIQUOR,WINE,BEER",75.0
2017-05-18,1,"LIQUOR,WINE,BEER",86.0
2017-05-19,1,"LIQUOR,WINE,BEER",187.0
2017-05-20,1,"LIQUOR,WINE,BEER",146.0
2017-05-21,1,"LIQUOR,WINE,BEER",37.0
2017-05-22,1,"LIQUOR,WINE,BEER",32.0
2017-05-23,1,"LIQUOR,WINE,BEER",68.0
2017-05-24,1,"LIQUOR,WINE,BEER",154.0
2017-05-25,1,"LIQUOR,WINE,BEER",149.0
2017-05-26,1,"LIQUOR,WINE,BEER",63.0
2017-05-27,1,"LIQUOR,WINE,BEER",120.0
2017-05-28,1,"LIQUOR,WINE,BEER",38.0
2017-05-29,1,"LIQUOR,WINE,BEER",45.0
2017-05-30,1,"LIQUOR,WINE,BEER",50.0
2017-05-31,1,"LIQUOR,WINE,BEER",88.0
2017-06-01,1,"LIQUOR,WINE,BEER",76.0
2017-06-02,1,"LIQUOR,WINE,BEER",180.0
2017-06-03,1,"LIQUOR,WINE,BEER",235.0
2017-06-04,1,"LIQUOR,WINE,BEER",25.0
2017-06-05,1,"LIQUOR,WINE,BEER",71.0
2017-06-06,1,"LIQUOR,WINE,BEER",73.0
2017-06-07,1,"LIQUOR,WINE,BEER",91.0
2017-06-08,1,"LIQUOR,WINE,BEER",85.0
2017-06-09,1,"LIQUOR,WINE,BEER",204.0
2017-06-10,1,"LIQUOR,WINE,BEER",111.0
2017-06-11,1,"LIQUOR,WINE,BEER",32.0
2017-06-12,1,"LIQUOR,WINE,BEER",80.0
2017-06-13,1,"LIQUOR,WINE,BEER",68.0
2017-06-14,1,"LIQUOR,WINE,BEER",131.0
2017-06-15,1,"LIQUOR,WINE,BEER",94.0
2017-06-16,1,"LIQUOR,WINE,BEER",177.0
2017-06-17,1,"LIQUOR,WINE,BEER",188.0
2017-06-18,1,"LIQUOR,WINE,BEER",67.0
2017-06-19,1,"LIQUOR,WINE,BEER",50.0
2017-06-20,1,"LIQUOR,WINE,BEER",89.0
2017-06-21,1,"LIQUOR,WINE,BEER",106.0
2017-06-22,1,"LIQUOR,WINE,BEER",93.0
2017-06-23,1,"LIQUOR,WINE,BEER",115.0
2017-06-24,1,"LIQUOR,WINE,BEER",128.0
2017-06-25,1,"LIQUOR,WINE,BEER",45.0
2017-06-26,1,"LIQUOR,WINE,BEER",55.0
2017-06-27,1,"LIQUOR,WINE,BEER",46.0
2017-06-28,1,"LIQUOR,WINE,BEER",68.0
2017-06-29,1,"LIQUOR,WINE,BEER",60.0
2017-06-30,1,"LIQUOR,WINE,BEER",120.0
2017-07-01,1,"LIQUOR,WINE,BEER",121.0
2017-07-02,1,"LIQUOR,WINE,BEER",48.0
2017-07-03,1,"LIQUOR,WINE,BEER",57.0
2017-07-04,1,"LIQUOR,WINE,BEER",74.0
2017-07-05,1,"LIQUOR,WINE,BEER",70.0
2017-07-06,1,"LIQUOR,WINE,BEER",93.0
2017-07-07,1,"LIQUOR,WINE,BEER",128.0
2017-07-08,1,"LIQUOR,WINE,BEER",113.0
2017-07-09,1,"LIQUOR,WINE,BEER",45.0
2017-07-10,1,"LIQUOR,WINE,BEER",48.0
2017-07-11,1,"LIQUOR,WINE,BEER",75.0
2017-07-12,1,"LIQUOR,WINE,BEER",70.0
2017-07-13,1,"LIQUOR,WINE,BEER",98.0
2017-07-14,1,"LIQUOR,WINE,BEER",114.0
2017-07-15,1,"LIQUOR,WINE,BEER",126.0
2017-07-16,1,"LIQUOR,WINE,BEER",47.0
2017-07-17,1,"LIQUOR,WINE,BEER",42.0
2017-07-18,1,"LIQUOR,WINE,BEER",88.0
2017-07-19,1,"LIQUOR,WINE,BEER",69.0
2017-07-20,1,"LIQUOR,WINE,BEER",90.0
2017-07-21,1,"LIQUOR,WINE,BEER",140.0
2017-07-22,1,"LIQUOR,WINE,BEER",128.0
2017-07-23,1,"LIQUOR,WINE,BEER",49.0
2017-07-24,1,"LIQUOR,WINE,BEER",50.0
2017-07-25,1,"LIQUOR,WINE,BEER",72.0
2017-07-26,1,"LIQUOR,WINE,BEER",110.0
2017-07-27,1,"LIQUOR,WINE,BEER",75.0
2017-07-28,1,"LIQUOR,WINE,BEER",136.0
2017-07-29,1,"LIQUOR,WINE,BEER",142.0
2017-07-30,1,"LIQUOR,WINE,BEER",37.0
2017-07-31,1,"LIQUOR,WINE,BEER",71.0
2017-08-01,1,"LIQUOR,WINE,BEER",73.0
2017-08-02,1,"LIQUOR,WINE,BEER",81.0
2017-08-03,1,"LIQUOR,WINE,BEER",93.0
2017-08-04,1,"LIQUOR,WINE,BEER",155.0
2017-08-05,1,"LIQUOR,WINE,BEER",116.0
2017-08-06,1,"LIQUOR,WINE,BEER",41.0
2017-08-07,1,"LIQUOR,WINE,BEER",58.0
2017-08-08,1,"LIQUOR,WINE,BEER",87.0
2017-08-09,1,"LIQUOR,WINE,BEER",99.0
2017-08-10,1,"LIQUOR,WINE,BEER",142.0
2017-08-11,1,"LIQUOR,WINE,BEER",67.0
2017-08-12,1,"LIQUOR,WINE,BEER",90.0
2017-08-13,1,"LIQUOR,WINE,BEER",35.0
2017-08-14,1,"LIQUOR,WINE,BEER",100.0
2017-08-15,1,"LIQUOR,WINE,BEER",94.0
2016-01-01,1,MAGAZINES,0.0
2016-01-02,1,MAGAZINES,1.0
2016-01-03,1,MAGAZINES,4.0
2016-01-04,1,MAGAZINES,4.0
2016-01-05,1,MAGAZINES,3.0
2016-01-06,1,MAGAZINES,1.0
2016-01-07,1,MAGAZINES,1.0
2016-01-08,1,MAGAZINES,6.0
2016-01-09,1,MAGAZINES,9.0
2016-01-10,1,MAGAZINES,5.0
2016-01-11,1,MAGAZINES,8.0
2016-01-12,1,MAGAZINES,8.0
2016-01-13,1,MAGAZINES,6.0
2016-01-14,1,MAGAZINES,6.0
2016-01-15,1,MAGAZINES,8.0
2016-01-16,1,MAGAZINES,14.0
2016-01-17,1,MAGAZINES,8.0
2016-01-18,1,MAGAZINES,10.0
2016-01-19,1,MAGAZINES,3.0
2016-01-20,1,MAGAZINES,15.0
2016-01-21,1,MAGAZINES,9.0
2016-01-22,1,MAGAZINES,15.0
2016-01-23,1,MAGAZINES,13.0
2016-01-24,1,MAGAZINES,0.0
2016-01-25,1,MAGAZINES,6.0
2016-01-26,1,MAGAZINES,11.0
2016-01-27,1,MAGAZINES,4.0
2016-01-28,1,MAGAZINES,4.0
2016-01-29,1,MAGAZINES,7.0
2016-01-30,1,MAGAZINES,7.0
2016-01-31,1,MAGAZINES,5.0
2016-02-01,1,MAGAZINES,4.0
2016-02-02,1,MAGAZINES,6.0
2016-02-03,1,MAGAZINES,4.0
2016-02-04,1,MAGAZINES,8.0
2016-02-05,1,MAGAZINES,18.0
2016-02-06,1,MAGAZINES,6.0
2016-02-07,1,MAGAZINES,4.0
2016-02-08,1,MAGAZINES,2.0
2016-02-09,1,MAGAZINES,8.0
2016-02-10,1,MAGAZINES,8.0
2016-02-11,1,MAGAZINES,7.0
2016-02-12,1,MAGAZINES,5.0
2016-02-13,1,MAGAZINES,8.0
2016-02-14,1,MAGAZINES,8.0
2016-02-15,1,MAGAZINES,7.0
2016-02-16,1,MAGAZINES,7.0
2016-02-17,1,MAGAZINES,8.0
2016-02-18,1,MAGAZINES,7.0
2016-02-19,1,MAGAZINES,6.0
2016-02-20,1,MAGAZINES,6.0
2016-02-21,1,MAGAZINES,5.0
2016-02-22,1,MAGAZINES,13.0
2016-02-23,1,MAGAZINES,9.0
2016-02-24,1,MAGAZINES,8.0
2016-02-25,1,MAGAZINES,10.0
2016-02-26,1,MAGAZINES,7.0
2016-02-27,1,MAGAZINES,12.0
2016-02-28,1,MAGAZINES,5.0
2016-02-29,1,MAGAZINES,6.0
2016-03-01,1,MAGAZINES,11.0
2016-03-02,1,MAGAZINES,14.0
2016-03-03,1,MAGAZINES,8.0
2016-03-04,1,MAGAZINES,17.0
2016-03-05,1,MAGAZINES,13.0
2016-03-06,1,MAGAZINES,8.0
2016-03-07,1,MAGAZINES,6.0
2016-03-08,1,MAGAZINES,11.0
2016-03-09,1,MAGAZINES,6.0
2016-03-10,1,MAGAZINES,8.0
2016-03-11,1,MAGAZINES,2.0
2016-03-12,1,MAGAZINES,20.0
2016-03-13,1,MAGAZINES,5.0
2016-03-14,1,MAGAZINES,9.0
2016-03-15,1,MAGAZINES,10.0
2016-03-16,1,MAGAZINES,13.0
2016-03-17,1,MAGAZINES,8.0
2016-03-18,1,MAGAZINES,9.0
2016-03-19,1,MAGAZINES,5.0
2016-03-20,1,MAGAZINES,3.0
2016-03-21,1,MAGAZINES,10.0
2016-03-22,1,MAGAZINES,7.0
2016-03-23,1,MAGAZINES,7.0
2016-03-24,1,MAGAZINES,11.0
2016-03-25,1,MAGAZINES,2.0
2016-03-26,1,MAGAZINES,6.0
2016-03-27,1,MAGAZINES,0.0
2016-03-28,1,MAGAZINES,4.0
2016-03-29,1,MAGAZINES,3.0
2016-03-30,1,MAGAZINES,2.0
2016-03-31,1,MAGAZINES,2.0
2016-04-01,1,MAGAZINES,1.0
2016-04-02,1,MAGAZINES,3.0
2016-04-03,1,MAGAZINES,7.0
2016-04-04,1,MAGAZINES,5.0
2016-04-05,1,MAGAZINES,3.0
2016-04-06,1,MAGAZINES,5.0
2016-04-07,1,MAGAZINES,2.0
2016-04-08,1,MAGAZINES,3.0
2016-04-09,1,MAGAZINES,14.0
2016-04-10,1,MAGAZINES,3.0
2016-04-11,1,MAGAZINES,7.0
2016-04-12,1,MAGAZINES,9.0
2016-04-13,1,MAGAZINES,14.0
2016-04-14,1,MAGAZINES,8.0
2016-04-15,1,MAGAZINES,14.0
2016-04-16,1,MAGAZINES,8.0
2016-04-17,1,MAGAZINES,1.0
2016-04-18,1,MAGAZINES,7.0
2016-04-19,1,MAGAZINES,6.0
2016-04-20,1,MAGAZINES,8.0
2016-04-21,1,MAGAZINES,2.0
2016-04-22,1,MAGAZINES,5.0
2016-04-23,1,MAGAZINES,12.0
2016-04-24,1,MAGAZINES,10.0
2016-04-25,1,MAGAZINES,9.0
2016-04-26,1,MAGAZINES,15.0
2016-04-27,1,MAGAZINES,5.0
2016-04-28,1,MAGAZINES,9.0
2016-04-29,1,MAGAZINES,11.0
2016-04-30,1,MAGAZINES,12.0
2016-05-01,1,MAGAZINES,2.0
2016-05-02,1,MAGAZINES,5.0
2016-05-03,1,MAGAZINES,5.0
2016-05-04,1,MAGAZINES,6.0
2016-05-05,1,MAGAZINES,3.0
2016-05-06,1,MAGAZINES,9.0
2016-05-07,1,MAGAZINES,20.0
2016-05-08,1,MAGAZINES,5.0
2016-05-09,1,MAGAZINES,8.0
2016-05-10,1,MAGAZINES,8.0
2016-05-11,1,MAGAZINES,15.0
2016-05-12,1,MAGAZINES,8.0
2016-05-13,1,MAGAZINES,6.0
2016-05-14,1,MAGAZINES,5.0
2016-05-15,1,MAGAZINES,1.0
2016-05-16,1,MAGAZINES,7.0
2016-05-17,1,MAGAZINES,6.0
2016-05-18,1,MAGAZINES,7.0
2016-05-19,1,MAGAZINES,4.0
2016-05-20,1,MAGAZINES,4.0
2016-05-21,1,MAGAZINES,6.0
2016-05-22,1,MAGAZINES,2.0
2016-05-23,1,MAGAZINES,6.0
2016-05-24,1,MAGAZINES,6.0
2016-05-25,1,MAGAZINES,7.0
2016-05-26,1,MAGAZINES,5.0
2016-05-27,1,MAGAZINES,2.0
2016-05-28,1,MAGAZINES,8.0
2016-05-29,1,MAGAZINES,0.0
2016-05-30,1,MAGAZINES,7.0
2016-05-31,1,MAGAZINES,10.0
2016-06-01,1,MAGAZINES,6.0
2016-06-02,1,MAGAZINES,9.0
2016-06-03,1,MAGAZINES,8.0
2016-06-04,1,MAGAZINES,9.0
2016-06-05,1,MAGAZINES,1.0
2016-06-06,1,MAGAZINES,3.0
2016-06-07,1,MAGAZINES,7.0
2016-06-08,1,MAGAZINES,20.0
2016-06-09,1,MAGAZINES,3.0
2016-06-10,1,MAGAZINES,6.0
2016-06-11,1,MAGAZINES,10.0
2016-06-12,1,MAGAZINES,6.0
2016-06-13,1,MAGAZINES,2.0
2016-06-14,1,MAGAZINES,7.0
2016-06-15,1,MAGAZINES,9.0
2016-06-16,1,MAGAZINES,0.0
2016-06-17,1,MAGAZINES,5.0
2016-06-18,1,MAGAZINES,5.0
2016-06-19,1,MAGAZINES,6.0
2016-06-20,1,MAGAZINES,5.0
2016-06-21,1,MAGAZINES,3.0
2016-06-22,1,MAGAZINES,5.0
2016-06-23,1,MAGAZINES,4.0
2016-06-24,1,MAGAZINES,7.0
2016-06-25,1,MAGAZINES,6.0
2016-06-26,1,MAGAZINES,1.0
2016-06-27,1,MAGAZINES,6.0
2016-06-28,1,MAGAZINES,4.0
2016-06-29,1,MAGAZINES,6.0
2016-06-30,1,MAGAZINES,11.0
2016-07-01,1,MAGAZINES,3.0
2016-07-02,1,MAGAZINES,2.0
2016-07-03,1,MAGAZINES,5.0
2016-07-04,1,MAGAZINES,5.0
2016-07-05,1,MAGAZINES,4.0
2016-07-06,1,MAGAZINES,4.0
2016-07-07,1,MAGAZINES,4.0
2016-07-08,1,MAGAZINES,0.0
2016-07-09,1,MAGAZINES,9.0
2016-07-10,1,MAGAZINES,3.0
2016-07-11,1,MAGAZINES,11.0
2016-07-12,1,MAGAZINES,8.0
2016-07-13,1,MAGAZINES,9.0
2016-07-14,1,MAGAZINES,3.0
2016-07-15,1,MAGAZINES,13.0
2016-07-16,1,MAGAZINES,12.0
2016-07-17,1,MAGAZINES,2.0
2016-07-18,1,MAGAZINES,6.0
2016-07-19,1,MAGAZINES,5.0
2016-07-20,1,MAGAZINES,3.0
2016-07-21,1,MAGAZINES,6.0
2016-07-22,1,MAGAZINES,5.0
2016-07-23,1,MAGAZINES,8.0
2016-07-24,1,MAGAZINES,6.0
2016-07-25,1,MAGAZINES,14.0
2016-07-26,1,MAGAZINES,8.0
2016-07-27,1,MAGAZINES,4.0
2016-07-28,1,MAGAZINES,17.0
2016-07-29,1,MAGAZINES,3.0
2016-07-30,1,MAGAZINES,6.0
2016-07-31,1,MAGAZINES,1.0
2016-08-01,1,MAGAZINES,2.0
2016-08-02,1,MAGAZINES,3.0
2016-08-03,1,MAGAZINES,4.0
2016-08-04,1,MAGAZINES,8.0
2016-08-05,1,MAGAZINES,8.0
2016-08-06,1,MAGAZINES,1.0
2016-08-07,1,MAGAZINES,2.0
2016-08-08,1,MAGAZINES,20.0
2016-08-09,1,MAGAZINES,15.0
2016-08-10,1,MAGAZINES,10.0
2016-08-11,1,MAGAZINES,8.0
2016-08-12,1,MAGAZINES,9.0
2016-08-13,1,MAGAZINES,9.0
2016-08-14,1,MAGAZINES,3.0
2016-08-15,1,MAGAZINES,6.0
2016-08-16,1,MAGAZINES,6.0
2016-08-17,1,MAGAZINES,11.0
2016-08-18,1,MAGAZINES,5.0
2016-08-19,1,MAGAZINES,6.0
2016-08-20,1,MAGAZINES,17.0
2016-08-21,1,MAGAZINES,1.0
2016-08-22,1,MAGAZINES,4.0
2016-08-23,1,MAGAZINES,14.0
2016-08-24,1,MAGAZINES,6.0
2016-08-25,1,MAGAZINES,1.0
2016-08-26,1,MAGAZINES,6.0
2016-08-27,1,MAGAZINES,7.0
2016-08-28,1,MAGAZINES,1.0
2016-08-29,1,MAGAZINES,6.0
2016-08-30,1,MAGAZINES,4.0
2016-08-31,1,MAGAZINES,6.0
2016-09-01,1,MAGAZINES,6.0
2016-09-02,1,MAGAZINES,7.0
2016-09-03,1,MAGAZINES,12.0
2016-09-04,1,MAGAZINES,3.0
2016-09-05,1,MAGAZINES,4.0
2016-09-06,1,MAGAZINES,10.0
2016-09-07,1,MAGAZINES,10.0
2016-09-08,1,MAGAZINES,8.0
2016-09-09,1,MAGAZINES,6.0
2016-09-10,1,MAGAZINES,13.0
2016-09-11,1,MAGAZINES,5.0
2016-09-12,1,MAGAZINES,3.0
2016-09-13,1,MAGAZINES,2.0
2016-09-14,1,MAGAZINES,8.0
2016-09-15,1,MAGAZINES,12.0
2016-09-16,1,MAGAZINES,17.0
2016-09-17,1,MAGAZINES,12.0
2016-09-18,1,MAGAZINES,1.0
2016-09-19,1,MAGAZINES,3.0
2016-09-20,1,MAGAZINES,7.0
2016-09-21,1,MAGAZINES,4.0
2016-09-22,1,MAGAZINES,13.0
2016-09-23,1,MAGAZINES,21.0
2016-09-24,1,MAGAZINES,12.0
2016-09-25,1,MAGAZINES,1.0
2016-09-26,1,MAGAZINES,14.0
2016-09-27,1,MAGAZINES,10.0
2016-09-28,1,MAGAZINES,9.0
2016-09-29,1,MAGAZINES,8.0
2016-09-30,1,MAGAZINES,4.0
2016-10-01,1,MAGAZINES,6.0
2016-10-02,1,MAGAZINES,2.0
2016-10-03,1,MAGAZINES,4.0
2016-10-04,1,MAGAZINES,2.0
2016-10-05,1,MAGAZINES,5.0
2016-10-06,1,MAGAZINES,2.0
2016-10-07,1,MAGAZINES,10.0
2016-10-08,1,MAGAZINES,26.0
2016-10-09,1,MAGAZINES,11.0
2016-10-10,1,MAGAZINES,9.0
2016-10-11,1,MAGAZINES,7.0
2016-10-12,1,MAGAZINES,10.0
2016-10-13,1,MAGAZINES,9.0
2016-10-14,1,MAGAZINES,6.0
2016-10-15,1,MAGAZINES,14.0
2016-10-16,1,MAGAZINES,4.0
2016-10-17,1,MAGAZINES,3.0
2016-10-18,1,MAGAZINES,6.0
2016-10-19,1,MAGAZINES,5.0
2016-10-20,1,MAGAZINES,1.0
2016-10-21,1,MAGAZINES,5.0
2016-10-22,1,MAGAZINES,5.0
2016-10-23,1,MAGAZINES,4.0
2016-10-24,1,MAGAZINES,6.0
2016-10-25,1,MAGAZINES,11.0
2016-10-26,1,MAGAZINES,8.0
2016-10-27,1,MAGAZINES,5.0
2016-10-28,1,MAGAZINES,8.0
2016-10-29,1,MAGAZINES,4.0
2016-10-30,1,MAGAZINES,4.0
2016-10-31,1,MAGAZINES,8.0
2016-11-01,1,MAGAZINES,7.0
2016-11-02,1,MAGAZINES,4.0
2016-11-03,1,MAGAZINES,3.0
2016-11-04,1,MAGAZINES,5.0
2016-11-05,1,MAGAZINES,3.0
2016-11-06,1,MAGAZINES,3.0
2016-11-07,1,MAGAZINES,8.0
2016-11-08,1,MAGAZINES,4.0
2016-11-09,1,MAGAZINES,9.0
2016-11-10,1,MAGAZINES,4.0
2016-11-11,1,MAGAZINES,10.0
2016-11-12,1,MAGAZINES,10.0
2016-11-13,1,MAGAZINES,5.0
2016-11-14,1,MAGAZINES,10.0
2016-11-15,1,MAGAZINES,8.0
2016-11-16,1,MAGAZINES,6.0
2016-11-17,1,MAGAZINES,7.0
2016-11-18,1,MAGAZINES,5.0
2016-11-19,1,MAGAZINES,13.0
2016-11-20,1,MAGAZINES,9.0
2016-11-21,1,MAGAZINES,11.0
2016-11-22,1,MAGAZINES,9.0
2016-11-23,1,MAGAZINES,9.0
2016-11-24,1,MAGAZINES,7.0
2016-11-25,1,MAGAZINES,8.0
2016-11-26,1,MAGAZINES,6.0
2016-11-27,1,MAGAZINES,5.0
2016-11-28,1,MAGAZINES,9.0
2016-11-29,1,MAGAZINES,6.0
2016-11-30,1,MAGAZINES,4.0
2016-12-01,1,MAGAZINES,14.0
2016-12-02,1,MAGAZINES,11.0
2016-12-03,1,MAGAZINES,10.0
2016-12-04,1,MAGAZINES,2.0
2016-12-05,1,MAGAZINES,5.0
2016-12-06,1,MAGAZINES,3.0
2016-12-07,1,MAGAZINES,7.0
2016-12-08,1,MAGAZINES,4.0
2016-12-09,1,MAGAZINES,6.0
2016-12-10,1,MAGAZINES,23.0
2016-12-11,1,MAGAZINES,5.0
2016-12-12,1,MAGAZINES,6.0
2016-12-13,1,MAGAZINES,7.0
2016-12-14,1,MAGAZINES,7.0
2016-12-15,1,MAGAZINES,5.0
2016-12-16,1,MAGAZINES,12.0
2016-12-17,1,MAGAZINES,7.0
2016-12-18,1,MAGAZINES,3.0
2016-12-19,1,MAGAZINES,14.0
2016-12-20,1,MAGAZINES,13.0
2016-12-21,1,MAGAZINES,18.0
2016-12-22,1,MAGAZINES,14.0
2016-12-23,1,MAGAZINES,8.0
2016-12-24,1,MAGAZINES,6.0
2016-12-26,1,MAGAZINES,2.0
2016-12-27,1,MAGAZINES,3.0
2016-12-28,1,MAGAZINES,10.0
2016-12-29,1,MAGAZINES,8.0
2016-12-30,1,MAGAZINES,10.0
2016-12-31,1,MAGAZINES,7.0
2017-01-01,1,MAGAZINES,0.0
2017-01-02,1,MAGAZINES,1.0
2017-01-03,1,MAGAZINES,1.0
2017-01-04,1,MAGAZINES,6.0
2017-01-05,1,MAGAZINES,6.0
2017-01-06,1,MAGAZINES,4.0
2017-01-07,1,MAGAZINES,12.0
2017-01-08,1,MAGAZINES,9.0
2017-01-09,1,MAGAZINES,5.0
2017-01-10,1,MAGAZINES,6.0
2017-01-11,1,MAGAZINES,8.0
2017-01-12,1,MAGAZINES,12.0
2017-01-13,1,MAGAZINES,10.0
2017-01-14,1,MAGAZINES,10.0
2017-01-15,1,MAGAZINES,4.0
2017-01-16,1,MAGAZINES,10.0
2017-01-17,1,MAGAZINES,6.0
2017-01-18,1,MAGAZINES,6.0
2017-01-19,1,MAGAZINES,3.0
2017-01-20,1,MAGAZINES,3.0
2017-01-21,1,MAGAZINES,11.0
2017-01-22,1,MAGAZINES,4.0
2017-01-23,1,MAGAZINES,14.0
2017-01-24,1,MAGAZINES,13.0
2017-01-25,1,MAGAZINES,10.0
2017-01-26,1,MAGAZINES,5.0
2017-01-27,1,MAGAZINES,8.0
2017-01-28,1,MAGAZINES,11.0
2017-01-29,1,MAGAZINES,2.0
2017-01-30,1,MAGAZINES,6.0
2017-01-31,1,MAGAZINES,8.0
2017-02-01,1,MAGAZINES,13.0
2017-02-02,1,MAGAZINES,4.0
2017-02-03,1,MAGAZINES,12.0
2017-02-04,1,MAGAZINES,6.0
2017-02-05,1,MAGAZINES,1.0
2017-02-06,1,MAGAZINES,2.0
2017-02-07,1,MAGAZINES,8.0
2017-02-08,1,MAGAZINES,1.0
2017-02-09,1,MAGAZINES,3.0
2017-02-10,1,MAGAZINES,6.0
2017-02-11,1,MAGAZINES,6.0
2017-02-12,1,MAGAZINES,1.0
2017-02-13,1,MAGAZINES,6.0
2017-02-14,1,MAGAZINES,5.0
2017-02-15,1,MAGAZINES,11.0
2017-02-16,1,MAGAZINES,6.0
2017-02-17,1,MAGAZINES,10.0
2017-02-18,1,MAGAZINES,11.0
2017-02-19,1,MAGAZINES,3.0
2017-02-20,1,MAGAZINES,1.0
2017-02-21,1,MAGAZINES,7.0
2017-02-22,1,MAGAZINES,4.0
2017-02-23,1,MAGAZINES,9.0
2017-02-24,1,MAGAZINES,18.0
2017-02-25,1,MAGAZINES,14.0
2017-02-26,1,MAGAZINES,3.0
2017-02-27,1,MAGAZINES,4.0
2017-02-28,1,MAGAZINES,4.0
2017-03-01,1,MAGAZINES,11.0
2017-03-02,1,MAGAZINES,11.0
2017-03-03,1,MAGAZINES,4.0
2017-03-04,1,MAGAZINES,5.0
2017-03-05,1,MAGAZINES,5.0
2017-03-06,1,MAGAZINES,5.0
2017-03-07,1,MAGAZINES,3.0
2017-03-08,1,MAGAZINES,6.0
2017-03-09,1,MAGAZINES,4.0
2017-03-10,1,MAGAZINES,10.0
2017-03-11,1,MAGAZINES,15.0
2017-03-12,1,MAGAZINES,5.0
2017-03-13,1,MAGAZINES,10.0
2017-03-14,1,MAGAZINES,12.0
2017-03-15,1,MAGAZINES,9.0
2017-03-16,1,MAGAZINES,5.0
2017-03-17,1,MAGAZINES,11.0
2017-03-18,1,MAGAZINES,7.0
2017-03-19,1,MAGAZINES,4.0
2017-03-20,1,MAGAZINES,6.0
2017-03-21,1,MAGAZINES,3.0
2017-03-22,1,MAGAZINES,6.0
2017-03-23,1,MAGAZINES,7.0
2017-03-24,1,MAGAZINES,8.0
2017-03-25,1,MAGAZINES,8.0
2017-03-26,1,MAGAZINES,7.0
2017-03-27,1,MAGAZINES,6.0
2017-03-28,1,MAGAZINES,4.0
2017-03-29,1,MAGAZINES,18.0
2017-03-30,1,MAGAZINES,9.0
2017-03-31,1,MAGAZINES,14.0
2017-04-01,1,MAGAZINES,5.0
2017-04-02,1,MAGAZINES,3.0
2017-04-03,1,MAGAZINES,0.0
2017-04-04,1,MAGAZINES,4.0
2017-04-05,1,MAGAZINES,2.0
2017-04-06,1,MAGAZINES,6.0
2017-04-07,1,MAGAZINES,7.0
2017-04-08,1,MAGAZINES,5.0
2017-04-09,1,MAGAZINES,0.0
2017-04-10,1,MAGAZINES,2.0
2017-04-11,1,MAGAZINES,15.0
2017-04-12,1,MAGAZINES,25.0
2017-04-13,1,MAGAZINES,17.0
2017-04-14,1,MAGAZINES,9.0
2017-04-15,1,MAGAZINES,4.0
2017-04-16,1,MAGAZINES,2.0
2017-04-17,1,MAGAZINES,8.0
2017-04-18,1,MAGAZINES,3.0
2017-04-19,1,MAGAZINES,9.0
2017-04-20,1,MAGAZINES,6.0
2017-04-21,1,MAGAZINES,22.0
2017-04-22,1,MAGAZINES,13.0
2017-04-23,1,MAGAZINES,2.0
2017-04-24,1,MAGAZINES,10.0
2017-04-25,1,MAGAZINES,7.0
2017-04-26,1,MAGAZINES,10.0
2017-04-27,1,MAGAZINES,8.0
2017-04-28,1,MAGAZINES,6.0
2017-04-29,1,MAGAZINES,11.0
2017-04-30,1,MAGAZINES,2.0
2017-05-01,1,MAGAZINES,1.0
2017-05-02,1,MAGAZINES,3.0
2017-05-03,1,MAGAZINES,12.0
2017-05-04,1,MAGAZINES,3.0
2017-05-05,1,MAGAZINES,12.0
2017-05-06,1,MAGAZINES,12.0
2017-05-07,1,MAGAZINES,8.0
2017-05-08,1,MAGAZINES,9.0
2017-05-09,1,MAGAZINES,13.0
2017-05-10,1,MAGAZINES,9.0
2017-05-11,1,MAGAZINES,7.0
2017-05-12,1,MAGAZINES,6.0
2017-05-13,1,MAGAZINES,8.0
2017-05-14,1,MAGAZINES,10.0
2017-05-15,1,MAGAZINES,6.0
2017-05-16,1,MAGAZINES,4.0
2017-05-17,1,MAGAZINES,5.0
2017-05-18,1,MAGAZINES,9.0
2017-05-19,1,MAGAZINES,12.0
2017-05-20,1,MAGAZINES,11.0
2017-05-21,1,MAGAZINES,6.0
2017-05-22,1,MAGAZINES,7.0
2017-05-23,1,MAGAZINES,8.0
2017-05-24,1,MAGAZINES,7.0
2017-05-25,1,MAGAZINES,9.0
2017-05-26,1,MAGAZINES,2.0
2017-05-27,1,MAGAZINES,8.0
2017-05-28,1,MAGAZINES,3.0
2017-05-29,1,MAGAZINES,3.0
2017-05-30,1,MAGAZINES,3.0
2017-05-31,1,MAGAZINES,4.0
2017-06-01,1,MAGAZINES,4.0
2017-06-02,1,MAGAZINES,4.0
2017-06-03,1,MAGAZINES,5.0
2017-06-04,1,MAGAZINES,1.0
2017-06-05,1,MAGAZINES,3.0
2017-06-06,1,MAGAZINES,6.0
2017-06-07,1,MAGAZINES,6.0
2017-06-08,1,MAGAZINES,7.0
2017-06-09,1,MAGAZINES,5.0
2017-06-10,1,MAGAZINES,7.0
2017-06-11,1,MAGAZINES,4.0
2017-06-12,1,MAGAZINES,6.0
2017-06-13,1,MAGAZINES,10.0
2017-06-14,1,MAGAZINES,10.0
2017-06-15,1,MAGAZINES,10.0
2017-06-16,1,MAGAZINES,14.0
2017-06-17,1,MAGAZINES,13.0
2017-06-18,1,MAGAZINES,2.0
2017-06-19,1,MAGAZINES,5.0
2017-06-20,1,MAGAZINES,4.0
2017-06-21,1,MAGAZINES,7.0
2017-06-22,1,MAGAZINES,5.0
2017-06-23,1,MAGAZINES,5.0
2017-06-24,1,MAGAZINES,6.0
2017-06-25,1,MAGAZINES,4.0
2017-06-26,1,MAGAZINES,6.0
2017-06-27,1,MAGAZINES,6.0
2017-06-28,1,MAGAZINES,6.0
2017-06-29,1,MAGAZINES,7.0
2017-06-30,1,MAGAZINES,2.0
2017-07-01,1,MAGAZINES,9.0
2017-07-02,1,MAGAZINES,4.0
2017-07-03,1,MAGAZINES,2.0
2017-07-04,1,MAGAZINES,0.0
2017-07-05,1,MAGAZINES,8.0
2017-07-06,1,MAGAZINES,12.0
2017-07-07,1,MAGAZINES,7.0
2017-07-08,1,MAGAZINES,11.0
2017-07-09,1,MAGAZINES,2.0
2017-07-10,1,MAGAZINES,8.0
2017-07-11,1,MAGAZINES,13.0
2017-07-12,1,MAGAZINES,15.0
2017-07-13,1,MAGAZINES,6.0
2017-07-14,1,MAGAZINES,4.0
2017-07-15,1,MAGAZINES,3.0
2017-07-16,1,MAGAZINES,0.0
2017-07-17,1,MAGAZINES,4.0
2017-07-18,1,MAGAZINES,4.0
2017-07-19,1,MAGAZINES,3.0
2017-07-20,1,MAGAZINES,5.0
2017-07-21,1,MAGAZINES,8.0
2017-07-22,1,MAGAZINES,13.0
2017-07-23,1,MAGAZINES,2.0
2017-07-24,1,MAGAZINES,9.0
2017-07-25,1,MAGAZINES,9.0
2017-07-26,1,MAGAZINES,5.0
2017-07-27,1,MAGAZINES,6.0
2017-07-28,1,MAGAZINES,7.0
2017-07-29,1,MAGAZINES,3.0
2017-07-30,1,MAGAZINES,3.0
2017-07-31,1,MAGAZINES,7.0
2017-08-01,1,MAGAZINES,5.0
2017-08-02,1,MAGAZINES,7.0
2017-08-03,1,MAGAZINES,5.0
2017-08-04,1,MAGAZINES,2.0
2017-08-05,1,MAGAZINES,13.0
2017-08-06,1,MAGAZINES,4.0
2017-08-07,1,MAGAZINES,16.0
2017-08-08,1,MAGAZINES,9.0
2017-08-09,1,MAGAZINES,2.0
2017-08-10,1,MAGAZINES,7.0
2017-08-11,1,MAGAZINES,4.0
2017-08-12,1,MAGAZINES,6.0
2017-08-13,1,MAGAZINES,4.0
2017-08-14,1,MAGAZINES,8.0
2017-08-15,1,MAGAZINES,3.0
2016-01-01,1,MEATS,0.0
2016-01-02,1,MEATS,222.967
2016-01-03,1,MEATS,114.825
2016-01-04,1,MEATS,358.59702
2016-01-05,1,MEATS,412.125
2016-01-06,1,MEATS,309.483
2016-01-07,1,MEATS,237.461
2016-01-08,1,MEATS,645.50903
2016-01-09,1,MEATS,231.833
2016-01-10,1,MEATS,109.844
2016-01-11,1,MEATS,259.45898
2016-01-12,1,MEATS,297.01
2016-01-13,1,MEATS,306.085
2016-01-14,1,MEATS,307.523
2016-01-15,1,MEATS,673.714
2016-01-16,1,MEATS,230.924
2016-01-17,1,MEATS,126.687
2016-01-18,1,MEATS,281.437
2016-01-19,1,MEATS,256.81702
2016-01-20,1,MEATS,340.948
2016-01-21,1,MEATS,393.46802
2016-01-22,1,MEATS,685.833
2016-01-23,1,MEATS,221.189
2016-01-24,1,MEATS,118.211
2016-01-25,1,MEATS,253.611
2016-01-26,1,MEATS,254.968
2016-01-27,1,MEATS,254.102
2016-01-28,1,MEATS,200.398
2016-01-29,1,MEATS,586.799
2016-01-30,1,MEATS,243.678
2016-01-31,1,MEATS,198.205
2016-02-01,1,MEATS,309.268
2016-02-02,1,MEATS,257.219
2016-02-03,1,MEATS,299.451
2016-02-04,1,MEATS,236.293
2016-02-05,1,MEATS,480.301
2016-02-06,1,MEATS,222.394
2016-02-07,1,MEATS,50.347
2016-02-08,1,MEATS,84.562996
2016-02-09,1,MEATS,187.339
2016-02-10,1,MEATS,231.735
2016-02-11,1,MEATS,261.136
2016-02-12,1,MEATS,557.589
2016-02-13,1,MEATS,219.158
2016-02-14,1,MEATS,95.936
2016-02-15,1,MEATS,273.608
2016-02-16,1,MEATS,246.944
2016-02-17,1,MEATS,332.919
2016-02-18,1,MEATS,229.549
2016-02-19,1,MEATS,771.208
2016-02-20,1,MEATS,258.756
2016-02-21,1,MEATS,101.818
2016-02-22,1,MEATS,280.997
2016-02-23,1,MEATS,253.101
2016-02-24,1,MEATS,299.913
2016-02-25,1,MEATS,282.758
2016-02-26,1,MEATS,493.049
2016-02-27,1,MEATS,204.184
2016-02-28,1,MEATS,101.196
2016-02-29,1,MEATS,340.804
2016-03-01,1,MEATS,444.217
2016-03-02,1,MEATS,331.409
2016-03-03,1,MEATS,246.642
2016-03-04,1,MEATS,663.032
2016-03-05,1,MEATS,260.911
2016-03-06,1,MEATS,95.639
2016-03-07,1,MEATS,249.722
2016-03-08,1,MEATS,234.142
2016-03-09,1,MEATS,271.225
2016-03-10,1,MEATS,204.024
2016-03-11,1,MEATS,605.469
2016-03-12,1,MEATS,254.78
2016-03-13,1,MEATS,97.015
2016-03-14,1,MEATS,283.571
2016-03-15,1,MEATS,213.623
2016-03-16,1,MEATS,301.82498
2016-03-17,1,MEATS,203.541
2016-03-18,1,MEATS,695.74603
2016-03-19,1,MEATS,239.382
2016-03-20,1,MEATS,102.984
2016-03-21,1,MEATS,198.972
2016-03-22,1,MEATS,179.689
2016-03-23,1,MEATS,235.343
2016-03-24,1,MEATS,213.19
2016-03-25,1,MEATS,237.345
2016-03-26,1,MEATS,160.996
2016-03-27,1,MEATS,75.996
2016-03-28,1,MEATS,258.049
2016-03-29,1,MEATS,268.539
2016-03-30,1,MEATS,259.102
2016-03-31,1,MEATS,230.865
2016-04-01,1,MEATS,831.576
2016-04-02,1,MEATS,292.355
2016-04-03,1,MEATS,123.451004
2016-04-04,1,MEATS,288.12302
2016-04-05,1,MEATS,238.178
2016-04-06,1,MEATS,294.937
2016-04-07,1,MEATS,226.156
2016-04-08,1,MEATS,595.243
2016-04-09,1,MEATS,311.392
2016-04-10,1,MEATS,116.423004
2016-04-11,1,MEATS,266.438
2016-04-12,1,MEATS,276.756
2016-04-13,1,MEATS,283.902
2016-04-14,1,MEATS,240.789
2016-04-15,1,MEATS,663.541
2016-04-16,1,MEATS,252.16501
2016-04-17,1,MEATS,120.148
2016-04-18,1,MEATS,242.98
2016-04-19,1,MEATS,255.734
2016-04-20,1,MEATS,386.323
2016-04-21,1,MEATS,200.338
2016-04-22,1,MEATS,634.135
2016-04-23,1,MEATS,237.414
2016-04-24,1,MEATS,89.592
2016-04-25,1,MEATS,261.053
2016-04-26,1,MEATS,276.145
2016-04-27,1,MEATS,344.458
2016-04-28,1,MEATS,271.876
2016-04-29,1,MEATS,637.765
2016-04-30,1,MEATS,273.93
2016-05-01,1,MEATS,114.035
2016-05-02,1,MEATS,315.857
2016-05-03,1,MEATS,274.948
2016-05-04,1,MEATS,308.83
2016-05-05,1,MEATS,298.917
2016-05-06,1,MEATS,717.341
2016-05-07,1,MEATS,309.415
2016-05-08,1,MEATS,113.083
2016-05-09,1,MEATS,447.202
2016-05-10,1,MEATS,249.706
2016-05-11,1,MEATS,254.518
2016-05-12,1,MEATS,270.463
2016-05-13,1,MEATS,619.726
2016-05-14,1,MEATS,203.048
2016-05-15,1,MEATS,103.359
2016-05-16,1,MEATS,304.201
2016-05-17,1,MEATS,249.496
2016-05-18,1,MEATS,283.185
2016-05-19,1,MEATS,245.3
2016-05-20,1,MEATS,664.773
2016-05-21,1,MEATS,434.554
2016-05-22,1,MEATS,102.963
2016-05-23,1,MEATS,248.991
2016-05-24,1,MEATS,210.524
2016-05-25,1,MEATS,252.49701
2016-05-26,1,MEATS,229.845
2016-05-27,1,MEATS,382.027
2016-05-28,1,MEATS,199.527
2016-05-29,1,MEATS,98.815
2016-05-30,1,MEATS,241.118
2016-05-31,1,MEATS,305.44
2016-06-01,1,MEATS,288.135
2016-06-02,1,MEATS,217.604
2016-06-03,1,MEATS,653.814
2016-06-04,1,MEATS,358.69
2016-06-05,1,MEATS,102.385
2016-06-06,1,MEATS,272.451
2016-06-07,1,MEATS,258.249
2016-06-08,1,MEATS,311.525
2016-06-09,1,MEATS,191.467
2016-06-10,1,MEATS,650.15497
2016-06-11,1,MEATS,213.438
2016-06-12,1,MEATS,81.139
2016-06-13,1,MEATS,247.0
2016-06-14,1,MEATS,313.988
2016-06-15,1,MEATS,293.058
2016-06-16,1,MEATS,249.847
2016-06-17,1,MEATS,650.473
2016-06-18,1,MEATS,292.205
2016-06-19,1,MEATS,115.576004
2016-06-20,1,MEATS,273.673
2016-06-21,1,MEATS,407.721
2016-06-22,1,MEATS,326.604
2016-06-23,1,MEATS,226.898
2016-06-24,1,MEATS,683.427
2016-06-25,1,MEATS,243.862
2016-06-26,1,MEATS,102.107
2016-06-27,1,MEATS,280.627
2016-06-28,1,MEATS,228.768
2016-06-29,1,MEATS,254.479
2016-06-30,1,MEATS,245.942
2016-07-01,1,MEATS,666.084
2016-07-02,1,MEATS,291.741
2016-07-03,1,MEATS,226.719
2016-07-04,1,MEATS,302.02
2016-07-05,1,MEATS,284.06
2016-07-06,1,MEATS,319.234
2016-07-07,1,MEATS,238.025
2016-07-08,1,MEATS,607.966
2016-07-09,1,MEATS,187.499
2016-07-10,1,MEATS,84.246
2016-07-11,1,MEATS,214.454
2016-07-12,1,MEATS,249.082
2016-07-13,1,MEATS,282.315
2016-07-14,1,MEATS,202.102
2016-07-15,1,MEATS,581.066
2016-07-16,1,MEATS,472.36
2016-07-17,1,MEATS,98.819
2016-07-18,1,MEATS,303.791
2016-07-19,1,MEATS,259.417
2016-07-20,1,MEATS,290.322
2016-07-21,1,MEATS,300.802
2016-07-22,1,MEATS,653.154
2016-07-23,1,MEATS,244.871
2016-07-24,1,MEATS,114.297005
2016-07-25,1,MEATS,290.647
2016-07-26,1,MEATS,240.847
2016-07-27,1,MEATS,280.729
2016-07-28,1,MEATS,258.025
2016-07-29,1,MEATS,648.407
2016-07-30,1,MEATS,258.242
2016-07-31,1,MEATS,101.004
2016-08-01,1,MEATS,351.058
2016-08-02,1,MEATS,271.078
2016-08-03,1,MEATS,299.049
2016-08-04,1,MEATS,306.441
2016-08-05,1,MEATS,685.26
2016-08-06,1,MEATS,222.347
2016-08-07,1,MEATS,94.503
2016-08-08,1,MEATS,273.726
2016-08-09,1,MEATS,284.136
2016-08-10,1,MEATS,255.756
2016-08-11,1,MEATS,293.995
2016-08-12,1,MEATS,333.872
2016-08-13,1,MEATS,210.158
2016-08-14,1,MEATS,76.891
2016-08-15,1,MEATS,232.473
2016-08-16,1,MEATS,347.93
2016-08-17,1,MEATS,264.374
2016-08-18,1,MEATS,233.966
2016-08-19,1,MEATS,462.159
2016-08-20,1,MEATS,204.303
2016-08-21,1,MEATS,105.303
2016-08-22,1,MEATS,253.76799
2016-08-23,1,MEATS,235.455
2016-08-24,1,MEATS,293.721
2016-08-25,1,MEATS,243.335
2016-08-26,1,MEATS,616.601
2016-08-27,1,MEATS,358.428
2016-08-28,1,MEATS,96.204
2016-08-29,1,MEATS,248.406
2016-08-30,1,MEATS,221.746
2016-08-31,1,MEATS,241.094
2016-09-01,1,MEATS,310.473
2016-09-02,1,MEATS,562.335
2016-09-03,1,MEATS,238.597
2016-09-04,1,MEATS,95.607
2016-09-05,1,MEATS,310.248
2016-09-06,1,MEATS,263.342
2016-09-07,1,MEATS,261.411
2016-09-08,1,MEATS,224.547
2016-09-09,1,MEATS,659.762
2016-09-10,1,MEATS,302.121
2016-09-11,1,MEATS,94.17
2016-09-12,1,MEATS,235.739
2016-09-13,1,MEATS,288.823
2016-09-14,1,MEATS,254.219
2016-09-15,1,MEATS,204.803
2016-09-16,1,MEATS,724.147
2016-09-17,1,MEATS,233.5
2016-09-18,1,MEATS,112.115
2016-09-19,1,MEATS,282.831
2016-09-20,1,MEATS,258.68
2016-09-21,1,MEATS,253.481
2016-09-22,1,MEATS,199.218
2016-09-23,1,MEATS,577.377
2016-09-24,1,MEATS,271.557
2016-09-25,1,MEATS,87.288
2016-09-26,1,MEATS,184.852
2016-09-27,1,MEATS,226.355
2016-09-28,1,MEATS,273.975
2016-09-29,1,MEATS,185.05501
2016-09-30,1,MEATS,571.232
2016-10-01,1,MEATS,292.338
2016-10-02,1,MEATS,126.773
2016-10-03,1,MEATS,271.103
2016-10-04,1,MEATS,302.542
2016-10-05,1,MEATS,225.917
2016-10-06,1,MEATS,252.93
2016-10-07,1,MEATS,652.297
2016-10-08,1,MEATS,233.411
2016-10-09,1,MEATS,112.968
2016-10-10,1,MEATS,252.162
2016-10-11,1,MEATS,237.56
2016-10-12,1,MEATS,235.281
2016-10-13,1,MEATS,280.991
2016-10-14,1,MEATS,678.452
2016-10-15,1,MEATS,238.733
2016-10-16,1,MEATS,127.689
2016-10-17,1,MEATS,254.086
2016-10-18,1,MEATS,237.098
2016-10-19,1,MEATS,219.287
2016-10-20,1,MEATS,279.41602
2016-10-21,1,MEATS,772.986
2016-10-22,1,MEATS,206.355
2016-10-23,1,MEATS,98.442
2016-10-24,1,MEATS,263.624
2016-10-25,1,MEATS,252.009
2016-10-26,1,MEATS,257.208
2016-10-27,1,MEATS,311.217
2016-10-28,1,MEATS,710.237
2016-10-29,1,MEATS,237.058
2016-10-30,1,MEATS,118.64
2016-10-31,1,MEATS,236.467
2016-11-01,1,MEATS,386.482
2016-11-02,1,MEATS,91.954
2016-11-03,1,MEATS,119.376
2016-11-04,1,MEATS,491.228
2016-11-05,1,MEATS,159.898
2016-11-06,1,MEATS,121.098
2016-11-07,1,MEATS,281.932
2016-11-08,1,MEATS,352.948
2016-11-09,1,MEATS,381.268
2016-11-10,1,MEATS,294.855
2016-11-11,1,MEATS,662.079
2016-11-12,1,MEATS,204.755
2016-11-13,1,MEATS,319.602
2016-11-14,1,MEATS,327.094
2016-11-15,1,MEATS,340.966
2016-11-16,1,MEATS,309.227
2016-11-17,1,MEATS,223.194
2016-11-18,1,MEATS,992.966
2016-11-19,1,MEATS,266.92
2016-11-20,1,MEATS,338.455
2016-11-21,1,MEATS,441.118
2016-11-22,1,MEATS,364.98898
2016-11-23,1,MEATS,301.177
2016-11-24,1,MEATS,284.198
2016-11-25,1,MEATS,985.141
2016-11-26,1,MEATS,176.837
2016-11-27,1,MEATS,102.334
2016-11-28,1,MEATS,372.85
2016-11-29,1,MEATS,440.941
2016-11-30,1,MEATS,322.938
2016-12-01,1,MEATS,244.25299
2016-12-02,1,MEATS,929.435
2016-12-03,1,MEATS,258.83002
2016-12-04,1,MEATS,111.673004
2016-12-05,1,MEATS,385.81
2016-12-06,1,MEATS,180.275
2016-12-07,1,MEATS,296.874
2016-12-08,1,MEATS,208.818
2016-12-09,1,MEATS,688.394
2016-12-10,1,MEATS,222.533
2016-12-11,1,MEATS,204.414
2016-12-12,1,MEATS,225.815
2016-12-13,1,MEATS,233.178
2016-12-14,1,MEATS,243.178
2016-12-15,1,MEATS,247.61299
2016-12-16,1,MEATS,687.601
2016-12-17,1,MEATS,263.457
2016-12-18,1,MEATS,176.26
2016-12-19,1,MEATS,242.654
2016-12-20,1,MEATS,270.232
2016-12-21,1,MEATS,322.45898
2016-12-22,1,MEATS,311.338
2016-12-23,1,MEATS,835.525
2016-12-24,1,MEATS,191.958
2016-12-26,1,MEATS,80.884
2016-12-27,1,MEATS,229.281
2016-12-28,1,MEATS,236.942
2016-12-29,1,MEATS,234.882
2016-12-30,1,MEATS,616.282
2016-12-31,1,MEATS,187.434
2017-01-01,1,MEATS,0.0
2017-01-02,1,MEATS,116.724
2017-01-03,1,MEATS,344.583
2017-01-04,1,MEATS,326.203
2017-01-05,1,MEATS,274.205
2017-01-06,1,MEATS,720.991
2017-01-07,1,MEATS,254.636
2017-01-08,1,MEATS,122.859
2017-01-09,1,MEATS,274.457
2017-01-10,1,MEATS,354.819
2017-01-11,1,MEATS,335.086
2017-01-12,1,MEATS,253.676
2017-01-13,1,MEATS,768.371
2017-01-14,1,MEATS,258.474
2017-01-15,1,MEATS,119.443
2017-01-16,1,MEATS,263.016
2017-01-17,1,MEATS,241.312
2017-01-18,1,MEATS,277.846
2017-01-19,1,MEATS,259.604
2017-01-20,1,MEATS,733.804
2017-01-21,1,MEATS,281.905
2017-01-22,1,MEATS,95.406
2017-01-23,1,MEATS,243.851
2017-01-24,1,MEATS,248.489
2017-01-25,1,MEATS,315.459
2017-01-26,1,MEATS,256.342
2017-01-27,1,MEATS,685.893
2017-01-28,1,MEATS,238.377
2017-01-29,1,MEATS,99.83
2017-01-30,1,MEATS,302.193
2017-01-31,1,MEATS,362.781
2017-02-01,1,MEATS,285.026
2017-02-02,1,MEATS,193.863
2017-02-03,1,MEATS,655.744
2017-02-04,1,MEATS,259.958
2017-02-05,1,MEATS,81.72
2017-02-06,1,MEATS,273.241
2017-02-07,1,MEATS,249.838
2017-02-08,1,MEATS,309.3
2017-02-09,1,MEATS,197.32901
2017-02-10,1,MEATS,609.167
2017-02-11,1,MEATS,306.706
2017-02-12,1,MEATS,114.379
2017-02-13,1,MEATS,274.905
2017-02-14,1,MEATS,259.894
2017-02-15,1,MEATS,341.423
2017-02-16,1,MEATS,307.091
2017-02-17,1,MEATS,792.446
2017-02-18,1,MEATS,388.552
2017-02-19,1,MEATS,101.986
2017-02-20,1,MEATS,298.638
2017-02-21,1,MEATS,339.413
2017-02-22,1,MEATS,221.786
2017-02-23,1,MEATS,264.777
2017-02-24,1,MEATS,701.473
2017-02-25,1,MEATS,314.033
2017-02-26,1,MEATS,82.119
2017-02-27,1,MEATS,66.156
2017-02-28,1,MEATS,111.985
2017-03-01,1,MEATS,367.102
2017-03-02,1,MEATS,379.065
2017-03-03,1,MEATS,562.386
2017-03-04,1,MEATS,256.888
2017-03-05,1,MEATS,101.709
2017-03-06,1,MEATS,245.266
2017-03-07,1,MEATS,299.861
2017-03-08,1,MEATS,275.203
2017-03-09,1,MEATS,446.685
2017-03-10,1,MEATS,613.192
2017-03-11,1,MEATS,279.109
2017-03-12,1,MEATS,118.355
2017-03-13,1,MEATS,265.276
2017-03-14,1,MEATS,236.247
2017-03-15,1,MEATS,320.413
2017-03-16,1,MEATS,227.29
2017-03-17,1,MEATS,1080.291
2017-03-18,1,MEATS,298.406
2017-03-19,1,MEATS,121.816
2017-03-20,1,MEATS,223.134
2017-03-21,1,MEATS,302.965
2017-03-22,1,MEATS,362.22
2017-03-23,1,MEATS,269.38
2017-03-24,1,MEATS,697.56
2017-03-25,1,MEATS,274.622
2017-03-26,1,MEATS,97.512
2017-03-27,1,MEATS,306.909
2017-03-28,1,MEATS,318.93298
2017-03-29,1,MEATS,299.498
2017-03-30,1,MEATS,304.513
2017-03-31,1,MEATS,641.74097
2017-04-01,1,MEATS,377.372
2017-04-02,1,MEATS,111.819
2017-04-03,1,MEATS,216.484
2017-04-04,1,MEATS,337.462
2017-04-05,1,MEATS,327.654
2017-04-06,1,MEATS,322.112
2017-04-07,1,MEATS,666.137
2017-04-08,1,MEATS,501.245
2017-04-09,1,MEATS,107.984
2017-04-10,1,MEATS,331.989
2017-04-11,1,MEATS,249.95
2017-04-12,1,MEATS,193.187
2017-04-13,1,MEATS,231.898
2017-04-14,1,MEATS,357.443
2017-04-15,1,MEATS,112.284
2017-04-16,1,MEATS,92.188
2017-04-17,1,MEATS,283.699
2017-04-18,1,MEATS,303.303
2017-04-19,1,MEATS,241.91
2017-04-20,1,MEATS,335.495
2017-04-21,1,MEATS,659.54297
2017-04-22,1,MEATS,292.12
2017-04-23,1,MEATS,122.285
2017-04-24,1,MEATS,330.03
2017-04-25,1,MEATS,218.86101
2017-04-26,1,MEATS,270.26
2017-04-27,1,MEATS,246.371
2017-04-28,1,MEATS,797.58704
2017-04-29,1,MEATS,300.507
2017-04-30,1,MEATS,87.319
2017-05-01,1,MEATS,70.039
2017-05-02,1,MEATS,378.861
2017-05-03,1,MEATS,408.748
2017-05-04,1,MEATS,279.7
2017-05-05,1,MEATS,893.13
2017-05-06,1,MEATS,285.99
2017-05-07,1,MEATS,118.398
2017-05-08,1,MEATS,262.865
2017-05-09,1,MEATS,329.262
2017-05-10,1,MEATS,263.566
2017-05-11,1,MEATS,250.201
2017-05-12,1,MEATS,685.932
2017-05-13,1,MEATS,249.904
2017-05-14,1,MEATS,121.785
2017-05-15,1,MEATS,259.611
2017-05-16,1,MEATS,218.047
2017-05-17,1,MEATS,300.755
2017-05-18,1,MEATS,418.99402
2017-05-19,1,MEATS,749.32
2017-05-20,1,MEATS,245.686
2017-05-21,1,MEATS,134.231
2017-05-22,1,MEATS,220.85
2017-05-23,1,MEATS,297.33
2017-05-24,1,MEATS,305.392
2017-05-25,1,MEATS,240.719
2017-05-26,1,MEATS,363.216
2017-05-27,1,MEATS,212.681
2017-05-28,1,MEATS,91.293
2017-05-29,1,MEATS,462.486
2017-05-30,1,MEATS,228.297
2017-05-31,1,MEATS,343.43298
2017-06-01,1,MEATS,264.052
2017-06-02,1,MEATS,645.513
2017-06-03,1,MEATS,529.893
2017-06-04,1,MEATS,112.665
2017-06-05,1,MEATS,248.552
2017-06-06,1,MEATS,253.407
2017-06-07,1,MEATS,315.24802
2017-06-08,1,MEATS,284.958
2017-06-09,1,MEATS,709.002
2017-06-10,1,MEATS,161.372
2017-06-11,1,MEATS,169.877
2017-06-12,1,MEATS,197.80501
2017-06-13,1,MEATS,284.787
2017-06-14,1,MEATS,259.078
2017-06-15,1,MEATS,315.79
2017-06-16,1,MEATS,741.206
2017-06-17,1,MEATS,314.448
2017-06-18,1,MEATS,82.618
2017-06-19,1,MEATS,226.78
2017-06-20,1,MEATS,574.981
2017-06-21,1,MEATS,293.84
2017-06-22,1,MEATS,316.308
2017-06-23,1,MEATS,575.063
2017-06-24,1,MEATS,273.322
2017-06-25,1,MEATS,84.392
2017-06-26,1,MEATS,253.579
2017-06-27,1,MEATS,239.53
2017-06-28,1,MEATS,276.242
2017-06-29,1,MEATS,275.604
2017-06-30,1,MEATS,873.484
2017-07-01,1,MEATS,332.281
2017-07-02,1,MEATS,112.194
2017-07-03,1,MEATS,269.704
2017-07-04,1,MEATS,319.655
2017-07-05,1,MEATS,269.724
2017-07-06,1,MEATS,271.036
2017-07-07,1,MEATS,589.263
2017-07-08,1,MEATS,253.448
2017-07-09,1,MEATS,100.701004
2017-07-10,1,MEATS,253.422
2017-07-11,1,MEATS,275.343
2017-07-12,1,MEATS,252.378
2017-07-13,1,MEATS,230.967
2017-07-14,1,MEATS,569.363
2017-07-15,1,MEATS,262.277
2017-07-16,1,MEATS,90.05
2017-07-17,1,MEATS,224.84999
2017-07-18,1,MEATS,327.487
2017-07-19,1,MEATS,284.469
2017-07-20,1,MEATS,247.424
2017-07-21,1,MEATS,743.928
2017-07-22,1,MEATS,470.419
2017-07-23,1,MEATS,143.506
2017-07-24,1,MEATS,417.179
2017-07-25,1,MEATS,248.94301
2017-07-26,1,MEATS,284.578
2017-07-27,1,MEATS,269.968
2017-07-28,1,MEATS,546.222
2017-07-29,1,MEATS,204.293
2017-07-30,1,MEATS,165.56999
2017-07-31,1,MEATS,254.116
2017-08-01,1,MEATS,336.499
2017-08-02,1,MEATS,270.592
2017-08-03,1,MEATS,272.606
2017-08-04,1,MEATS,639.55096
2017-08-05,1,MEATS,481.923
2017-08-06,1,MEATS,116.098
2017-08-07,1,MEATS,236.746
2017-08-08,1,MEATS,226.22499
2017-08-09,1,MEATS,373.666
2017-08-10,1,MEATS,243.94301
2017-08-11,1,MEATS,385.99402
2017-08-12,1,MEATS,211.756
2017-08-13,1,MEATS,88.182
2017-08-14,1,MEATS,192.763
2017-08-15,1,MEATS,274.176
2016-01-01,1,PERSONAL CARE,0.0
2016-01-02,1,PERSONAL CARE,125.0
2016-01-03,1,PERSONAL CARE,71.0
2016-01-04,1,PERSONAL CARE,210.0
2016-01-05,1,PERSONAL CARE,211.0
2016-01-06,1,PERSONAL CARE,242.0
2016-01-07,1,PERSONAL CARE,155.0
2016-01-08,1,PERSONAL CARE,140.0
2016-01-09,1,PERSONAL CARE,139.0
2016-01-10,1,PERSONAL CARE,80.0
2016-01-11,1,PERSONAL CARE,142.0
2016-01-12,1,PERSONAL CARE,180.0
2016-01-13,1,PERSONAL CARE,187.0
2016-01-14,1,PERSONAL CARE,168.0
2016-01-15,1,PERSONAL CARE,158.0
2016-01-16,1,PERSONAL CARE,209.0
2016-01-17,1,PERSONAL CARE,61.0
2016-01-18,1,PERSONAL CARE,155.0
2016-01-19,1,PERSONAL CARE,179.0
2016-01-20,1,PERSONAL CARE,160.0
2016-01-21,1,PERSONAL CARE,147.0
2016-01-22,1,PERSONAL CARE,139.0
2016-01-23,1,PERSONAL CARE,173.0
2016-01-24,1,PERSONAL CARE,78.0
2016-01-25,1,PERSONAL CARE,182.0
2016-01-26,1,PERSONAL CARE,160.0
2016-01-27,1,PERSONAL CARE,158.0
2016-01-28,1,PERSONAL CARE,142.0
2016-01-29,1,PERSONAL CARE,152.0
2016-01-30,1,PERSONAL CARE,183.0
2016-01-31,1,PERSONAL CARE,84.0
2016-02-01,1,PERSONAL CARE,172.0
2016-02-02,1,PERSONAL CARE,165.0
2016-02-03,1,PERSONAL CARE,190.0
2016-02-04,1,PERSONAL CARE,149.0
2016-02-05,1,PERSONAL CARE,137.0
2016-02-06,1,PERSONAL CARE,182.0
2016-02-07,1,PERSONAL CARE,41.0
2016-02-08,1,PERSONAL CARE,35.0
2016-02-09,1,PERSONAL CARE,55.0
2016-02-10,1,PERSONAL CARE,144.0
2016-02-11,1,PERSONAL CARE,132.0
2016-02-12,1,PERSONAL CARE,175.0
2016-02-13,1,PERSONAL CARE,177.0
2016-02-14,1,PERSONAL CARE,74.0
2016-02-15,1,PERSONAL CARE,170.0
2016-02-16,1,PERSONAL CARE,229.0
2016-02-17,1,PERSONAL CARE,177.0
2016-02-18,1,PERSONAL CARE,160.0
2016-02-19,1,PERSONAL CARE,162.0
2016-02-20,1,PERSONAL CARE,177.0
2016-02-21,1,PERSONAL CARE,56.0
2016-02-22,1,PERSONAL CARE,140.0
2016-02-23,1,PERSONAL CARE,178.0
2016-02-24,1,PERSONAL CARE,141.0
2016-02-25,1,PERSONAL CARE,120.0
2016-02-26,1,PERSONAL CARE,153.0
2016-02-27,1,PERSONAL CARE,196.0
2016-02-28,1,PERSONAL CARE,90.0
2016-02-29,1,PERSONAL CARE,209.0
2016-03-01,1,PERSONAL CARE,214.0
2016-03-02,1,PERSONAL CARE,231.0
2016-03-03,1,PERSONAL CARE,183.0
2016-03-04,1,PERSONAL CARE,146.0
2016-03-05,1,PERSONAL CARE,208.0
2016-03-06,1,PERSONAL CARE,93.0
2016-03-07,1,PERSONAL CARE,161.0
2016-03-08,1,PERSONAL CARE,159.0
2016-03-09,1,PERSONAL CARE,144.0
2016-03-10,1,PERSONAL CARE,155.0
2016-03-11,1,PERSONAL CARE,150.0
2016-03-12,1,PERSONAL CARE,181.0
2016-03-13,1,PERSONAL CARE,70.0
2016-03-14,1,PERSONAL CARE,129.0
2016-03-15,1,PERSONAL CARE,179.0
2016-03-16,1,PERSONAL CARE,190.0
2016-03-17,1,PERSONAL CARE,139.0
2016-03-18,1,PERSONAL CARE,109.0
2016-03-19,1,PERSONAL CARE,164.0
2016-03-20,1,PERSONAL CARE,82.0
2016-03-21,1,PERSONAL CARE,148.0
2016-03-22,1,PERSONAL CARE,159.0
2016-03-23,1,PERSONAL CARE,183.0
2016-03-24,1,PERSONAL CARE,148.0
2016-03-25,1,PERSONAL CARE,45.0
2016-03-26,1,PERSONAL CARE,85.0
2016-03-27,1,PERSONAL CARE,54.0
2016-03-28,1,PERSONAL CARE,127.0
2016-03-29,1,PERSONAL CARE,137.0
2016-03-30,1,PERSONAL CARE,134.0
2016-03-31,1,PERSONAL CARE,147.0
2016-04-01,1,PERSONAL CARE,196.0
2016-04-02,1,PERSONAL CARE,218.0
2016-04-03,1,PERSONAL CARE,123.0
2016-04-04,1,PERSONAL CARE,210.0
2016-04-05,1,PERSONAL CARE,151.0
2016-04-06,1,PERSONAL CARE,185.0
2016-04-07,1,PERSONAL CARE,131.0
2016-04-08,1,PERSONAL CARE,132.0
2016-04-09,1,PERSONAL CARE,140.0
2016-04-10,1,PERSONAL CARE,54.0
2016-04-11,1,PERSONAL CARE,212.0
2016-04-12,1,PERSONAL CARE,155.0
2016-04-13,1,PERSONAL CARE,148.0
2016-04-14,1,PERSONAL CARE,129.0
2016-04-15,1,PERSONAL CARE,134.0
2016-04-16,1,PERSONAL CARE,148.0
2016-04-17,1,PERSONAL CARE,202.0
2016-04-18,1,PERSONAL CARE,585.0
2016-04-19,1,PERSONAL CARE,705.0
2016-04-20,1,PERSONAL CARE,361.0
2016-04-21,1,PERSONAL CARE,344.0
2016-04-22,1,PERSONAL CARE,194.0
2016-04-23,1,PERSONAL CARE,206.0
2016-04-24,1,PERSONAL CARE,74.0
2016-04-25,1,PERSONAL CARE,183.0
2016-04-26,1,PERSONAL CARE,190.0
2016-04-27,1,PERSONAL CARE,176.0
2016-04-28,1,PERSONAL CARE,210.0
2016-04-29,1,PERSONAL CARE,149.0
2016-04-30,1,PERSONAL CARE,207.0
2016-05-01,1,PERSONAL CARE,82.0
2016-05-02,1,PERSONAL CARE,186.0
2016-05-03,1,PERSONAL CARE,174.0
2016-05-04,1,PERSONAL CARE,224.0
2016-05-05,1,PERSONAL CARE,138.0
2016-05-06,1,PERSONAL CARE,162.0
2016-05-07,1,PERSONAL CARE,219.0
2016-05-08,1,PERSONAL CARE,55.0
2016-05-09,1,PERSONAL CARE,184.0
2016-05-10,1,PERSONAL CARE,131.0
2016-05-11,1,PERSONAL CARE,183.0
2016-05-12,1,PERSONAL CARE,132.0
2016-05-13,1,PERSONAL CARE,155.0
2016-05-14,1,PERSONAL CARE,180.0
2016-05-15,1,PERSONAL CARE,58.0
2016-05-16,1,PERSONAL CARE,198.0
2016-05-17,1,PERSONAL CARE,173.0
2016-05-18,1,PERSONAL CARE,193.0
2016-05-19,1,PERSONAL CARE,113.0
2016-05-20,1,PERSONAL CARE,120.0
2016-05-21,1,PERSONAL CARE,217.0
2016-05-22,1,PERSONAL CARE,76.0
2016-05-23,1,PERSONAL CARE,153.0
2016-05-24,1,PERSONAL CARE,120.0
2016-05-25,1,PERSONAL CARE,171.0
2016-05-26,1,PERSONAL CARE,161.0
2016-05-27,1,PERSONAL CARE,59.0
2016-05-28,1,PERSONAL CARE,137.0
2016-05-29,1,PERSONAL CARE,70.0
2016-05-30,1,PERSONAL CARE,169.0
2016-05-31,1,PERSONAL CARE,263.0
2016-06-01,1,PERSONAL CARE,188.0
2016-06-02,1,PERSONAL CARE,143.0
2016-06-03,1,PERSONAL CARE,174.0
2016-06-04,1,PERSONAL CARE,184.0
2016-06-05,1,PERSONAL CARE,52.0
2016-06-06,1,PERSONAL CARE,178.0
2016-06-07,1,PERSONAL CARE,164.0
2016-06-08,1,PERSONAL CARE,198.0
2016-06-09,1,PERSONAL CARE,133.0
2016-06-10,1,PERSONAL CARE,103.0
2016-06-11,1,PERSONAL CARE,169.0
2016-06-12,1,PERSONAL CARE,53.0
2016-06-13,1,PERSONAL CARE,188.0
2016-06-14,1,PERSONAL CARE,136.0
2016-06-15,1,PERSONAL CARE,163.0
2016-06-16,1,PERSONAL CARE,144.0
2016-06-17,1,PERSONAL CARE,121.0
2016-06-18,1,PERSONAL CARE,133.0
2016-06-19,1,PERSONAL CARE,77.0
2016-06-20,1,PERSONAL CARE,258.0
2016-06-21,1,PERSONAL CARE,116.0
2016-06-22,1,PERSONAL CARE,153.0
2016-06-23,1,PERSONAL CARE,154.0
2016-06-24,1,PERSONAL CARE,111.0
2016-06-25,1,PERSONAL CARE,146.0
2016-06-26,1,PERSONAL CARE,57.0
2016-06-27,1,PERSONAL CARE,162.0
2016-06-28,1,PERSONAL CARE,126.0
2016-06-29,1,PERSONAL CARE,157.0
2016-06-30,1,PERSONAL CARE,135.0
2016-07-01,1,PERSONAL CARE,187.0
2016-07-02,1,PERSONAL CARE,185.0
2016-07-03,1,PERSONAL CARE,89.0
2016-07-04,1,PERSONAL CARE,174.0
2016-07-05,1,PERSONAL CARE,172.0
2016-07-06,1,PERSONAL CARE,213.0
2016-07-07,1,PERSONAL CARE,172.0
2016-07-08,1,PERSONAL CARE,166.0
2016-07-09,1,PERSONAL CARE,133.0
2016-07-10,1,PERSONAL CARE,64.0
2016-07-11,1,PERSONAL CARE,161.0
2016-07-12,1,PERSONAL CARE,138.0
2016-07-13,1,PERSONAL CARE,135.0
2016-07-14,1,PERSONAL CARE,122.0
2016-07-15,1,PERSONAL CARE,142.0
2016-07-16,1,PERSONAL CARE,187.0
2016-07-17,1,PERSONAL CARE,71.0
2016-07-18,1,PERSONAL CARE,144.0
2016-07-19,1,PERSONAL CARE,155.0
2016-07-20,1,PERSONAL CARE,136.0
2016-07-21,1,PERSONAL CARE,139.0
2016-07-22,1,PERSONAL CARE,126.0
2016-07-23,1,PERSONAL CARE,106.0
2016-07-24,1,PERSONAL CARE,56.0
2016-07-25,1,PERSONAL CARE,140.0
2016-07-26,1,PERSONAL CARE,131.0
2016-07-27,1,PERSONAL CARE,115.0
2016-07-28,1,PERSONAL CARE,116.0
2016-07-29,1,PERSONAL CARE,80.0
2016-07-30,1,PERSONAL CARE,190.0
2016-07-31,1,PERSONAL CARE,58.0
2016-08-01,1,PERSONAL CARE,198.0
2016-08-02,1,PERSONAL CARE,152.0
2016-08-03,1,PERSONAL CARE,200.0
2016-08-04,1,PERSONAL CARE,156.0
2016-08-05,1,PERSONAL CARE,138.0
2016-08-06,1,PERSONAL CARE,135.0
2016-08-07,1,PERSONAL CARE,49.0
2016-08-08,1,PERSONAL CARE,153.0
2016-08-09,1,PERSONAL CARE,176.0
2016-08-10,1,PERSONAL CARE,138.0
2016-08-11,1,PERSONAL CARE,156.0
2016-08-12,1,PERSONAL CARE,46.0
2016-08-13,1,PERSONAL CARE,105.0
2016-08-14,1,PERSONAL CARE,47.0
2016-08-15,1,PERSONAL CARE,156.0
2016-08-16,1,PERSONAL CARE,158.0
2016-08-17,1,PERSONAL CARE,165.0
2016-08-18,1,PERSONAL CARE,145.0
2016-08-19,1,PERSONAL CARE,133.0
2016-08-20,1,PERSONAL CARE,160.0
2016-08-21,1,PERSONAL CARE,59.0
2016-08-22,1,PERSONAL CARE,127.0
2016-08-23,1,PERSONAL CARE,174.0
2016-08-24,1,PERSONAL CARE,147.0
2016-08-25,1,PERSONAL CARE,139.0
2016-08-26,1,PERSONAL CARE,135.0
2016-08-27,1,PERSONAL CARE,159.0
2016-08-28,1,PERSONAL CARE,71.0
2016-08-29,1,PERSONAL CARE,152.0
2016-08-30,1,PERSONAL CARE,152.0
2016-08-31,1,PERSONAL CARE,176.0
2016-09-01,1,PERSONAL CARE,165.0
2016-09-02,1,PERSONAL CARE,186.0
2016-09-03,1,PERSONAL CARE,197.0
2016-09-04,1,PERSONAL CARE,92.0
2016-09-05,1,PERSONAL CARE,184.0
2016-09-06,1,PERSONAL CARE,203.0
2016-09-07,1,PERSONAL CARE,145.0
2016-09-08,1,PERSONAL CARE,226.0
2016-09-09,1,PERSONAL CARE,180.0
2016-09-10,1,PERSONAL CARE,204.0
2016-09-11,1,PERSONAL CARE,74.0
2016-09-12,1,PERSONAL CARE,169.0
2016-09-13,1,PERSONAL CARE,138.0
2016-09-14,1,PERSONAL CARE,133.0
2016-09-15,1,PERSONAL CARE,149.0
2016-09-16,1,PERSONAL CARE,133.0
2016-09-17,1,PERSONAL CARE,137.0
2016-09-18,1,PERSONAL CARE,73.0
2016-09-19,1,PERSONAL CARE,162.0
2016-09-20,1,PERSONAL CARE,138.0
2016-09-21,1,PERSONAL CARE,172.0
2016-09-22,1,PERSONAL CARE,130.0
2016-09-23,1,PERSONAL CARE,131.0
2016-09-24,1,PERSONAL CARE,126.0
2016-09-25,1,PERSONAL CARE,80.0
2016-09-26,1,PERSONAL CARE,134.0
2016-09-27,1,PERSONAL CARE,133.0
2016-09-28,1,PERSONAL CARE,136.0
2016-09-29,1,PERSONAL CARE,104.0
2016-09-30,1,PERSONAL CARE,140.0
2016-10-01,1,PERSONAL CARE,194.0
2016-10-02,1,PERSONAL CARE,102.0
2016-10-03,1,PERSONAL CARE,186.0
2016-10-04,1,PERSONAL CARE,170.0
2016-10-05,1,PERSONAL CARE,142.0
2016-10-06,1,PERSONAL CARE,130.0
2016-10-07,1,PERSONAL CARE,141.0
2016-10-08,1,PERSONAL CARE,131.0
2016-10-09,1,PERSONAL CARE,98.0
2016-10-10,1,PERSONAL CARE,147.0
2016-10-11,1,PERSONAL CARE,132.0
2016-10-12,1,PERSONAL CARE,146.0
2016-10-13,1,PERSONAL CARE,126.0
2016-10-14,1,PERSONAL CARE,127.0
2016-10-15,1,PERSONAL CARE,172.0
2016-10-16,1,PERSONAL CARE,93.0
2016-10-17,1,PERSONAL CARE,171.0
2016-10-18,1,PERSONAL CARE,136.0
2016-10-19,1,PERSONAL CARE,191.0
2016-10-20,1,PERSONAL CARE,130.0
2016-10-21,1,PERSONAL CARE,118.0
2016-10-22,1,PERSONAL CARE,142.0
2016-10-23,1,PERSONAL CARE,86.0
2016-10-24,1,PERSONAL CARE,142.0
2016-10-25,1,PERSONAL CARE,118.0
2016-10-26,1,PERSONAL CARE,142.0
2016-10-27,1,PERSONAL CARE,127.0
2016-10-28,1,PERSONAL CARE,121.0
2016-10-29,1,PERSONAL CARE,174.0
2016-10-30,1,PERSONAL CARE,72.0
2016-10-31,1,PERSONAL CARE,114.0
2016-11-01,1,PERSONAL CARE,207.0
2016-11-02,1,PERSONAL CARE,51.0
2016-11-03,1,PERSONAL CARE,49.0
2016-11-04,1,PERSONAL CARE,85.0
2016-11-05,1,PERSONAL CARE,106.0
2016-11-06,1,PERSONAL CARE,74.0
2016-11-07,1,PERSONAL CARE,167.0
2016-11-08,1,PERSONAL CARE,218.0
2016-11-09,1,PERSONAL CARE,188.0
2016-11-10,1,PERSONAL CARE,130.0
2016-11-11,1,PERSONAL CARE,154.0
2016-11-12,1,PERSONAL CARE,136.0
2016-11-13,1,PERSONAL CARE,99.0
2016-11-14,1,PERSONAL CARE,128.0
2016-11-15,1,PERSONAL CARE,153.0
2016-11-16,1,PERSONAL CARE,201.0
2016-11-17,1,PERSONAL CARE,171.0
2016-11-18,1,PERSONAL CARE,155.0
2016-11-19,1,PERSONAL CARE,153.0
2016-11-20,1,PERSONAL CARE,59.0
2016-11-21,1,PERSONAL CARE,187.0
2016-11-22,1,PERSONAL CARE,170.0
2016-11-23,1,PERSONAL CARE,162.0
2016-11-24,1,PERSONAL CARE,108.0
2016-11-25,1,PERSONAL CARE,163.0
2016-11-26,1,PERSONAL CARE,126.0
2016-11-27,1,PERSONAL CARE,67.0
2016-11-28,1,PERSONAL CARE,136.0
2016-11-29,1,PERSONAL CARE,138.0
2016-11-30,1,PERSONAL CARE,156.0
2016-12-01,1,PERSONAL CARE,153.0
2016-12-02,1,PERSONAL CARE,137.0
2016-12-03,1,PERSONAL CARE,127.0
2016-12-04,1,PERSONAL CARE,68.0
2016-12-05,1,PERSONAL CARE,106.0
2016-12-06,1,PERSONAL CARE,40.0
2016-12-07,1,PERSONAL CARE,214.0
2016-12-08,1,PERSONAL CARE,200.0
2016-12-09,1,PERSONAL CARE,141.0
2016-12-10,1,PERSONAL CARE,148.0
2016-12-11,1,PERSONAL CARE,96.0
2016-12-12,1,PERSONAL CARE,166.0
2016-12-13,1,PERSONAL CARE,198.0
2016-12-14,1,PERSONAL CARE,168.0
2016-12-15,1,PERSONAL CARE,162.0
2016-12-16,1,PERSONAL CARE,179.0
2016-12-17,1,PERSONAL CARE,205.0
2016-12-18,1,PERSONAL CARE,101.0
2016-12-19,1,PERSONAL CARE,165.0
2016-12-20,1,PERSONAL CARE,195.0
2016-12-21,1,PERSONAL CARE,176.0
2016-12-22,1,PERSONAL CARE,160.0
2016-12-23,1,PERSONAL CARE,172.0
2016-12-24,1,PERSONAL CARE,143.0
2016-12-26,1,PERSONAL CARE,74.0
2016-12-27,1,PERSONAL CARE,223.0
2016-12-28,1,PERSONAL CARE,192.0
2016-12-29,1,PERSONAL CARE,157.0
2016-12-30,1,PERSONAL CARE,154.0
2016-12-31,1,PERSONAL CARE,150.0
2017-01-01,1,PERSONAL CARE,0.0
2017-01-02,1,PERSONAL CARE,81.0
2017-01-03,1,PERSONAL CARE,258.0
2017-01-04,1,PERSONAL CARE,243.0
2017-01-05,1,PERSONAL CARE,188.0
2017-01-06,1,PERSONAL CARE,178.0
2017-01-07,1,PERSONAL CARE,165.0
2017-01-08,1,PERSONAL CARE,91.0
2017-01-09,1,PERSONAL CARE,798.0
2017-01-10,1,PERSONAL CARE,179.0
2017-01-11,1,PERSONAL CARE,188.0
2017-01-12,1,PERSONAL CARE,148.0
2017-01-13,1,PERSONAL CARE,153.0
2017-01-14,1,PERSONAL CARE,159.0
2017-01-15,1,PERSONAL CARE,91.0
2017-01-16,1,PERSONAL CARE,155.0
2017-01-17,1,PERSONAL CARE,232.0
2017-01-18,1,PERSONAL CARE,188.0
2017-01-19,1,PERSONAL CARE,132.0
2017-01-20,1,PERSONAL CARE,77.0
2017-01-21,1,PERSONAL CARE,191.0
2017-01-22,1,PERSONAL CARE,83.0
2017-01-23,1,PERSONAL CARE,153.0
2017-01-24,1,PERSONAL CARE,287.0
2017-01-25,1,PERSONAL CARE,323.0
2017-01-26,1,PERSONAL CARE,295.0
2017-01-27,1,PERSONAL CARE,119.0
2017-01-28,1,PERSONAL CARE,153.0
2017-01-29,1,PERSONAL CARE,84.0
2017-01-30,1,PERSONAL CARE,179.0
2017-01-31,1,PERSONAL CARE,136.0
2017-02-01,1,PERSONAL CARE,231.0
2017-02-02,1,PERSONAL CARE,326.0
2017-02-03,1,PERSONAL CARE,169.0
2017-02-04,1,PERSONAL CARE,177.0
2017-02-05,1,PERSONAL CARE,74.0
2017-02-06,1,PERSONAL CARE,174.0
2017-02-07,1,PERSONAL CARE,209.0
2017-02-08,1,PERSONAL CARE,130.0
2017-02-09,1,PERSONAL CARE,153.0
2017-02-10,1,PERSONAL CARE,164.0
2017-02-11,1,PERSONAL CARE,181.0
2017-02-12,1,PERSONAL CARE,82.0
2017-02-13,1,PERSONAL CARE,177.0
2017-02-14,1,PERSONAL CARE,110.0
2017-02-15,1,PERSONAL CARE,167.0
2017-02-16,1,PERSONAL CARE,118.0
2017-02-17,1,PERSONAL CARE,155.0
2017-02-18,1,PERSONAL CARE,188.0
2017-02-19,1,PERSONAL CARE,66.0
2017-02-20,1,PERSONAL CARE,164.0
2017-02-21,1,PERSONAL CARE,198.0
2017-02-22,1,PERSONAL CARE,135.0
2017-02-23,1,PERSONAL CARE,167.0
2017-02-24,1,PERSONAL CARE,143.0
2017-02-25,1,PERSONAL CARE,135.0
2017-02-26,1,PERSONAL CARE,43.0
2017-02-27,1,PERSONAL CARE,32.0
2017-02-28,1,PERSONAL CARE,64.0
2017-03-01,1,PERSONAL CARE,188.0
2017-03-02,1,PERSONAL CARE,201.0
2017-03-03,1,PERSONAL CARE,169.0
2017-03-04,1,PERSONAL CARE,133.0
2017-03-05,1,PERSONAL CARE,70.0
2017-03-06,1,PERSONAL CARE,147.0
2017-03-07,1,PERSONAL CARE,200.0
2017-03-08,1,PERSONAL CARE,142.0
2017-03-09,1,PERSONAL CARE,131.0
2017-03-10,1,PERSONAL CARE,118.0
2017-03-11,1,PERSONAL CARE,178.0
2017-03-12,1,PERSONAL CARE,76.0
2017-03-13,1,PERSONAL CARE,152.0
2017-03-14,1,PERSONAL CARE,124.0
2017-03-15,1,PERSONAL CARE,184.0
2017-03-16,1,PERSONAL CARE,150.0
2017-03-17,1,PERSONAL CARE,178.0
2017-03-18,1,PERSONAL CARE,149.0
2017-03-19,1,PERSONAL CARE,82.0
2017-03-20,1,PERSONAL CARE,159.0
2017-03-21,1,PERSONAL CARE,172.0
2017-03-22,1,PERSONAL CARE,183.0
2017-03-23,1,PERSONAL CARE,131.0
2017-03-24,1,PERSONAL CARE,159.0
2017-03-25,1,PERSONAL CARE,172.0
2017-03-26,1,PERSONAL CARE,84.0
2017-03-27,1,PERSONAL CARE,153.0
2017-03-28,1,PERSONAL CARE,147.0
2017-03-29,1,PERSONAL CARE,183.0
2017-03-30,1,PERSONAL CARE,108.0
2017-03-31,1,PERSONAL CARE,137.0
2017-04-01,1,PERSONAL CARE,263.0
2017-04-02,1,PERSONAL CARE,79.0
2017-04-03,1,PERSONAL CARE,170.0
2017-04-04,1,PERSONAL CARE,178.0
2017-04-05,1,PERSONAL CARE,196.0
2017-04-06,1,PERSONAL CARE,163.0
2017-04-07,1,PERSONAL CARE,138.0
2017-04-08,1,PERSONAL CARE,138.0
2017-04-09,1,PERSONAL CARE,87.0
2017-04-10,1,PERSONAL CARE,113.0
2017-04-11,1,PERSONAL CARE,158.0
2017-04-12,1,PERSONAL CARE,145.0
2017-04-13,1,PERSONAL CARE,131.0
2017-04-14,1,PERSONAL CARE,30.0
2017-04-15,1,PERSONAL CARE,103.0
2017-04-16,1,PERSONAL CARE,41.0
2017-04-17,1,PERSONAL CARE,149.0
2017-04-18,1,PERSONAL CARE,161.0
2017-04-19,1,PERSONAL CARE,141.0
2017-04-20,1,PERSONAL CARE,131.0
2017-04-21,1,PERSONAL CARE,177.0
2017-04-22,1,PERSONAL CARE,183.0
2017-04-23,1,PERSONAL CARE,69.0
2017-04-24,1,PERSONAL CARE,120.0
2017-04-25,1,PERSONAL CARE,124.0
2017-04-26,1,PERSONAL CARE,166.0
2017-04-27,1,PERSONAL CARE,121.0
2017-04-28,1,PERSONAL CARE,120.0
2017-04-29,1,PERSONAL CARE,157.0
2017-04-30,1,PERSONAL CARE,54.0
2017-05-01,1,PERSONAL CARE,43.0
2017-05-02,1,PERSONAL CARE,259.0
2017-05-03,1,PERSONAL CARE,230.0
2017-05-04,1,PERSONAL CARE,136.0
2017-05-05,1,PERSONAL CARE,153.0
2017-05-06,1,PERSONAL CARE,185.0
2017-05-07,1,PERSONAL CARE,69.0
2017-05-08,1,PERSONAL CARE,186.0
2017-05-09,1,PERSONAL CARE,145.0
2017-05-10,1,PERSONAL CARE,134.0
2017-05-11,1,PERSONAL CARE,93.0
2017-05-12,1,PERSONAL CARE,128.0
2017-05-13,1,PERSONAL CARE,153.0
2017-05-14,1,PERSONAL CARE,37.0
2017-05-15,1,PERSONAL CARE,138.0
2017-05-16,1,PERSONAL CARE,163.0
2017-05-17,1,PERSONAL CARE,147.0
2017-05-18,1,PERSONAL CARE,135.0
2017-05-19,1,PERSONAL CARE,135.0
2017-05-20,1,PERSONAL CARE,208.0
2017-05-21,1,PERSONAL CARE,73.0
2017-05-22,1,PERSONAL CARE,176.0
2017-05-23,1,PERSONAL CARE,150.0
2017-05-24,1,PERSONAL CARE,134.0
2017-05-25,1,PERSONAL CARE,105.0
2017-05-26,1,PERSONAL CARE,57.0
2017-05-27,1,PERSONAL CARE,123.0
2017-05-28,1,PERSONAL CARE,55.0
2017-05-29,1,PERSONAL CARE,178.0
2017-05-30,1,PERSONAL CARE,141.0
2017-05-31,1,PERSONAL CARE,167.0
2017-06-01,1,PERSONAL CARE,158.0
2017-06-02,1,PERSONAL CARE,181.0
2017-06-03,1,PERSONAL CARE,221.0
2017-06-04,1,PERSONAL CARE,72.0
2017-06-05,1,PERSONAL CARE,179.0
2017-06-06,1,PERSONAL CARE,240.0
2017-06-07,1,PERSONAL CARE,191.0
2017-06-08,1,PERSONAL CARE,164.0
2017-06-09,1,PERSONAL CARE,170.0
2017-06-10,1,PERSONAL CARE,187.0
2017-06-11,1,PERSONAL CARE,81.0
2017-06-12,1,PERSONAL CARE,138.0
2017-06-13,1,PERSONAL CARE,176.0
2017-06-14,1,PERSONAL CARE,154.0
2017-06-15,1,PERSONAL CARE,130.0
2017-06-16,1,PERSONAL CARE,119.0
2017-06-17,1,PERSONAL CARE,163.0
2017-06-18,1,PERSONAL CARE,90.0
2017-06-19,1,PERSONAL CARE,186.0
2017-06-20,1,PERSONAL CARE,179.0
2017-06-21,1,PERSONAL CARE,175.0
2017-06-22,1,PERSONAL CARE,111.0
2017-06-23,1,PERSONAL CARE,117.0
2017-06-24,1,PERSONAL CARE,158.0
2017-06-25,1,PERSONAL CARE,75.0
2017-06-26,1,PERSONAL CARE,154.0
2017-06-27,1,PERSONAL CARE,125.0
2017-06-28,1,PERSONAL CARE,143.0
2017-06-29,1,PERSONAL CARE,96.0
2017-06-30,1,PERSONAL CARE,127.0
2017-07-01,1,PERSONAL CARE,153.0
2017-07-02,1,PERSONAL CARE,75.0
2017-07-03,1,PERSONAL CARE,175.0
2017-07-04,1,PERSONAL CARE,181.0
2017-07-05,1,PERSONAL CARE,160.0
2017-07-06,1,PERSONAL CARE,128.0
2017-07-07,1,PERSONAL CARE,143.0
2017-07-08,1,PERSONAL CARE,160.0
2017-07-09,1,PERSONAL CARE,55.0
2017-07-10,1,PERSONAL CARE,180.0
2017-07-11,1,PERSONAL CARE,124.0
2017-07-12,1,PERSONAL CARE,171.0
2017-07-13,1,PERSONAL CARE,120.0
2017-07-14,1,PERSONAL CARE,183.0
2017-07-15,1,PERSONAL CARE,130.0
2017-07-16,1,PERSONAL CARE,63.0
2017-07-17,1,PERSONAL CARE,178.0
2017-07-18,1,PERSONAL CARE,140.0
2017-07-19,1,PERSONAL CARE,128.0
2017-07-20,1,PERSONAL CARE,176.0
2017-07-21,1,PERSONAL CARE,121.0
2017-07-22,1,PERSONAL CARE,160.0
2017-07-23,1,PERSONAL CARE,83.0
2017-07-24,1,PERSONAL CARE,177.0
2017-07-25,1,PERSONAL CARE,152.0
2017-07-26,1,PERSONAL CARE,167.0
2017-07-27,1,PERSONAL CARE,137.0
2017-07-28,1,PERSONAL CARE,140.0
2017-07-29,1,PERSONAL CARE,134.0
2017-07-30,1,PERSONAL CARE,62.0
2017-07-31,1,PERSONAL CARE,194.0
2017-08-01,1,PERSONAL CARE,166.0
2017-08-02,1,PERSONAL CARE,169.0
2017-08-03,1,PERSONAL CARE,149.0
2017-08-04,1,PERSONAL CARE,138.0
2017-08-05,1,PERSONAL CARE,154.0
2017-08-06,1,PERSONAL CARE,74.0
2017-08-07,1,PERSONAL CARE,187.0
2017-08-08,1,PERSONAL CARE,239.0
2017-08-09,1,PERSONAL CARE,288.0
2017-08-10,1,PERSONAL CARE,183.0
2017-08-11,1,PERSONAL CARE,53.0
2017-08-12,1,PERSONAL CARE,227.0
2017-08-13,1,PERSONAL CARE,45.0
2017-08-14,1,PERSONAL CARE,159.0
2017-08-15,1,PERSONAL CARE,173.0
2016-01-01,1,PET SUPPLIES,0.0
2016-01-02,1,PET SUPPLIES,12.0
2016-01-03,1,PET SUPPLIES,2.0
2016-01-04,1,PET SUPPLIES,12.0
2016-01-05,1,PET SUPPLIES,15.0
2016-01-06,1,PET SUPPLIES,2.0
2016-01-07,1,PET SUPPLIES,5.0
2016-01-08,1,PET SUPPLIES,3.0
2016-01-09,1,PET SUPPLIES,5.0
2016-01-10,1,PET SUPPLIES,2.0
2016-01-11,1,PET SUPPLIES,8.0
2016-01-12,1,PET SUPPLIES,9.0
2016-01-13,1,PET SUPPLIES,3.0
2016-01-14,1,PET SUPPLIES,5.0
2016-01-15,1,PET SUPPLIES,9.0
2016-01-16,1,PET SUPPLIES,7.0
2016-01-17,1,PET SUPPLIES,2.0
2016-01-18,1,PET SUPPLIES,3.0
2016-01-19,1,PET SUPPLIES,4.0
2016-01-20,1,PET SUPPLIES,9.0
2016-01-21,1,PET SUPPLIES,4.0
2016-01-22,1,PET SUPPLIES,7.0
2016-01-23,1,PET SUPPLIES,2.0
2016-01-24,1,PET SUPPLIES,5.0
2016-01-25,1,PET SUPPLIES,7.0
2016-01-26,1,PET SUPPLIES,7.0
2016-01-27,1,PET SUPPLIES,0.0
2016-01-28,1,PET SUPPLIES,6.0
2016-01-29,1,PET SUPPLIES,5.0
2016-01-30,1,PET SUPPLIES,7.0
2016-01-31,1,PET SUPPLIES,7.0
2016-02-01,1,PET SUPPLIES,9.0
2016-02-02,1,PET SUPPLIES,3.0
2016-02-03,1,PET SUPPLIES,7.0
2016-02-04,1,PET SUPPLIES,10.0
2016-02-05,1,PET SUPPLIES,12.0
2016-02-06,1,PET SUPPLIES,4.0
2016-02-07,1,PET SUPPLIES,3.0
2016-02-08,1,PET SUPPLIES,1.0
2016-02-09,1,PET SUPPLIES,4.0
2016-02-10,1,PET SUPPLIES,6.0
2016-02-11,1,PET SUPPLIES,1.0
2016-02-12,1,PET SUPPLIES,6.0
2016-02-13,1,PET SUPPLIES,5.0
2016-02-14,1,PET SUPPLIES,3.0
2016-02-15,1,PET SUPPLIES,6.0
2016-02-16,1,PET SUPPLIES,5.0
2016-02-17,1,PET SUPPLIES,7.0
2016-02-18,1,PET SUPPLIES,4.0
2016-02-19,1,PET SUPPLIES,1.0
2016-02-20,1,PET SUPPLIES,7.0
2016-02-21,1,PET SUPPLIES,4.0
2016-02-22,1,PET SUPPLIES,7.0
2016-02-23,1,PET SUPPLIES,0.0
2016-02-24,1,PET SUPPLIES,4.0
2016-02-25,1,PET SUPPLIES,2.0
2016-02-26,1,PET SUPPLIES,8.0
2016-02-27,1,PET SUPPLIES,6.0
2016-02-28,1,PET SUPPLIES,3.0
2016-02-29,1,PET SUPPLIES,6.0
2016-03-01,1,PET SUPPLIES,4.0
2016-03-02,1,PET SUPPLIES,8.0
2016-03-03,1,PET SUPPLIES,5.0
2016-03-04,1,PET SUPPLIES,9.0
2016-03-05,1,PET SUPPLIES,5.0
2016-03-06,1,PET SUPPLIES,4.0
2016-03-07,1,PET SUPPLIES,4.0
2016-03-08,1,PET SUPPLIES,6.0
2016-03-09,1,PET SUPPLIES,5.0
2016-03-10,1,PET SUPPLIES,1.0
2016-03-11,1,PET SUPPLIES,3.0
2016-03-12,1,PET SUPPLIES,3.0
2016-03-13,1,PET SUPPLIES,2.0
2016-03-14,1,PET SUPPLIES,8.0
2016-03-15,1,PET SUPPLIES,6.0
2016-03-16,1,PET SUPPLIES,8.0
2016-03-17,1,PET SUPPLIES,5.0
2016-03-18,1,PET SUPPLIES,8.0
2016-03-19,1,PET SUPPLIES,9.0
2016-03-20,1,PET SUPPLIES,2.0
2016-03-21,1,PET SUPPLIES,2.0
2016-03-22,1,PET SUPPLIES,7.0
2016-03-23,1,PET SUPPLIES,5.0
2016-03-24,1,PET SUPPLIES,5.0
2016-03-25,1,PET SUPPLIES,3.0
2016-03-26,1,PET SUPPLIES,3.0
2016-03-27,1,PET SUPPLIES,3.0
2016-03-28,1,PET SUPPLIES,4.0
2016-03-29,1,PET SUPPLIES,2.0
2016-03-30,1,PET SUPPLIES,3.0
2016-03-31,1,PET SUPPLIES,5.0
2016-04-01,1,PET SUPPLIES,8.0
2016-04-02,1,PET SUPPLIES,3.0
2016-04-03,1,PET SUPPLIES,8.0
2016-04-04,1,PET SUPPLIES,9.0
2016-04-05,1,PET SUPPLIES,2.0
2016-04-06,1,PET SUPPLIES,3.0
2016-04-07,1,PET SUPPLIES,11.0
2016-04-08,1,PET SUPPLIES,6.0
2016-04-09,1,PET SUPPLIES,9.0
2016-04-10,1,PET SUPPLIES,4.0
2016-04-11,1,PET SUPPLIES,8.0
2016-04-12,1,PET SUPPLIES,4.0
2016-04-13,1,PET SUPPLIES,6.0
2016-04-14,1,PET SUPPLIES,4.0
2016-04-15,1,PET SUPPLIES,12.0
2016-04-16,1,PET SUPPLIES,5.0
2016-04-17,1,PET SUPPLIES,4.0
2016-04-18,1,PET SUPPLIES,6.0
2016-04-19,1,PET SUPPLIES,5.0
2016-04-20,1,PET SUPPLIES,6.0
2016-04-21,1,PET SUPPLIES,6.0
2016-04-22,1,PET SUPPLIES,3.0
2016-04-23,1,PET SUPPLIES,7.0
2016-04-24,1,PET SUPPLIES,2.0
2016-04-25,1,PET SUPPLIES,2.0
2016-04-26,1,PET SUPPLIES,6.0
2016-04-27,1,PET SUPPLIES,2.0
2016-04-28,1,PET SUPPLIES,6.0
2016-04-29,1,PET SUPPLIES,9.0
2016-04-30,1,PET SUPPLIES,10.0
2016-05-01,1,PET SUPPLIES,2.0
2016-05-02,1,PET SUPPLIES,3.0
2016-05-03,1,PET SUPPLIES,11.0
2016-05-04,1,PET SUPPLIES,5.0
2016-05-05,1,PET SUPPLIES,4.0
2016-05-06,1,PET SUPPLIES,5.0
2016-05-07,1,PET SUPPLIES,9.0
2016-05-08,1,PET SUPPLIES,2.0
2016-05-09,1,PET SUPPLIES,7.0
2016-05-10,1,PET SUPPLIES,4.0
2016-05-11,1,PET SUPPLIES,11.0
2016-05-12,1,PET SUPPLIES,5.0
2016-05-13,1,PET SUPPLIES,7.0
2016-05-14,1,PET SUPPLIES,10.0
2016-05-15,1,PET SUPPLIES,10.0
2016-05-16,1,PET SUPPLIES,10.0
2016-05-17,1,PET SUPPLIES,4.0
2016-05-18,1,PET SUPPLIES,11.0
2016-05-19,1,PET SUPPLIES,4.0
2016-05-20,1,PET SUPPLIES,4.0
2016-05-21,1,PET SUPPLIES,7.0
2016-05-22,1,PET SUPPLIES,0.0
2016-05-23,1,PET SUPPLIES,8.0
2016-05-24,1,PET SUPPLIES,5.0
2016-05-25,1,PET SUPPLIES,4.0
2016-05-26,1,PET SUPPLIES,11.0
2016-05-27,1,PET SUPPLIES,4.0
2016-05-28,1,PET SUPPLIES,7.0
2016-05-29,1,PET SUPPLIES,3.0
2016-05-30,1,PET SUPPLIES,10.0
2016-05-31,1,PET SUPPLIES,7.0
2016-06-01,1,PET SUPPLIES,9.0
2016-06-02,1,PET SUPPLIES,5.0
2016-06-03,1,PET SUPPLIES,6.0
2016-06-04,1,PET SUPPLIES,7.0
2016-06-05,1,PET SUPPLIES,3.0
2016-06-06,1,PET SUPPLIES,7.0
2016-06-07,1,PET SUPPLIES,5.0
2016-06-08,1,PET SUPPLIES,4.0
2016-06-09,1,PET SUPPLIES,4.0
2016-06-10,1,PET SUPPLIES,6.0
2016-06-11,1,PET SUPPLIES,3.0
2016-06-12,1,PET SUPPLIES,2.0
2016-06-13,1,PET SUPPLIES,4.0
2016-06-14,1,PET SUPPLIES,4.0
2016-06-15,1,PET SUPPLIES,9.0
2016-06-16,1,PET SUPPLIES,4.0
2016-06-17,1,PET SUPPLIES,2.0
2016-06-18,1,PET SUPPLIES,3.0
2016-06-19,1,PET SUPPLIES,3.0
2016-06-20,1,PET SUPPLIES,6.0
2016-06-21,1,PET SUPPLIES,3.0
2016-06-22,1,PET SUPPLIES,2.0
2016-06-23,1,PET SUPPLIES,4.0
2016-06-24,1,PET SUPPLIES,5.0
2016-06-25,1,PET SUPPLIES,11.0
2016-06-26,1,PET SUPPLIES,3.0
2016-06-27,1,PET SUPPLIES,2.0
2016-06-28,1,PET SUPPLIES,2.0
2016-06-29,1,PET SUPPLIES,5.0
2016-06-30,1,PET SUPPLIES,4.0
2016-07-01,1,PET SUPPLIES,8.0
2016-07-02,1,PET SUPPLIES,8.0
2016-07-03,1,PET SUPPLIES,4.0
2016-07-04,1,PET SUPPLIES,8.0
2016-07-05,1,PET SUPPLIES,2.0
2016-07-06,1,PET SUPPLIES,10.0
2016-07-07,1,PET SUPPLIES,4.0
2016-07-08,1,PET SUPPLIES,2.0
2016-07-09,1,PET SUPPLIES,3.0
2016-07-10,1,PET SUPPLIES,3.0
2016-07-11,1,PET SUPPLIES,9.0
2016-07-12,1,PET SUPPLIES,1.0
2016-07-13,1,PET SUPPLIES,3.0
2016-07-14,1,PET SUPPLIES,2.0
2016-07-15,1,PET SUPPLIES,3.0
2016-07-16,1,PET SUPPLIES,5.0
2016-07-17,1,PET SUPPLIES,5.0
2016-07-18,1,PET SUPPLIES,9.0
2016-07-19,1,PET SUPPLIES,6.0
2016-07-20,1,PET SUPPLIES,4.0
2016-07-21,1,PET SUPPLIES,7.0
2016-07-22,1,PET SUPPLIES,4.0
2016-07-23,1,PET SUPPLIES,6.0
2016-07-24,1,PET SUPPLIES,1.0
2016-07-25,1,PET SUPPLIES,11.0
2016-07-26,1,PET SUPPLIES,2.0
2016-07-27,1,PET SUPPLIES,7.0
2016-07-28,1,PET SUPPLIES,2.0
2016-07-29,1,PET SUPPLIES,8.0
2016-07-30,1,PET SUPPLIES,14.0
2016-07-31,1,PET SUPPLIES,0.0
2016-08-01,1,PET SUPPLIES,6.0
2016-08-02,1,PET SUPPLIES,4.0
2016-08-03,1,PET SUPPLIES,4.0
2016-08-04,1,PET SUPPLIES,3.0
2016-08-05,1,PET SUPPLIES,7.0
2016-08-06,1,PET SUPPLIES,9.0
2016-08-07,1,PET SUPPLIES,2.0
2016-08-08,1,PET SUPPLIES,4.0
2016-08-09,1,PET SUPPLIES,4.0
2016-08-10,1,PET SUPPLIES,7.0
2016-08-11,1,PET SUPPLIES,9.0
2016-08-12,1,PET SUPPLIES,2.0
2016-08-13,1,PET SUPPLIES,4.0
2016-08-14,1,PET SUPPLIES,1.0
2016-08-15,1,PET SUPPLIES,4.0
2016-08-16,1,PET SUPPLIES,2.0
2016-08-17,1,PET SUPPLIES,2.0
2016-08-18,1,PET SUPPLIES,4.0
2016-08-19,1,PET SUPPLIES,7.0
2016-08-20,1,PET SUPPLIES,4.0
2016-08-21,1,PET SUPPLIES,0.0
2016-08-22,1,PET SUPPLIES,6.0
2016-08-23,1,PET SUPPLIES,3.0
2016-08-24,1,PET SUPPLIES,9.0
2016-08-25,1,PET SUPPLIES,4.0
2016-08-26,1,PET SUPPLIES,3.0
2016-08-27,1,PET SUPPLIES,8.0
2016-08-28,1,PET SUPPLIES,2.0
2016-08-29,1,PET SUPPLIES,5.0
2016-08-30,1,PET SUPPLIES,0.0
2016-08-31,1,PET SUPPLIES,8.0
2016-09-01,1,PET SUPPLIES,7.0
2016-09-02,1,PET SUPPLIES,7.0
2016-09-03,1,PET SUPPLIES,6.0
2016-09-04,1,PET SUPPLIES,2.0
2016-09-05,1,PET SUPPLIES,6.0
2016-09-06,1,PET SUPPLIES,5.0
2016-09-07,1,PET SUPPLIES,8.0
2016-09-08,1,PET SUPPLIES,2.0
2016-09-09,1,PET SUPPLIES,5.0
2016-09-10,1,PET SUPPLIES,6.0
2016-09-11,1,PET SUPPLIES,1.0
2016-09-12,1,PET SUPPLIES,5.0
2016-09-13,1,PET SUPPLIES,7.0
2016-09-14,1,PET SUPPLIES,4.0
2016-09-15,1,PET SUPPLIES,4.0
2016-09-16,1,PET SUPPLIES,8.0
2016-09-17,1,PET SUPPLIES,9.0
2016-09-18,1,PET SUPPLIES,2.0
2016-09-19,1,PET SUPPLIES,10.0
2016-09-20,1,PET SUPPLIES,10.0
2016-09-21,1,PET SUPPLIES,3.0
2016-09-22,1,PET SUPPLIES,2.0
2016-09-23,1,PET SUPPLIES,3.0
2016-09-24,1,PET SUPPLIES,2.0
2016-09-25,1,PET SUPPLIES,5.0
2016-09-26,1,PET SUPPLIES,7.0
2016-09-27,1,PET SUPPLIES,4.0
2016-09-28,1,PET SUPPLIES,8.0
2016-09-29,1,PET SUPPLIES,4.0
2016-09-30,1,PET SUPPLIES,7.0
2016-10-01,1,PET SUPPLIES,13.0
2016-10-02,1,PET SUPPLIES,5.0
2016-10-03,1,PET SUPPLIES,12.0
2016-10-04,1,PET SUPPLIES,5.0
2016-10-05,1,PET SUPPLIES,5.0
2016-10-06,1,PET SUPPLIES,7.0
2016-10-07,1,PET SUPPLIES,4.0
2016-10-08,1,PET SUPPLIES,4.0
2016-10-09,1,PET SUPPLIES,3.0
2016-10-10,1,PET SUPPLIES,6.0
2016-10-11,1,PET SUPPLIES,9.0
2016-10-12,1,PET SUPPLIES,4.0
2016-10-13,1,PET SUPPLIES,4.0
2016-10-14,1,PET SUPPLIES,5.0
2016-10-15,1,PET SUPPLIES,10.0
2016-10-16,1,PET SUPPLIES,5.0
2016-10-17,1,PET SUPPLIES,2.0
2016-10-18,1,PET SUPPLIES,3.0
2016-10-19,1,PET SUPPLIES,6.0
2016-10-20,1,PET SUPPLIES,6.0
2016-10-21,1,PET SUPPLIES,9.0
2016-10-22,1,PET SUPPLIES,1.0
2016-10-23,1,PET SUPPLIES,4.0
2016-10-24,1,PET SUPPLIES,4.0
2016-10-25,1,PET SUPPLIES,11.0
2016-10-26,1,PET SUPPLIES,13.0
2016-10-27,1,PET SUPPLIES,10.0
2016-10-28,1,PET SUPPLIES,6.0
2016-10-29,1,PET SUPPLIES,6.0
2016-10-30,1,PET SUPPLIES,2.0
2016-10-31,1,PET SUPPLIES,3.0
2016-11-01,1,PET SUPPLIES,6.0
2016-11-02,1,PET SUPPLIES,3.0
2016-11-03,1,PET SUPPLIES,0.0
2016-11-04,1,PET SUPPLIES,6.0
2016-11-05,1,PET SUPPLIES,9.0
2016-11-06,1,PET SUPPLIES,3.0
2016-11-07,1,PET SUPPLIES,3.0
2016-11-08,1,PET SUPPLIES,4.0
2016-11-09,1,PET SUPPLIES,5.0
2016-11-10,1,PET SUPPLIES,10.0
2016-11-11,1,PET SUPPLIES,2.0
2016-11-12,1,PET SUPPLIES,9.0
2016-11-13,1,PET SUPPLIES,7.0
2016-11-14,1,PET SUPPLIES,6.0
2016-11-15,1,PET SUPPLIES,4.0
2016-11-16,1,PET SUPPLIES,9.0
2016-11-17,1,PET SUPPLIES,1.0
2016-11-18,1,PET SUPPLIES,4.0
2016-11-19,1,PET SUPPLIES,6.0
2016-11-20,1,PET SUPPLIES,6.0
2016-11-21,1,PET SUPPLIES,3.0
2016-11-22,1,PET SUPPLIES,7.0
2016-11-23,1,PET SUPPLIES,7.0
2016-11-24,1,PET SUPPLIES,10.0
2016-11-25,1,PET SUPPLIES,7.0
2016-11-26,1,PET SUPPLIES,12.0
2016-11-27,1,PET SUPPLIES,2.0
2016-11-28,1,PET SUPPLIES,6.0
2016-11-29,1,PET SUPPLIES,8.0
2016-11-30,1,PET SUPPLIES,8.0
2016-12-01,1,PET SUPPLIES,4.0
2016-12-02,1,PET SUPPLIES,5.0
2016-12-03,1,PET SUPPLIES,11.0
2016-12-04,1,PET SUPPLIES,1.0
2016-12-05,1,PET SUPPLIES,5.0
2016-12-06,1,PET SUPPLIES,4.0
2016-12-07,1,PET SUPPLIES,10.0
2016-12-08,1,PET SUPPLIES,8.0
2016-12-09,1,PET SUPPLIES,9.0
2016-12-10,1,PET SUPPLIES,11.0
2016-12-11,1,PET SUPPLIES,4.0
2016-12-12,1,PET SUPPLIES,8.0
2016-12-13,1,PET SUPPLIES,7.0
2016-12-14,1,PET SUPPLIES,5.0
2016-12-15,1,PET SUPPLIES,5.0
2016-12-16,1,PET SUPPLIES,5.0
2016-12-17,1,PET SUPPLIES,6.0
2016-12-18,1,PET SUPPLIES,5.0
2016-12-19,1,PET SUPPLIES,10.0
2016-12-20,1,PET SUPPLIES,12.0
2016-12-21,1,PET SUPPLIES,7.0
2016-12-22,1,PET SUPPLIES,6.0
2016-12-23,1,PET SUPPLIES,9.0
2016-12-24,1,PET SUPPLIES,4.0
2016-12-26,1,PET SUPPLIES,1.0
2016-12-27,1,PET SUPPLIES,16.0
2016-12-28,1,PET SUPPLIES,3.0
2016-12-29,1,PET SUPPLIES,6.0
2016-12-30,1,PET SUPPLIES,5.0
2016-12-31,1,PET SUPPLIES,0.0
2017-01-01,1,PET SUPPLIES,0.0
2017-01-02,1,PET SUPPLIES,5.0
2017-01-03,1,PET SUPPLIES,10.0
2017-01-04,1,PET SUPPLIES,6.0
2017-01-05,1,PET SUPPLIES,8.0
2017-01-06,1,PET SUPPLIES,9.0
2017-01-07,1,PET SUPPLIES,12.0
2017-01-08,1,PET SUPPLIES,4.0
2017-01-09,1,PET SUPPLIES,8.0
2017-01-10,1,PET SUPPLIES,6.0
2017-01-11,1,PET SUPPLIES,12.0
2017-01-12,1,PET SUPPLIES,7.0
2017-01-13,1,PET SUPPLIES,7.0
2017-01-14,1,PET SUPPLIES,8.0
2017-01-15,1,PET SUPPLIES,1.0
2017-01-16,1,PET SUPPLIES,5.0
2017-01-17,1,PET SUPPLIES,9.0
2017-01-18,1,PET SUPPLIES,8.0
2017-01-19,1,PET SUPPLIES,5.0
2017-01-20,1,PET SUPPLIES,4.0
2017-01-21,1,PET SUPPLIES,6.0
2017-01-22,1,PET SUPPLIES,4.0
2017-01-23,1,PET SUPPLIES,6.0
2017-01-24,1,PET SUPPLIES,8.0
2017-01-25,1,PET SUPPLIES,5.0
2017-01-26,1,PET SUPPLIES,6.0
2017-01-27,1,PET SUPPLIES,8.0
2017-01-28,1,PET SUPPLIES,5.0
2017-01-29,1,PET SUPPLIES,2.0
2017-01-30,1,PET SUPPLIES,4.0
2017-01-31,1,PET SUPPLIES,8.0
2017-02-01,1,PET SUPPLIES,7.0
2017-02-02,1,PET SUPPLIES,5.0
2017-02-03,1,PET SUPPLIES,9.0
2017-02-04,1,PET SUPPLIES,8.0
2017-02-05,1,PET SUPPLIES,0.0
2017-02-06,1,PET SUPPLIES,3.0
2017-02-07,1,PET SUPPLIES,5.0
2017-02-08,1,PET SUPPLIES,3.0
2017-02-09,1,PET SUPPLIES,6.0
2017-02-10,1,PET SUPPLIES,5.0
2017-02-11,1,PET SUPPLIES,15.0
2017-02-12,1,PET SUPPLIES,3.0
2017-02-13,1,PET SUPPLIES,7.0
2017-02-14,1,PET SUPPLIES,6.0
2017-02-15,1,PET SUPPLIES,3.0
2017-02-16,1,PET SUPPLIES,7.0
2017-02-17,1,PET SUPPLIES,9.0
2017-02-18,1,PET SUPPLIES,6.0
2017-02-19,1,PET SUPPLIES,3.0
2017-02-20,1,PET SUPPLIES,9.0
2017-02-21,1,PET SUPPLIES,9.0
2017-02-22,1,PET SUPPLIES,5.0
2017-02-23,1,PET SUPPLIES,5.0
2017-02-24,1,PET SUPPLIES,7.0
2017-02-25,1,PET SUPPLIES,8.0
2017-02-26,1,PET SUPPLIES,4.0
2017-02-27,1,PET SUPPLIES,0.0
2017-02-28,1,PET SUPPLIES,1.0
2017-03-01,1,PET SUPPLIES,9.0
2017-03-02,1,PET SUPPLIES,2.0
2017-03-03,1,PET SUPPLIES,13.0
2017-03-04,1,PET SUPPLIES,8.0
2017-03-05,1,PET SUPPLIES,2.0
2017-03-06,1,PET SUPPLIES,6.0
2017-03-07,1,PET SUPPLIES,10.0
2017-03-08,1,PET SUPPLIES,4.0
2017-03-09,1,PET SUPPLIES,8.0
2017-03-10,1,PET SUPPLIES,1.0
2017-03-11,1,PET SUPPLIES,6.0
2017-03-12,1,PET SUPPLIES,9.0
2017-03-13,1,PET SUPPLIES,12.0
2017-03-14,1,PET SUPPLIES,3.0
2017-03-15,1,PET SUPPLIES,9.0
2017-03-16,1,PET SUPPLIES,3.0
2017-03-17,1,PET SUPPLIES,9.0
2017-03-18,1,PET SUPPLIES,12.0
2017-03-19,1,PET SUPPLIES,1.0
2017-03-20,1,PET SUPPLIES,7.0
2017-03-21,1,PET SUPPLIES,2.0
2017-03-22,1,PET SUPPLIES,3.0
2017-03-23,1,PET SUPPLIES,3.0
2017-03-24,1,PET SUPPLIES,10.0
2017-03-25,1,PET SUPPLIES,8.0
2017-03-26,1,PET SUPPLIES,6.0
2017-03-27,1,PET SUPPLIES,4.0
2017-03-28,1,PET SUPPLIES,7.0
2017-03-29,1,PET SUPPLIES,4.0
2017-03-30,1,PET SUPPLIES,8.0
2017-03-31,1,PET SUPPLIES,7.0
2017-04-01,1,PET SUPPLIES,8.0
2017-04-02,1,PET SUPPLIES,2.0
2017-04-03,1,PET SUPPLIES,10.0
2017-04-04,1,PET SUPPLIES,4.0
2017-04-05,1,PET SUPPLIES,8.0
2017-04-06,1,PET SUPPLIES,4.0
2017-04-07,1,PET SUPPLIES,7.0
2017-04-08,1,PET SUPPLIES,12.0
2017-04-09,1,PET SUPPLIES,1.0
2017-04-10,1,PET SUPPLIES,5.0
2017-04-11,1,PET SUPPLIES,9.0
2017-04-12,1,PET SUPPLIES,8.0
2017-04-13,1,PET SUPPLIES,3.0
2017-04-14,1,PET SUPPLIES,2.0
2017-04-15,1,PET SUPPLIES,6.0
2017-04-16,1,PET SUPPLIES,3.0
2017-04-17,1,PET SUPPLIES,4.0
2017-04-18,1,PET SUPPLIES,4.0
2017-04-19,1,PET SUPPLIES,4.0
2017-04-20,1,PET SUPPLIES,3.0
2017-04-21,1,PET SUPPLIES,3.0
2017-04-22,1,PET SUPPLIES,3.0
2017-04-23,1,PET SUPPLIES,1.0
2017-04-24,1,PET SUPPLIES,8.0
2017-04-25,1,PET SUPPLIES,6.0
2017-04-26,1,PET SUPPLIES,7.0
2017-04-27,1,PET SUPPLIES,6.0
2017-04-28,1,PET SUPPLIES,3.0
2017-04-29,1,PET SUPPLIES,13.0
2017-04-30,1,PET SUPPLIES,3.0
2017-05-01,1,PET SUPPLIES,1.0
2017-05-02,1,PET SUPPLIES,13.0
2017-05-03,1,PET SUPPLIES,6.0
2017-05-04,1,PET SUPPLIES,4.0
2017-05-05,1,PET SUPPLIES,1.0
2017-05-06,1,PET SUPPLIES,9.0
2017-05-07,1,PET SUPPLIES,5.0
2017-05-08,1,PET SUPPLIES,5.0
2017-05-09,1,PET SUPPLIES,7.0
2017-05-10,1,PET SUPPLIES,11.0
2017-05-11,1,PET SUPPLIES,1.0
2017-05-12,1,PET SUPPLIES,5.0
2017-05-13,1,PET SUPPLIES,9.0
2017-05-14,1,PET SUPPLIES,6.0
2017-05-15,1,PET SUPPLIES,9.0
2017-05-16,1,PET SUPPLIES,5.0
2017-05-17,1,PET SUPPLIES,6.0
2017-05-18,1,PET SUPPLIES,9.0
2017-05-19,1,PET SUPPLIES,6.0
2017-05-20,1,PET SUPPLIES,9.0
2017-05-21,1,PET SUPPLIES,6.0
2017-05-22,1,PET SUPPLIES,7.0
2017-05-23,1,PET SUPPLIES,8.0
2017-05-24,1,PET SUPPLIES,6.0
2017-05-25,1,PET SUPPLIES,10.0
2017-05-26,1,PET SUPPLIES,1.0
2017-05-27,1,PET SUPPLIES,7.0
2017-05-28,1,PET SUPPLIES,4.0
2017-05-29,1,PET SUPPLIES,8.0
2017-05-30,1,PET SUPPLIES,9.0
2017-05-31,1,PET SUPPLIES,10.0
2017-06-01,1,PET SUPPLIES,5.0
2017-06-02,1,PET SUPPLIES,8.0
2017-06-03,1,PET SUPPLIES,5.0
2017-06-04,1,PET SUPPLIES,4.0
2017-06-05,1,PET SUPPLIES,17.0
2017-06-06,1,PET SUPPLIES,8.0
2017-06-07,1,PET SUPPLIES,5.0
2017-06-08,1,PET SUPPLIES,7.0
2017-06-09,1,PET SUPPLIES,7.0
2017-06-10,1,PET SUPPLIES,10.0
2017-06-11,1,PET SUPPLIES,5.0
2017-06-12,1,PET SUPPLIES,5.0
2017-06-13,1,PET SUPPLIES,6.0
2017-06-14,1,PET SUPPLIES,11.0
2017-06-15,1,PET SUPPLIES,7.0
2017-06-16,1,PET SUPPLIES,3.0
2017-06-17,1,PET SUPPLIES,10.0
2017-06-18,1,PET SUPPLIES,4.0
2017-06-19,1,PET SUPPLIES,9.0
2017-06-20,1,PET SUPPLIES,6.0
2017-06-21,1,PET SUPPLIES,6.0
2017-06-22,1,PET SUPPLIES,7.0
2017-06-23,1,PET SUPPLIES,4.0
2017-06-24,1,PET SUPPLIES,12.0
2017-06-25,1,PET SUPPLIES,1.0
2017-06-26,1,PET SUPPLIES,5.0
2017-06-27,1,PET SUPPLIES,8.0
2017-06-28,1,PET SUPPLIES,6.0
2017-06-29,1,PET SUPPLIES,9.0
2017-06-30,1,PET SUPPLIES,8.0
2017-07-01,1,PET SUPPLIES,7.0
2017-07-02,1,PET SUPPLIES,5.0
2017-07-03,1,PET SUPPLIES,10.0
2017-07-04,1,PET SUPPLIES,4.0
2017-07-05,1,PET SUPPLIES,7.0
2017-07-06,1,PET SUPPLIES,8.0
2017-07-07,1,PET SUPPLIES,7.0
2017-07-08,1,PET SUPPLIES,3.0
2017-07-09,1,PET SUPPLIES,0.0
2017-07-10,1,PET SUPPLIES,8.0
2017-07-11,1,PET SUPPLIES,7.0
2017-07-12,1,PET SUPPLIES,5.0
2017-07-13,1,PET SUPPLIES,8.0
2017-07-14,1,PET SUPPLIES,7.0
2017-07-15,1,PET SUPPLIES,6.0
2017-07-16,1,PET SUPPLIES,3.0
2017-07-17,1,PET SUPPLIES,4.0
2017-07-18,1,PET SUPPLIES,4.0
2017-07-19,1,PET SUPPLIES,1.0
2017-07-20,1,PET SUPPLIES,5.0
2017-07-21,1,PET SUPPLIES,2.0
2017-07-22,1,PET SUPPLIES,5.0
2017-07-23,1,PET SUPPLIES,3.0
2017-07-24,1,PET SUPPLIES,4.0
2017-07-25,1,PET SUPPLIES,4.0
2017-07-26,1,PET SUPPLIES,2.0
2017-07-27,1,PET SUPPLIES,3.0
2017-07-28,1,PET SUPPLIES,4.0
2017-07-29,1,PET SUPPLIES,4.0
2017-07-30,1,PET SUPPLIES,6.0
2017-07-31,1,PET SUPPLIES,4.0
2017-08-01,1,PET SUPPLIES,4.0
2017-08-02,1,PET SUPPLIES,2.0
2017-08-03,1,PET SUPPLIES,2.0
2017-08-04,1,PET SUPPLIES,7.0
2017-08-05,1,PET SUPPLIES,5.0
2017-08-06,1,PET SUPPLIES,3.0
2017-08-07,1,PET SUPPLIES,4.0
2017-08-08,1,PET SUPPLIES,6.0
2017-08-09,1,PET SUPPLIES,7.0
2017-08-10,1,PET SUPPLIES,5.0
2017-08-11,1,PET SUPPLIES,5.0
2017-08-12,1,PET SUPPLIES,3.0
2017-08-13,1,PET SUPPLIES,2.0
2017-08-14,1,PET SUPPLIES,3.0
2017-08-15,1,PET SUPPLIES,3.0
2016-01-01,1,PLAYERS AND ELECTRONICS,0.0
2016-01-02,1,PLAYERS AND ELECTRONICS,9.0
2016-01-03,1,PLAYERS AND ELECTRONICS,4.0
2016-01-04,1,PLAYERS AND ELECTRONICS,11.0
2016-01-05,1,PLAYERS AND ELECTRONICS,11.0
2016-01-06,1,PLAYERS AND ELECTRONICS,16.0
2016-01-07,1,PLAYERS AND ELECTRONICS,8.0
2016-01-08,1,PLAYERS AND ELECTRONICS,24.0
2016-01-09,1,PLAYERS AND ELECTRONICS,10.0
2016-01-10,1,PLAYERS AND ELECTRONICS,3.0
2016-01-11,1,PLAYERS AND ELECTRONICS,13.0
2016-01-12,1,PLAYERS AND ELECTRONICS,12.0
2016-01-13,1,PLAYERS AND ELECTRONICS,18.0
2016-01-14,1,PLAYERS AND ELECTRONICS,10.0
2016-01-15,1,PLAYERS AND ELECTRONICS,5.0
2016-01-16,1,PLAYERS AND ELECTRONICS,10.0
2016-01-17,1,PLAYERS AND ELECTRONICS,5.0
2016-01-18,1,PLAYERS AND ELECTRONICS,4.0
2016-01-19,1,PLAYERS AND ELECTRONICS,14.0
2016-01-20,1,PLAYERS AND ELECTRONICS,13.0
2016-01-21,1,PLAYERS AND ELECTRONICS,3.0
2016-01-22,1,PLAYERS AND ELECTRONICS,11.0
2016-01-23,1,PLAYERS AND ELECTRONICS,4.0
2016-01-24,1,PLAYERS AND ELECTRONICS,4.0
2016-01-25,1,PLAYERS AND ELECTRONICS,16.0
2016-01-26,1,PLAYERS AND ELECTRONICS,8.0
2016-01-27,1,PLAYERS AND ELECTRONICS,10.0
2016-01-28,1,PLAYERS AND ELECTRONICS,11.0
2016-01-29,1,PLAYERS AND ELECTRONICS,11.0
2016-01-30,1,PLAYERS AND ELECTRONICS,7.0
2016-01-31,1,PLAYERS AND ELECTRONICS,7.0
2016-02-01,1,PLAYERS AND ELECTRONICS,15.0
2016-02-02,1,PLAYERS AND ELECTRONICS,11.0
2016-02-03,1,PLAYERS AND ELECTRONICS,8.0
2016-02-04,1,PLAYERS AND ELECTRONICS,9.0
2016-02-05,1,PLAYERS AND ELECTRONICS,8.0
2016-02-06,1,PLAYERS AND ELECTRONICS,5.0
2016-02-07,1,PLAYERS AND ELECTRONICS,3.0
2016-02-08,1,PLAYERS AND ELECTRONICS,2.0
2016-02-09,1,PLAYERS AND ELECTRONICS,4.0
2016-02-10,1,PLAYERS AND ELECTRONICS,7.0
2016-02-11,1,PLAYERS AND ELECTRONICS,11.0
2016-02-12,1,PLAYERS AND ELECTRONICS,8.0
2016-02-13,1,PLAYERS AND ELECTRONICS,13.0
2016-02-14,1,PLAYERS AND ELECTRONICS,6.0
2016-02-15,1,PLAYERS AND ELECTRONICS,10.0
2016-02-16,1,PLAYERS AND ELECTRONICS,17.0
2016-02-17,1,PLAYERS AND ELECTRONICS,10.0
2016-02-18,1,PLAYERS AND ELECTRONICS,6.0
2016-02-19,1,PLAYERS AND ELECTRONICS,7.0
2016-02-20,1,PLAYERS AND ELECTRONICS,12.0
2016-02-21,1,PLAYERS AND ELECTRONICS,2.0
2016-02-22,1,PLAYERS AND ELECTRONICS,11.0
2016-02-23,1,PLAYERS AND ELECTRONICS,9.0
2016-02-24,1,PLAYERS AND ELECTRONICS,7.0
2016-02-25,1,PLAYERS AND ELECTRONICS,9.0
2016-02-26,1,PLAYERS AND ELECTRONICS,7.0
2016-02-27,1,PLAYERS AND ELECTRONICS,16.0
2016-02-28,1,PLAYERS AND ELECTRONICS,4.0
2016-02-29,1,PLAYERS AND ELECTRONICS,14.0
2016-03-01,1,PLAYERS AND ELECTRONICS,9.0
2016-03-02,1,PLAYERS AND ELECTRONICS,5.0
2016-03-03,1,PLAYERS AND ELECTRONICS,6.0
2016-03-04,1,PLAYERS AND ELECTRONICS,47.0
2016-03-05,1,PLAYERS AND ELECTRONICS,7.0
2016-03-06,1,PLAYERS AND ELECTRONICS,1.0
2016-03-07,1,PLAYERS AND ELECTRONICS,9.0
2016-03-08,1,PLAYERS AND ELECTRONICS,10.0
2016-03-09,1,PLAYERS AND ELECTRONICS,8.0
2016-03-10,1,PLAYERS AND ELECTRONICS,8.0
2016-03-11,1,PLAYERS AND ELECTRONICS,14.0
2016-03-12,1,PLAYERS AND ELECTRONICS,8.0
2016-03-13,1,PLAYERS AND ELECTRONICS,7.0
2016-03-14,1,PLAYERS AND ELECTRONICS,8.0
2016-03-15,1,PLAYERS AND ELECTRONICS,6.0
2016-03-16,1,PLAYERS AND ELECTRONICS,15.0
2016-03-17,1,PLAYERS AND ELECTRONICS,9.0
2016-03-18,1,PLAYERS AND ELECTRONICS,10.0
2016-03-19,1,PLAYERS AND ELECTRONICS,15.0
2016-03-20,1,PLAYERS AND ELECTRONICS,2.0
2016-03-21,1,PLAYERS AND ELECTRONICS,9.0
2016-03-22,1,PLAYERS AND ELECTRONICS,13.0
2016-03-23,1,PLAYERS AND ELECTRONICS,14.0
2016-03-24,1,PLAYERS AND ELECTRONICS,7.0
2016-03-25,1,PLAYERS AND ELECTRONICS,3.0
2016-03-26,1,PLAYERS AND ELECTRONICS,4.0
2016-03-27,1,PLAYERS AND ELECTRONICS,6.0
2016-03-28,1,PLAYERS AND ELECTRONICS,4.0
2016-03-29,1,PLAYERS AND ELECTRONICS,8.0
2016-03-30,1,PLAYERS AND ELECTRONICS,9.0
2016-03-31,1,PLAYERS AND ELECTRONICS,14.0
2016-04-01,1,PLAYERS AND ELECTRONICS,12.0
2016-04-02,1,PLAYERS AND ELECTRONICS,11.0
2016-04-03,1,PLAYERS AND ELECTRONICS,5.0
2016-04-04,1,PLAYERS AND ELECTRONICS,11.0
2016-04-05,1,PLAYERS AND ELECTRONICS,3.0
2016-04-06,1,PLAYERS AND ELECTRONICS,13.0
2016-04-07,1,PLAYERS AND ELECTRONICS,14.0
2016-04-08,1,PLAYERS AND ELECTRONICS,14.0
2016-04-09,1,PLAYERS AND ELECTRONICS,8.0
2016-04-10,1,PLAYERS AND ELECTRONICS,3.0
2016-04-11,1,PLAYERS AND ELECTRONICS,9.0
2016-04-12,1,PLAYERS AND ELECTRONICS,7.0
2016-04-13,1,PLAYERS AND ELECTRONICS,12.0
2016-04-14,1,PLAYERS AND ELECTRONICS,8.0
2016-04-15,1,PLAYERS AND ELECTRONICS,6.0
2016-04-16,1,PLAYERS AND ELECTRONICS,15.0
2016-04-17,1,PLAYERS AND ELECTRONICS,12.0
2016-04-18,1,PLAYERS AND ELECTRONICS,32.0
2016-04-19,1,PLAYERS AND ELECTRONICS,34.0
2016-04-20,1,PLAYERS AND ELECTRONICS,10.0
2016-04-21,1,PLAYERS AND ELECTRONICS,14.0
2016-04-22,1,PLAYERS AND ELECTRONICS,13.0
2016-04-23,1,PLAYERS AND ELECTRONICS,3.0
2016-04-24,1,PLAYERS AND ELECTRONICS,1.0
2016-04-25,1,PLAYERS AND ELECTRONICS,4.0
2016-04-26,1,PLAYERS AND ELECTRONICS,7.0
2016-04-27,1,PLAYERS AND ELECTRONICS,4.0
2016-04-28,1,PLAYERS AND ELECTRONICS,10.0
2016-04-29,1,PLAYERS AND ELECTRONICS,8.0
2016-04-30,1,PLAYERS AND ELECTRONICS,15.0
2016-05-01,1,PLAYERS AND ELECTRONICS,3.0
2016-05-02,1,PLAYERS AND ELECTRONICS,12.0
2016-05-03,1,PLAYERS AND ELECTRONICS,10.0
2016-05-04,1,PLAYERS AND ELECTRONICS,16.0
2016-05-05,1,PLAYERS AND ELECTRONICS,7.0
2016-05-06,1,PLAYERS AND ELECTRONICS,6.0
2016-05-07,1,PLAYERS AND ELECTRONICS,12.0
2016-05-08,1,PLAYERS AND ELECTRONICS,2.0
2016-05-09,1,PLAYERS AND ELECTRONICS,7.0
2016-05-10,1,PLAYERS AND ELECTRONICS,10.0
2016-05-11,1,PLAYERS AND ELECTRONICS,12.0
2016-05-12,1,PLAYERS AND ELECTRONICS,14.0
2016-05-13,1,PLAYERS AND ELECTRONICS,2.0
2016-05-14,1,PLAYERS AND ELECTRONICS,5.0
2016-05-15,1,PLAYERS AND ELECTRONICS,2.0
2016-05-16,1,PLAYERS AND ELECTRONICS,3.0
2016-05-17,1,PLAYERS AND ELECTRONICS,7.0
2016-05-18,1,PLAYERS AND ELECTRONICS,15.0
2016-05-19,1,PLAYERS AND ELECTRONICS,8.0
2016-05-20,1,PLAYERS AND ELECTRONICS,14.0
2016-05-21,1,PLAYERS AND ELECTRONICS,10.0
2016-05-22,1,PLAYERS AND ELECTRONICS,8.0
2016-05-23,1,PLAYERS AND ELECTRONICS,3.0
2016-05-24,1,PLAYERS AND ELECTRONICS,13.0
2016-05-25,1,PLAYERS AND ELECTRONICS,2.0
2016-05-26,1,PLAYERS AND ELECTRONICS,6.0
2016-05-27,1,PLAYERS AND ELECTRONICS,5.0
2016-05-28,1,PLAYERS AND ELECTRONICS,6.0
2016-05-29,1,PLAYERS AND ELECTRONICS,5.0
2016-05-30,1,PLAYERS AND ELECTRONICS,5.0
2016-05-31,1,PLAYERS AND ELECTRONICS,7.0
2016-06-01,1,PLAYERS AND ELECTRONICS,14.0
2016-06-02,1,PLAYERS AND ELECTRONICS,9.0
2016-06-03,1,PLAYERS AND ELECTRONICS,37.0
2016-06-04,1,PLAYERS AND ELECTRONICS,10.0
2016-06-05,1,PLAYERS AND ELECTRONICS,4.0
2016-06-06,1,PLAYERS AND ELECTRONICS,15.0
2016-06-07,1,PLAYERS AND ELECTRONICS,7.0
2016-06-08,1,PLAYERS AND ELECTRONICS,10.0
2016-06-09,1,PLAYERS AND ELECTRONICS,9.0
2016-06-10,1,PLAYERS AND ELECTRONICS,9.0
2016-06-11,1,PLAYERS AND ELECTRONICS,4.0
2016-06-12,1,PLAYERS AND ELECTRONICS,2.0
2016-06-13,1,PLAYERS AND ELECTRONICS,5.0
2016-06-14,1,PLAYERS AND ELECTRONICS,16.0
2016-06-15,1,PLAYERS AND ELECTRONICS,17.0
2016-06-16,1,PLAYERS AND ELECTRONICS,11.0
2016-06-17,1,PLAYERS AND ELECTRONICS,5.0
2016-06-18,1,PLAYERS AND ELECTRONICS,10.0
2016-06-19,1,PLAYERS AND ELECTRONICS,1.0
2016-06-20,1,PLAYERS AND ELECTRONICS,15.0
2016-06-21,1,PLAYERS AND ELECTRONICS,12.0
2016-06-22,1,PLAYERS AND ELECTRONICS,4.0
2016-06-23,1,PLAYERS AND ELECTRONICS,28.0
2016-06-24,1,PLAYERS AND ELECTRONICS,6.0
2016-06-25,1,PLAYERS AND ELECTRONICS,7.0
2016-06-26,1,PLAYERS AND ELECTRONICS,2.0
2016-06-27,1,PLAYERS AND ELECTRONICS,5.0
2016-06-28,1,PLAYERS AND ELECTRONICS,8.0
2016-06-29,1,PLAYERS AND ELECTRONICS,13.0
2016-06-30,1,PLAYERS AND ELECTRONICS,8.0
2016-07-01,1,PLAYERS AND ELECTRONICS,20.0
2016-07-02,1,PLAYERS AND ELECTRONICS,16.0
2016-07-03,1,PLAYERS AND ELECTRONICS,3.0
2016-07-04,1,PLAYERS AND ELECTRONICS,9.0
2016-07-05,1,PLAYERS AND ELECTRONICS,6.0
2016-07-06,1,PLAYERS AND ELECTRONICS,11.0
2016-07-07,1,PLAYERS AND ELECTRONICS,10.0
2016-07-08,1,PLAYERS AND ELECTRONICS,5.0
2016-07-09,1,PLAYERS AND ELECTRONICS,9.0
2016-07-10,1,PLAYERS AND ELECTRONICS,4.0
2016-07-11,1,PLAYERS AND ELECTRONICS,19.0
2016-07-12,1,PLAYERS AND ELECTRONICS,11.0
2016-07-13,1,PLAYERS AND ELECTRONICS,16.0
2016-07-14,1,PLAYERS AND ELECTRONICS,16.0
2016-07-15,1,PLAYERS AND ELECTRONICS,6.0
2016-07-16,1,PLAYERS AND ELECTRONICS,12.0
2016-07-17,1,PLAYERS AND ELECTRONICS,6.0
2016-07-18,1,PLAYERS AND ELECTRONICS,20.0
2016-07-19,1,PLAYERS AND ELECTRONICS,6.0
2016-07-20,1,PLAYERS AND ELECTRONICS,8.0
2016-07-21,1,PLAYERS AND ELECTRONICS,39.0
2016-07-22,1,PLAYERS AND ELECTRONICS,4.0
2016-07-23,1,PLAYERS AND ELECTRONICS,14.0
2016-07-24,1,PLAYERS AND ELECTRONICS,5.0
2016-07-25,1,PLAYERS AND ELECTRONICS,8.0
2016-07-26,1,PLAYERS AND ELECTRONICS,8.0
2016-07-27,1,PLAYERS AND ELECTRONICS,13.0
2016-07-28,1,PLAYERS AND ELECTRONICS,9.0
2016-07-29,1,PLAYERS AND ELECTRONICS,13.0
2016-07-30,1,PLAYERS AND ELECTRONICS,12.0
2016-07-31,1,PLAYERS AND ELECTRONICS,3.0
2016-08-01,1,PLAYERS AND ELECTRONICS,10.0
2016-08-02,1,PLAYERS AND ELECTRONICS,10.0
2016-08-03,1,PLAYERS AND ELECTRONICS,6.0
2016-08-04,1,PLAYERS AND ELECTRONICS,14.0
2016-08-05,1,PLAYERS AND ELECTRONICS,13.0
2016-08-06,1,PLAYERS AND ELECTRONICS,14.0
2016-08-07,1,PLAYERS AND ELECTRONICS,3.0
2016-08-08,1,PLAYERS AND ELECTRONICS,14.0
2016-08-09,1,PLAYERS AND ELECTRONICS,14.0
2016-08-10,1,PLAYERS AND ELECTRONICS,12.0
2016-08-11,1,PLAYERS AND ELECTRONICS,16.0
2016-08-12,1,PLAYERS AND ELECTRONICS,2.0
2016-08-13,1,PLAYERS AND ELECTRONICS,17.0
2016-08-14,1,PLAYERS AND ELECTRONICS,4.0
2016-08-15,1,PLAYERS AND ELECTRONICS,15.0
2016-08-16,1,PLAYERS AND ELECTRONICS,11.0
2016-08-17,1,PLAYERS AND ELECTRONICS,10.0
2016-08-18,1,PLAYERS AND ELECTRONICS,11.0
2016-08-19,1,PLAYERS AND ELECTRONICS,12.0
2016-08-20,1,PLAYERS AND ELECTRONICS,5.0
2016-08-21,1,PLAYERS AND ELECTRONICS,0.0
2016-08-22,1,PLAYERS AND ELECTRONICS,12.0
2016-08-23,1,PLAYERS AND ELECTRONICS,13.0
2016-08-24,1,PLAYERS AND ELECTRONICS,13.0
2016-08-25,1,PLAYERS AND ELECTRONICS,4.0
2016-08-26,1,PLAYERS AND ELECTRONICS,11.0
2016-08-27,1,PLAYERS AND ELECTRONICS,8.0
2016-08-28,1,PLAYERS AND ELECTRONICS,8.0
2016-08-29,1,PLAYERS AND ELECTRONICS,17.0
2016-08-30,1,PLAYERS AND ELECTRONICS,4.0
2016-08-31,1,PLAYERS AND ELECTRONICS,9.0
2016-09-01,1,PLAYERS AND ELECTRONICS,6.0
2016-09-02,1,PLAYERS AND ELECTRONICS,14.0
2016-09-03,1,PLAYERS AND ELECTRONICS,8.0
2016-09-04,1,PLAYERS AND ELECTRONICS,6.0
2016-09-05,1,PLAYERS AND ELECTRONICS,9.0
2016-09-06,1,PLAYERS AND ELECTRONICS,10.0
2016-09-07,1,PLAYERS AND ELECTRONICS,11.0
2016-09-08,1,PLAYERS AND ELECTRONICS,12.0
2016-09-09,1,PLAYERS AND ELECTRONICS,7.0
2016-09-10,1,PLAYERS AND ELECTRONICS,13.0
2016-09-11,1,PLAYERS AND ELECTRONICS,6.0
2016-09-12,1,PLAYERS AND ELECTRONICS,14.0
2016-09-13,1,PLAYERS AND ELECTRONICS,12.0
2016-09-14,1,PLAYERS AND ELECTRONICS,16.0
2016-09-15,1,PLAYERS AND ELECTRONICS,8.0
2016-09-16,1,PLAYERS AND ELECTRONICS,15.0
2016-09-17,1,PLAYERS AND ELECTRONICS,15.0
2016-09-18,1,PLAYERS AND ELECTRONICS,6.0
2016-09-19,1,PLAYERS AND ELECTRONICS,16.0
2016-09-20,1,PLAYERS AND ELECTRONICS,15.0
2016-09-21,1,PLAYERS AND ELECTRONICS,11.0
2016-09-22,1,PLAYERS AND ELECTRONICS,15.0
2016-09-23,1,PLAYERS AND ELECTRONICS,12.0
2016-09-24,1,PLAYERS AND ELECTRONICS,9.0
2016-09-25,1,PLAYERS AND ELECTRONICS,4.0
2016-09-26,1,PLAYERS AND ELECTRONICS,10.0
2016-09-27,1,PLAYERS AND ELECTRONICS,4.0
2016-09-28,1,PLAYERS AND ELECTRONICS,7.0
2016-09-29,1,PLAYERS AND ELECTRONICS,12.0
2016-09-30,1,PLAYERS AND ELECTRONICS,3.0
2016-10-01,1,PLAYERS AND ELECTRONICS,10.0
2016-10-02,1,PLAYERS AND ELECTRONICS,8.0
2016-10-03,1,PLAYERS AND ELECTRONICS,4.0
2016-10-04,1,PLAYERS AND ELECTRONICS,7.0
2016-10-05,1,PLAYERS AND ELECTRONICS,15.0
2016-10-06,1,PLAYERS AND ELECTRONICS,8.0
2016-10-07,1,PLAYERS AND ELECTRONICS,18.0
2016-10-08,1,PLAYERS AND ELECTRONICS,15.0
2016-10-09,1,PLAYERS AND ELECTRONICS,2.0
2016-10-10,1,PLAYERS AND ELECTRONICS,16.0
2016-10-11,1,PLAYERS AND ELECTRONICS,10.0
2016-10-12,1,PLAYERS AND ELECTRONICS,10.0
2016-10-13,1,PLAYERS AND ELECTRONICS,4.0
2016-10-14,1,PLAYERS AND ELECTRONICS,18.0
2016-10-15,1,PLAYERS AND ELECTRONICS,16.0
2016-10-16,1,PLAYERS AND ELECTRONICS,2.0
2016-10-17,1,PLAYERS AND ELECTRONICS,16.0
2016-10-18,1,PLAYERS AND ELECTRONICS,14.0
2016-10-19,1,PLAYERS AND ELECTRONICS,13.0
2016-10-20,1,PLAYERS AND ELECTRONICS,21.0
2016-10-21,1,PLAYERS AND ELECTRONICS,11.0
2016-10-22,1,PLAYERS AND ELECTRONICS,11.0
2016-10-23,1,PLAYERS AND ELECTRONICS,5.0
2016-10-24,1,PLAYERS AND ELECTRONICS,12.0
2016-10-25,1,PLAYERS AND ELECTRONICS,7.0
2016-10-26,1,PLAYERS AND ELECTRONICS,15.0
2016-10-27,1,PLAYERS AND ELECTRONICS,7.0
2016-10-28,1,PLAYERS AND ELECTRONICS,9.0
2016-10-29,1,PLAYERS AND ELECTRONICS,10.0
2016-10-30,1,PLAYERS AND ELECTRONICS,5.0
2016-10-31,1,PLAYERS AND ELECTRONICS,9.0
2016-11-01,1,PLAYERS AND ELECTRONICS,12.0
2016-11-02,1,PLAYERS AND ELECTRONICS,1.0
2016-11-03,1,PLAYERS AND ELECTRONICS,2.0
2016-11-04,1,PLAYERS AND ELECTRONICS,13.0
2016-11-05,1,PLAYERS AND ELECTRONICS,1.0
2016-11-06,1,PLAYERS AND ELECTRONICS,7.0
2016-11-07,1,PLAYERS AND ELECTRONICS,11.0
2016-11-08,1,PLAYERS AND ELECTRONICS,7.0
2016-11-09,1,PLAYERS AND ELECTRONICS,15.0
2016-11-10,1,PLAYERS AND ELECTRONICS,12.0
2016-11-11,1,PLAYERS AND ELECTRONICS,13.0
2016-11-12,1,PLAYERS AND ELECTRONICS,9.0
2016-11-13,1,PLAYERS AND ELECTRONICS,11.0
2016-11-14,1,PLAYERS AND ELECTRONICS,9.0
2016-11-15,1,PLAYERS AND ELECTRONICS,8.0
2016-11-16,1,PLAYERS AND ELECTRONICS,10.0
2016-11-17,1,PLAYERS AND ELECTRONICS,13.0
2016-11-18,1,PLAYERS AND ELECTRONICS,12.0
2016-11-19,1,PLAYERS AND ELECTRONICS,11.0
2016-11-20,1,PLAYERS AND ELECTRONICS,5.0
2016-11-21,1,PLAYERS AND ELECTRONICS,7.0
2016-11-22,1,PLAYERS AND ELECTRONICS,13.0
2016-11-23,1,PLAYERS AND ELECTRONICS,8.0
2016-11-24,1,PLAYERS AND ELECTRONICS,12.0
2016-11-25,1,PLAYERS AND ELECTRONICS,16.0
2016-11-26,1,PLAYERS AND ELECTRONICS,15.0
2016-11-27,1,PLAYERS AND ELECTRONICS,4.0
2016-11-28,1,PLAYERS AND ELECTRONICS,10.0
2016-11-29,1,PLAYERS AND ELECTRONICS,6.0
2016-11-30,1,PLAYERS AND ELECTRONICS,15.0
2016-12-01,1,PLAYERS AND ELECTRONICS,9.0
2016-12-02,1,PLAYERS AND ELECTRONICS,12.0
2016-12-03,1,PLAYERS AND ELECTRONICS,11.0
2016-12-04,1,PLAYERS AND ELECTRONICS,10.0
2016-12-05,1,PLAYERS AND ELECTRONICS,14.0
2016-12-06,1,PLAYERS AND ELECTRONICS,1.0
2016-12-07,1,PLAYERS AND ELECTRONICS,16.0
2016-12-08,1,PLAYERS AND ELECTRONICS,8.0
2016-12-09,1,PLAYERS AND ELECTRONICS,17.0
2016-12-10,1,PLAYERS AND ELECTRONICS,14.0
2016-12-11,1,PLAYERS AND ELECTRONICS,7.0
2016-12-12,1,PLAYERS AND ELECTRONICS,10.0
2016-12-13,1,PLAYERS AND ELECTRONICS,9.0
2016-12-14,1,PLAYERS AND ELECTRONICS,11.0
2016-12-15,1,PLAYERS AND ELECTRONICS,12.0
2016-12-16,1,PLAYERS AND ELECTRONICS,11.0
2016-12-17,1,PLAYERS AND ELECTRONICS,11.0
2016-12-18,1,PLAYERS AND ELECTRONICS,10.0
2016-12-19,1,PLAYERS AND ELECTRONICS,13.0
2016-12-20,1,PLAYERS AND ELECTRONICS,22.0
2016-12-21,1,PLAYERS AND ELECTRONICS,7.0
2016-12-22,1,PLAYERS AND ELECTRONICS,17.0
2016-12-23,1,PLAYERS AND ELECTRONICS,21.0
2016-12-24,1,PLAYERS AND ELECTRONICS,15.0
2016-12-26,1,PLAYERS AND ELECTRONICS,1.0
2016-12-27,1,PLAYERS AND ELECTRONICS,7.0
2016-12-28,1,PLAYERS AND ELECTRONICS,10.0
2016-12-29,1,PLAYERS AND ELECTRONICS,9.0
2016-12-30,1,PLAYERS AND ELECTRONICS,14.0
2016-12-31,1,PLAYERS AND ELECTRONICS,11.0
2017-01-01,1,PLAYERS AND ELECTRONICS,0.0
2017-01-02,1,PLAYERS AND ELECTRONICS,4.0
2017-01-03,1,PLAYERS AND ELECTRONICS,9.0
2017-01-04,1,PLAYERS AND ELECTRONICS,8.0
2017-01-05,1,PLAYERS AND ELECTRONICS,11.0
2017-01-06,1,PLAYERS AND ELECTRONICS,15.0
2017-01-07,1,PLAYERS AND ELECTRONICS,11.0
2017-01-08,1,PLAYERS AND ELECTRONICS,6.0
2017-01-09,1,PLAYERS AND ELECTRONICS,6.0
2017-01-10,1,PLAYERS AND ELECTRONICS,4.0
2017-01-11,1,PLAYERS AND ELECTRONICS,10.0
2017-01-12,1,PLAYERS AND ELECTRONICS,19.0
2017-01-13,1,PLAYERS AND ELECTRONICS,11.0
2017-01-14,1,PLAYERS AND ELECTRONICS,5.0
2017-01-15,1,PLAYERS AND ELECTRONICS,5.0
2017-01-16,1,PLAYERS AND ELECTRONICS,6.0
2017-01-17,1,PLAYERS AND ELECTRONICS,10.0
2017-01-18,1,PLAYERS AND ELECTRONICS,5.0
2017-01-19,1,PLAYERS AND ELECTRONICS,6.0
2017-01-20,1,PLAYERS AND ELECTRONICS,3.0
2017-01-21,1,PLAYERS AND ELECTRONICS,4.0
2017-01-22,1,PLAYERS AND ELECTRONICS,1.0
2017-01-23,1,PLAYERS AND ELECTRONICS,11.0
2017-01-24,1,PLAYERS AND ELECTRONICS,12.0
2017-01-25,1,PLAYERS AND ELECTRONICS,8.0
2017-01-26,1,PLAYERS AND ELECTRONICS,18.0
2017-01-27,1,PLAYERS AND ELECTRONICS,9.0
2017-01-28,1,PLAYERS AND ELECTRONICS,17.0
2017-01-29,1,PLAYERS AND ELECTRONICS,4.0
2017-01-30,1,PLAYERS AND ELECTRONICS,8.0
2017-01-31,1,PLAYERS AND ELECTRONICS,12.0
2017-02-01,1,PLAYERS AND ELECTRONICS,18.0
2017-02-02,1,PLAYERS AND ELECTRONICS,9.0
2017-02-03,1,PLAYERS AND ELECTRONICS,10.0
2017-02-04,1,PLAYERS AND ELECTRONICS,8.0
2017-02-05,1,PLAYERS AND ELECTRONICS,2.0
2017-02-06,1,PLAYERS AND ELECTRONICS,17.0
2017-02-07,1,PLAYERS AND ELECTRONICS,17.0
2017-02-08,1,PLAYERS AND ELECTRONICS,14.0
2017-02-09,1,PLAYERS AND ELECTRONICS,9.0
2017-02-10,1,PLAYERS AND ELECTRONICS,7.0
2017-02-11,1,PLAYERS AND ELECTRONICS,10.0
2017-02-12,1,PLAYERS AND ELECTRONICS,6.0
2017-02-13,1,PLAYERS AND ELECTRONICS,8.0
2017-02-14,1,PLAYERS AND ELECTRONICS,9.0
2017-02-15,1,PLAYERS AND ELECTRONICS,7.0
2017-02-16,1,PLAYERS AND ELECTRONICS,10.0
2017-02-17,1,PLAYERS AND ELECTRONICS,17.0
2017-02-18,1,PLAYERS AND ELECTRONICS,11.0
2017-02-19,1,PLAYERS AND ELECTRONICS,0.0
2017-02-20,1,PLAYERS AND ELECTRONICS,5.0
2017-02-21,1,PLAYERS AND ELECTRONICS,8.0
2017-02-22,1,PLAYERS AND ELECTRONICS,8.0
2017-02-23,1,PLAYERS AND ELECTRONICS,12.0
2017-02-24,1,PLAYERS AND ELECTRONICS,12.0
2017-02-25,1,PLAYERS AND ELECTRONICS,7.0
2017-02-26,1,PLAYERS AND ELECTRONICS,3.0
2017-02-27,1,PLAYERS AND ELECTRONICS,4.0
2017-02-28,1,PLAYERS AND ELECTRONICS,5.0
2017-03-01,1,PLAYERS AND ELECTRONICS,12.0
2017-03-02,1,PLAYERS AND ELECTRONICS,6.0
2017-03-03,1,PLAYERS AND ELECTRONICS,6.0
2017-03-04,1,PLAYERS AND ELECTRONICS,9.0
2017-03-05,1,PLAYERS AND ELECTRONICS,5.0
2017-03-06,1,PLAYERS AND ELECTRONICS,11.0
2017-03-07,1,PLAYERS AND ELECTRONICS,13.0
2017-03-08,1,PLAYERS AND ELECTRONICS,12.0
2017-03-09,1,PLAYERS AND ELECTRONICS,2.0
2017-03-10,1,PLAYERS AND ELECTRONICS,8.0
2017-03-11,1,PLAYERS AND ELECTRONICS,8.0
2017-03-12,1,PLAYERS AND ELECTRONICS,3.0
2017-03-13,1,PLAYERS AND ELECTRONICS,10.0
2017-03-14,1,PLAYERS AND ELECTRONICS,13.0
2017-03-15,1,PLAYERS AND ELECTRONICS,5.0
2017-03-16,1,PLAYERS AND ELECTRONICS,14.0
2017-03-17,1,PLAYERS AND ELECTRONICS,18.0
2017-03-18,1,PLAYERS AND ELECTRONICS,9.0
2017-03-19,1,PLAYERS AND ELECTRONICS,7.0
2017-03-20,1,PLAYERS AND ELECTRONICS,15.0
2017-03-21,1,PLAYERS AND ELECTRONICS,13.0
2017-03-22,1,PLAYERS AND ELECTRONICS,17.0
2017-03-23,1,PLAYERS AND ELECTRONICS,10.0
2017-03-24,1,PLAYERS AND ELECTRONICS,16.0
2017-03-25,1,PLAYERS AND ELECTRONICS,15.0
2017-03-26,1,PLAYERS AND ELECTRONICS,3.0
2017-03-27,1,PLAYERS AND ELECTRONICS,13.0
2017-03-28,1,PLAYERS AND ELECTRONICS,7.0
2017-03-29,1,PLAYERS AND ELECTRONICS,5.0
2017-03-30,1,PLAYERS AND ELECTRONICS,6.0
2017-03-31,1,PLAYERS AND ELECTRONICS,6.0
2017-04-01,1,PLAYERS AND ELECTRONICS,6.0
2017-04-02,1,PLAYERS AND ELECTRONICS,3.0
2017-04-03,1,PLAYERS AND ELECTRONICS,9.0
2017-04-04,1,PLAYERS AND ELECTRONICS,11.0
2017-04-05,1,PLAYERS AND ELECTRONICS,16.0
2017-04-06,1,PLAYERS AND ELECTRONICS,8.0
2017-04-07,1,PLAYERS AND ELECTRONICS,13.0
2017-04-08,1,PLAYERS AND ELECTRONICS,9.0
2017-04-09,1,PLAYERS AND ELECTRONICS,5.0
2017-04-10,1,PLAYERS AND ELECTRONICS,7.0
2017-04-11,1,PLAYERS AND ELECTRONICS,8.0
2017-04-12,1,PLAYERS AND ELECTRONICS,9.0
2017-04-13,1,PLAYERS AND ELECTRONICS,11.0
2017-04-14,1,PLAYERS AND ELECTRONICS,3.0
2017-04-15,1,PLAYERS AND ELECTRONICS,4.0
2017-04-16,1,PLAYERS AND ELECTRONICS,3.0
2017-04-17,1,PLAYERS AND ELECTRONICS,14.0
2017-04-18,1,PLAYERS AND ELECTRONICS,8.0
2017-04-19,1,PLAYERS AND ELECTRONICS,8.0
2017-04-20,1,PLAYERS AND ELECTRONICS,7.0
2017-04-21,1,PLAYERS AND ELECTRONICS,5.0
2017-04-22,1,PLAYERS AND ELECTRONICS,9.0
2017-04-23,1,PLAYERS AND ELECTRONICS,3.0
2017-04-24,1,PLAYERS AND ELECTRONICS,8.0
2017-04-25,1,PLAYERS AND ELECTRONICS,7.0
2017-04-26,1,PLAYERS AND ELECTRONICS,14.0
2017-04-27,1,PLAYERS AND ELECTRONICS,16.0
2017-04-28,1,PLAYERS AND ELECTRONICS,10.0
2017-04-29,1,PLAYERS AND ELECTRONICS,6.0
2017-04-30,1,PLAYERS AND ELECTRONICS,7.0
2017-05-01,1,PLAYERS AND ELECTRONICS,4.0
2017-05-02,1,PLAYERS AND ELECTRONICS,12.0
2017-05-03,1,PLAYERS AND ELECTRONICS,6.0
2017-05-04,1,PLAYERS AND ELECTRONICS,11.0
2017-05-05,1,PLAYERS AND ELECTRONICS,7.0
2017-05-06,1,PLAYERS AND ELECTRONICS,6.0
2017-05-07,1,PLAYERS AND ELECTRONICS,8.0
2017-05-08,1,PLAYERS AND ELECTRONICS,10.0
2017-05-09,1,PLAYERS AND ELECTRONICS,14.0
2017-05-10,1,PLAYERS AND ELECTRONICS,14.0
2017-05-11,1,PLAYERS AND ELECTRONICS,16.0
2017-05-12,1,PLAYERS AND ELECTRONICS,5.0
2017-05-13,1,PLAYERS AND ELECTRONICS,7.0
2017-05-14,1,PLAYERS AND ELECTRONICS,3.0
2017-05-15,1,PLAYERS AND ELECTRONICS,10.0
2017-05-16,1,PLAYERS AND ELECTRONICS,10.0
2017-05-17,1,PLAYERS AND ELECTRONICS,15.0
2017-05-18,1,PLAYERS AND ELECTRONICS,11.0
2017-05-19,1,PLAYERS AND ELECTRONICS,10.0
2017-05-20,1,PLAYERS AND ELECTRONICS,19.0
2017-05-21,1,PLAYERS AND ELECTRONICS,3.0
2017-05-22,1,PLAYERS AND ELECTRONICS,12.0
2017-05-23,1,PLAYERS AND ELECTRONICS,16.0
2017-05-24,1,PLAYERS AND ELECTRONICS,12.0
2017-05-25,1,PLAYERS AND ELECTRONICS,7.0
2017-05-26,1,PLAYERS AND ELECTRONICS,5.0
2017-05-27,1,PLAYERS AND ELECTRONICS,6.0
2017-05-28,1,PLAYERS AND ELECTRONICS,1.0
2017-05-29,1,PLAYERS AND ELECTRONICS,9.0
2017-05-30,1,PLAYERS AND ELECTRONICS,3.0
2017-05-31,1,PLAYERS AND ELECTRONICS,18.0
2017-06-01,1,PLAYERS AND ELECTRONICS,7.0
2017-06-02,1,PLAYERS AND ELECTRONICS,5.0
2017-06-03,1,PLAYERS AND ELECTRONICS,7.0
2017-06-04,1,PLAYERS AND ELECTRONICS,2.0
2017-06-05,1,PLAYERS AND ELECTRONICS,17.0
2017-06-06,1,PLAYERS AND ELECTRONICS,10.0
2017-06-07,1,PLAYERS AND ELECTRONICS,12.0
2017-06-08,1,PLAYERS AND ELECTRONICS,8.0
2017-06-09,1,PLAYERS AND ELECTRONICS,9.0
2017-06-10,1,PLAYERS AND ELECTRONICS,8.0
2017-06-11,1,PLAYERS AND ELECTRONICS,3.0
2017-06-12,1,PLAYERS AND ELECTRONICS,12.0
2017-06-13,1,PLAYERS AND ELECTRONICS,13.0
2017-06-14,1,PLAYERS AND ELECTRONICS,5.0
2017-06-15,1,PLAYERS AND ELECTRONICS,7.0
2017-06-16,1,PLAYERS AND ELECTRONICS,8.0
2017-06-17,1,PLAYERS AND ELECTRONICS,7.0
2017-06-18,1,PLAYERS AND ELECTRONICS,2.0
2017-06-19,1,PLAYERS AND ELECTRONICS,10.0
2017-06-20,1,PLAYERS AND ELECTRONICS,10.0
2017-06-21,1,PLAYERS AND ELECTRONICS,12.0
2017-06-22,1,PLAYERS AND ELECTRONICS,16.0
2017-06-23,1,PLAYERS AND ELECTRONICS,13.0
2017-06-24,1,PLAYERS AND ELECTRONICS,10.0
2017-06-25,1,PLAYERS AND ELECTRONICS,6.0
2017-06-26,1,PLAYERS AND ELECTRONICS,9.0
2017-06-27,1,PLAYERS AND ELECTRONICS,13.0
2017-06-28,1,PLAYERS AND ELECTRONICS,12.0
2017-06-29,1,PLAYERS AND ELECTRONICS,6.0
2017-06-30,1,PLAYERS AND ELECTRONICS,6.0
2017-07-01,1,PLAYERS AND ELECTRONICS,6.0
2017-07-02,1,PLAYERS AND ELECTRONICS,2.0
2017-07-03,1,PLAYERS AND ELECTRONICS,13.0
2017-07-04,1,PLAYERS AND ELECTRONICS,6.0
2017-07-05,1,PLAYERS AND ELECTRONICS,9.0
2017-07-06,1,PLAYERS AND ELECTRONICS,8.0
2017-07-07,1,PLAYERS AND ELECTRONICS,10.0
2017-07-08,1,PLAYERS AND ELECTRONICS,3.0
2017-07-09,1,PLAYERS AND ELECTRONICS,3.0
2017-07-10,1,PLAYERS AND ELECTRONICS,14.0
2017-07-11,1,PLAYERS AND ELECTRONICS,10.0
2017-07-12,1,PLAYERS AND ELECTRONICS,19.0
2017-07-13,1,PLAYERS AND ELECTRONICS,4.0
2017-07-14,1,PLAYERS AND ELECTRONICS,3.0
2017-07-15,1,PLAYERS AND ELECTRONICS,8.0
2017-07-16,1,PLAYERS AND ELECTRONICS,7.0
2017-07-17,1,PLAYERS AND ELECTRONICS,3.0
2017-07-18,1,PLAYERS AND ELECTRONICS,12.0
2017-07-19,1,PLAYERS AND ELECTRONICS,13.0
2017-07-20,1,PLAYERS AND ELECTRONICS,8.0
2017-07-21,1,PLAYERS AND ELECTRONICS,7.0
2017-07-22,1,PLAYERS AND ELECTRONICS,11.0
2017-07-23,1,PLAYERS AND ELECTRONICS,0.0
2017-07-24,1,PLAYERS AND ELECTRONICS,9.0
2017-07-25,1,PLAYERS AND ELECTRONICS,11.0
2017-07-26,1,PLAYERS AND ELECTRONICS,13.0
2017-07-27,1,PLAYERS AND ELECTRONICS,4.0
2017-07-28,1,PLAYERS AND ELECTRONICS,14.0
2017-07-29,1,PLAYERS AND ELECTRONICS,8.0
2017-07-30,1,PLAYERS AND ELECTRONICS,2.0
2017-07-31,1,PLAYERS AND ELECTRONICS,7.0
2017-08-01,1,PLAYERS AND ELECTRONICS,12.0
2017-08-02,1,PLAYERS AND ELECTRONICS,12.0
2017-08-03,1,PLAYERS AND ELECTRONICS,7.0
2017-08-04,1,PLAYERS AND ELECTRONICS,5.0
2017-08-05,1,PLAYERS AND ELECTRONICS,9.0
2017-08-06,1,PLAYERS AND ELECTRONICS,4.0
2017-08-07,1,PLAYERS AND ELECTRONICS,7.0
2017-08-08,1,PLAYERS AND ELECTRONICS,4.0
2017-08-09,1,PLAYERS AND ELECTRONICS,12.0
2017-08-10,1,PLAYERS AND ELECTRONICS,11.0
2017-08-11,1,PLAYERS AND ELECTRONICS,3.0
2017-08-12,1,PLAYERS AND ELECTRONICS,6.0
2017-08-13,1,PLAYERS AND ELECTRONICS,0.0
2017-08-14,1,PLAYERS AND ELECTRONICS,6.0
2017-08-15,1,PLAYERS AND ELECTRONICS,21.0
2016-01-01,1,POULTRY,0.0
2016-01-02,1,POULTRY,202.317
2016-01-03,1,POULTRY,119.736
2016-01-04,1,POULTRY,400.537
2016-01-05,1,POULTRY,323.254
2016-01-06,1,POULTRY,359.191
2016-01-07,1,POULTRY,234.799
2016-01-08,1,POULTRY,429.396
2016-01-09,1,POULTRY,269.48
2016-01-10,1,POULTRY,146.948
2016-01-11,1,POULTRY,307.534
2016-01-12,1,POULTRY,352.401
2016-01-13,1,POULTRY,312.309
2016-01-14,1,POULTRY,342.967
2016-01-15,1,POULTRY,427.37302
2016-01-16,1,POULTRY,307.85602
2016-01-17,1,POULTRY,178.601
2016-01-18,1,POULTRY,392.113
2016-01-19,1,POULTRY,302.045
2016-01-20,1,POULTRY,310.16
2016-01-21,1,POULTRY,250.692
2016-01-22,1,POULTRY,443.216
2016-01-23,1,POULTRY,313.324
2016-01-24,1,POULTRY,151.913
2016-01-25,1,POULTRY,330.132
2016-01-26,1,POULTRY,332.509
2016-01-27,1,POULTRY,291.377
2016-01-28,1,POULTRY,314.344
2016-01-29,1,POULTRY,369.292
2016-01-30,1,POULTRY,304.37
2016-01-31,1,POULTRY,149.388
2016-02-01,1,POULTRY,348.147
2016-02-02,1,POULTRY,286.937
2016-02-03,1,POULTRY,330.779
2016-02-04,1,POULTRY,255.482
2016-02-05,1,POULTRY,349.636
2016-02-06,1,POULTRY,293.765
2016-02-07,1,POULTRY,96.556
2016-02-08,1,POULTRY,91.234
2016-02-09,1,POULTRY,166.044
2016-02-10,1,POULTRY,373.826
2016-02-11,1,POULTRY,245.922
2016-02-12,1,POULTRY,436.293
2016-02-13,1,POULTRY,273.783
2016-02-14,1,POULTRY,130.19499
2016-02-15,1,POULTRY,258.94202
2016-02-16,1,POULTRY,300.467
2016-02-17,1,POULTRY,427.486
2016-02-18,1,POULTRY,261.596
2016-02-19,1,POULTRY,333.265
2016-02-20,1,POULTRY,277.343
2016-02-21,1,POULTRY,137.708
2016-02-22,1,POULTRY,353.493
2016-02-23,1,POULTRY,235.752
2016-02-24,1,POULTRY,294.069
2016-02-25,1,POULTRY,271.0
2016-02-26,1,POULTRY,403.808
2016-02-27,1,POULTRY,287.559
2016-02-28,1,POULTRY,141.601
2016-02-29,1,POULTRY,289.528
2016-03-01,1,POULTRY,351.031
2016-03-02,1,POULTRY,333.691
2016-03-03,1,POULTRY,262.556
2016-03-04,1,POULTRY,511.689
2016-03-05,1,POULTRY,317.604
2016-03-06,1,POULTRY,180.594
2016-03-07,1,POULTRY,284.103
2016-03-08,1,POULTRY,257.34
2016-03-09,1,POULTRY,281.077
2016-03-10,1,POULTRY,263.96
2016-03-11,1,POULTRY,433.227
2016-03-12,1,POULTRY,290.036
2016-03-13,1,POULTRY,152.32
2016-03-14,1,POULTRY,310.151
2016-03-15,1,POULTRY,285.168
2016-03-16,1,POULTRY,288.915
2016-03-17,1,POULTRY,266.676
2016-03-18,1,POULTRY,417.332
2016-03-19,1,POULTRY,264.918
2016-03-20,1,POULTRY,147.792
2016-03-21,1,POULTRY,302.418
2016-03-22,1,POULTRY,294.68
2016-03-23,1,POULTRY,237.354
2016-03-24,1,POULTRY,256.2
2016-03-25,1,POULTRY,103.634
2016-03-26,1,POULTRY,232.56
2016-03-27,1,POULTRY,124.013
2016-03-28,1,POULTRY,281.196
2016-03-29,1,POULTRY,256.517
2016-03-30,1,POULTRY,305.578
2016-03-31,1,POULTRY,257.512
2016-04-01,1,POULTRY,518.751
2016-04-02,1,POULTRY,295.93698
2016-04-03,1,POULTRY,190.326
2016-04-04,1,POULTRY,326.006
2016-04-05,1,POULTRY,285.296
2016-04-06,1,POULTRY,332.05002
2016-04-07,1,POULTRY,239.265
2016-04-08,1,POULTRY,404.008
2016-04-09,1,POULTRY,312.193
2016-04-10,1,POULTRY,119.321
2016-04-11,1,POULTRY,301.041
2016-04-12,1,POULTRY,357.588
2016-04-13,1,POULTRY,330.71
2016-04-14,1,POULTRY,222.377
2016-04-15,1,POULTRY,464.406
2016-04-16,1,POULTRY,253.257
2016-04-17,1,POULTRY,169.557
2016-04-18,1,POULTRY,380.042
2016-04-19,1,POULTRY,353.089
2016-04-20,1,POULTRY,314.0
2016-04-21,1,POULTRY,262.603
2016-04-22,1,POULTRY,437.472
2016-04-23,1,POULTRY,297.74
2016-04-24,1,POULTRY,144.857
2016-04-25,1,POULTRY,270.927
2016-04-26,1,POULTRY,293.816
2016-04-27,1,POULTRY,282.013
2016-04-28,1,POULTRY,240.65
2016-04-29,1,POULTRY,408.383
2016-04-30,1,POULTRY,273.942
2016-05-01,1,POULTRY,171.324
2016-05-02,1,POULTRY,329.832
2016-05-03,1,POULTRY,291.044
2016-05-04,1,POULTRY,382.483
2016-05-05,1,POULTRY,281.591
2016-05-06,1,POULTRY,454.648
2016-05-07,1,POULTRY,301.186
2016-05-08,1,POULTRY,115.533
2016-05-09,1,POULTRY,318.49
2016-05-10,1,POULTRY,245.737
2016-05-11,1,POULTRY,298.663
2016-05-12,1,POULTRY,209.369
2016-05-13,1,POULTRY,431.008
2016-05-14,1,POULTRY,291.049
2016-05-15,1,POULTRY,99.44
2016-05-16,1,POULTRY,360.594
2016-05-17,1,POULTRY,234.889
2016-05-18,1,POULTRY,338.319
2016-05-19,1,POULTRY,221.328
2016-05-20,1,POULTRY,431.89
2016-05-21,1,POULTRY,275.433
2016-05-22,1,POULTRY,157.765
2016-05-23,1,POULTRY,281.482
2016-05-24,1,POULTRY,250.255
2016-05-25,1,POULTRY,261.563
2016-05-26,1,POULTRY,317.087
2016-05-27,1,POULTRY,200.827
2016-05-28,1,POULTRY,214.505
2016-05-29,1,POULTRY,109.455
2016-05-30,1,POULTRY,284.208
2016-05-31,1,POULTRY,283.007
2016-06-01,1,POULTRY,415.095
2016-06-02,1,POULTRY,244.06
2016-06-03,1,POULTRY,500.16998
2016-06-04,1,POULTRY,305.857
2016-06-05,1,POULTRY,138.895
2016-06-06,1,POULTRY,268.996
2016-06-07,1,POULTRY,310.043
2016-06-08,1,POULTRY,325.287
2016-06-09,1,POULTRY,202.837
2016-06-10,1,POULTRY,445.886
2016-06-11,1,POULTRY,301.883
2016-06-12,1,POULTRY,151.126
2016-06-13,1,POULTRY,282.795
2016-06-14,1,POULTRY,281.084
2016-06-15,1,POULTRY,422.015
2016-06-16,1,POULTRY,270.239
2016-06-17,1,POULTRY,393.274
2016-06-18,1,POULTRY,267.656
2016-06-19,1,POULTRY,116.153
2016-06-20,1,POULTRY,283.59702
2016-06-21,1,POULTRY,278.777
2016-06-22,1,POULTRY,315.54102
2016-06-23,1,POULTRY,204.199
2016-06-24,1,POULTRY,384.544
2016-06-25,1,POULTRY,360.39
2016-06-26,1,POULTRY,116.825
2016-06-27,1,POULTRY,269.666
2016-06-28,1,POULTRY,241.71
2016-06-29,1,POULTRY,301.036
2016-06-30,1,POULTRY,300.179
2016-07-01,1,POULTRY,413.785
2016-07-02,1,POULTRY,315.537
2016-07-03,1,POULTRY,146.6
2016-07-04,1,POULTRY,333.099
2016-07-05,1,POULTRY,342.435
2016-07-06,1,POULTRY,327.917
2016-07-07,1,POULTRY,267.577
2016-07-08,1,POULTRY,417.974
2016-07-09,1,POULTRY,268.154
2016-07-10,1,POULTRY,140.049
2016-07-11,1,POULTRY,272.071
2016-07-12,1,POULTRY,263.216
2016-07-13,1,POULTRY,334.808
2016-07-14,1,POULTRY,237.466
2016-07-15,1,POULTRY,447.017
2016-07-16,1,POULTRY,329.2
2016-07-17,1,POULTRY,147.564
2016-07-18,1,POULTRY,302.264
2016-07-19,1,POULTRY,323.074
2016-07-20,1,POULTRY,329.361
2016-07-21,1,POULTRY,276.451
2016-07-22,1,POULTRY,385.994
2016-07-23,1,POULTRY,271.69202
2016-07-24,1,POULTRY,132.997
2016-07-25,1,POULTRY,269.41602
2016-07-26,1,POULTRY,242.36
2016-07-27,1,POULTRY,336.102
2016-07-28,1,POULTRY,263.312
2016-07-29,1,POULTRY,365.453
2016-07-30,1,POULTRY,308.202
2016-07-31,1,POULTRY,102.975
2016-08-01,1,POULTRY,356.532
2016-08-02,1,POULTRY,261.558
2016-08-03,1,POULTRY,348.374
2016-08-04,1,POULTRY,235.106
2016-08-05,1,POULTRY,445.241
2016-08-06,1,POULTRY,271.70898
2016-08-07,1,POULTRY,143.259
2016-08-08,1,POULTRY,308.455
2016-08-09,1,POULTRY,254.222
2016-08-10,1,POULTRY,277.59
2016-08-11,1,POULTRY,228.211
2016-08-12,1,POULTRY,174.464
2016-08-13,1,POULTRY,218.843
2016-08-14,1,POULTRY,124.124
2016-08-15,1,POULTRY,297.319
2016-08-16,1,POULTRY,277.452
2016-08-17,1,POULTRY,261.156
2016-08-18,1,POULTRY,220.851
2016-08-19,1,POULTRY,377.368
2016-08-20,1,POULTRY,295.492
2016-08-21,1,POULTRY,124.653
2016-08-22,1,POULTRY,358.991
2016-08-23,1,POULTRY,196.642
2016-08-24,1,POULTRY,297.386
2016-08-25,1,POULTRY,227.91501
2016-08-26,1,POULTRY,394.421
2016-08-27,1,POULTRY,263.073
2016-08-28,1,POULTRY,146.27
2016-08-29,1,POULTRY,324.171
2016-08-30,1,POULTRY,271.425
2016-08-31,1,POULTRY,310.244
2016-09-01,1,POULTRY,367.835
2016-09-02,1,POULTRY,426.27
2016-09-03,1,POULTRY,270.773
2016-09-04,1,POULTRY,97.225
2016-09-05,1,POULTRY,332.369
2016-09-06,1,POULTRY,298.173
2016-09-07,1,POULTRY,257.099
2016-09-08,1,POULTRY,293.563
2016-09-09,1,POULTRY,411.402
2016-09-10,1,POULTRY,317.593
2016-09-11,1,POULTRY,168.855
2016-09-12,1,POULTRY,339.713
2016-09-13,1,POULTRY,279.873
2016-09-14,1,POULTRY,299.072
2016-09-15,1,POULTRY,270.934
2016-09-16,1,POULTRY,436.373
2016-09-17,1,POULTRY,277.28
2016-09-18,1,POULTRY,155.13
2016-09-19,1,POULTRY,306.569
2016-09-20,1,POULTRY,265.107
2016-09-21,1,POULTRY,304.716
2016-09-22,1,POULTRY,311.087
2016-09-23,1,POULTRY,361.791
2016-09-24,1,POULTRY,288.444
2016-09-25,1,POULTRY,147.101
2016-09-26,1,POULTRY,232.799
2016-09-27,1,POULTRY,290.54
2016-09-28,1,POULTRY,309.47
2016-09-29,1,POULTRY,192.61299
2016-09-30,1,POULTRY,404.969
2016-10-01,1,POULTRY,353.391
2016-10-02,1,POULTRY,156.687
2016-10-03,1,POULTRY,301.595
2016-10-04,1,POULTRY,258.736
2016-10-05,1,POULTRY,314.005
2016-10-06,1,POULTRY,264.317
2016-10-07,1,POULTRY,428.036
2016-10-08,1,POULTRY,310.656
2016-10-09,1,POULTRY,150.653
2016-10-10,1,POULTRY,351.026
2016-10-11,1,POULTRY,227.565
2016-10-12,1,POULTRY,319.23502
2016-10-13,1,POULTRY,225.823
2016-10-14,1,POULTRY,425.572
2016-10-15,1,POULTRY,346.793
2016-10-16,1,POULTRY,113.819
2016-10-17,1,POULTRY,302.715
2016-10-18,1,POULTRY,249.37
2016-10-19,1,POULTRY,362.719
2016-10-20,1,POULTRY,281.744
2016-10-21,1,POULTRY,449.517
2016-10-22,1,POULTRY,314.977
2016-10-23,1,POULTRY,118.732
2016-10-24,1,POULTRY,307.42
2016-10-25,1,POULTRY,339.189
2016-10-26,1,POULTRY,294.76
2016-10-27,1,POULTRY,332.852
2016-10-28,1,POULTRY,444.997
2016-10-29,1,POULTRY,249.374
2016-10-30,1,POULTRY,131.799
2016-10-31,1,POULTRY,326.922
2016-11-01,1,POULTRY,314.268
2016-11-02,1,POULTRY,159.443
2016-11-03,1,POULTRY,114.61
2016-11-04,1,POULTRY,279.768
2016-11-05,1,POULTRY,204.857
2016-11-06,1,POULTRY,159.825
2016-11-07,1,POULTRY,328.004
2016-11-08,1,POULTRY,315.881
2016-11-09,1,POULTRY,418.961
2016-11-10,1,POULTRY,278.084
2016-11-11,1,POULTRY,496.644
2016-11-12,1,POULTRY,301.731
2016-11-13,1,POULTRY,161.797
2016-11-14,1,POULTRY,332.519
2016-11-15,1,POULTRY,305.959
2016-11-16,1,POULTRY,321.201
2016-11-17,1,POULTRY,292.28
2016-11-18,1,POULTRY,477.406
2016-11-19,1,POULTRY,380.447
2016-11-20,1,POULTRY,129.478
2016-11-21,1,POULTRY,342.947
2016-11-22,1,POULTRY,299.301
2016-11-23,1,POULTRY,377.599
2016-11-24,1,POULTRY,260.988
2016-11-25,1,POULTRY,394.809
2016-11-26,1,POULTRY,236.224
2016-11-27,1,POULTRY,151.464
2016-11-28,1,POULTRY,286.851
2016-11-29,1,POULTRY,318.257
2016-11-30,1,POULTRY,376.032
2016-12-01,1,POULTRY,261.518
2016-12-02,1,POULTRY,539.11
2016-12-03,1,POULTRY,303.396
2016-12-04,1,POULTRY,168.764
2016-12-05,1,POULTRY,275.424
2016-12-06,1,POULTRY,151.991
2016-12-07,1,POULTRY,397.059
2016-12-08,1,POULTRY,288.166
2016-12-09,1,POULTRY,553.45
2016-12-10,1,POULTRY,267.228
2016-12-11,1,POULTRY,184.442
2016-12-12,1,POULTRY,243.547
2016-12-13,1,POULTRY,294.195
2016-12-14,1,POULTRY,390.329
2016-12-15,1,POULTRY,331.23502
2016-12-16,1,POULTRY,470.158
2016-12-17,1,POULTRY,344.141
2016-12-18,1,POULTRY,239.326
2016-12-19,1,POULTRY,304.403
2016-12-20,1,POULTRY,339.245
2016-12-21,1,POULTRY,390.957
2016-12-22,1,POULTRY,379.656
2016-12-23,1,POULTRY,552.57
2016-12-24,1,POULTRY,278.062
2016-12-26,1,POULTRY,109.017
2016-12-27,1,POULTRY,298.027
2016-12-28,1,POULTRY,346.988
2016-12-29,1,POULTRY,249.76001
2016-12-30,1,POULTRY,475.348
2016-12-31,1,POULTRY,253.587
2017-01-01,1,POULTRY,0.0
2017-01-02,1,POULTRY,140.379
2017-01-03,1,POULTRY,408.047
2017-01-04,1,POULTRY,495.952
2017-01-05,1,POULTRY,329.311
2017-01-06,1,POULTRY,545.505
2017-01-07,1,POULTRY,313.715
2017-01-08,1,POULTRY,193.531
2017-01-09,1,POULTRY,385.316
2017-01-10,1,POULTRY,311.952
2017-01-11,1,POULTRY,368.889
2017-01-12,1,POULTRY,318.763
2017-01-13,1,POULTRY,539.236
2017-01-14,1,POULTRY,328.294
2017-01-15,1,POULTRY,128.038
2017-01-16,1,POULTRY,320.07
2017-01-17,1,POULTRY,305.077
2017-01-18,1,POULTRY,360.63602
2017-01-19,1,POULTRY,329.727
2017-01-20,1,POULTRY,516.995
2017-01-21,1,POULTRY,328.007
2017-01-22,1,POULTRY,154.029
2017-01-23,1,POULTRY,343.069
2017-01-24,1,POULTRY,349.196
2017-01-25,1,POULTRY,358.427
2017-01-26,1,POULTRY,269.108
2017-01-27,1,POULTRY,509.204
2017-01-28,1,POULTRY,266.414
2017-01-29,1,POULTRY,141.037
2017-01-30,1,POULTRY,318.436
2017-01-31,1,POULTRY,269.115
2017-02-01,1,POULTRY,407.227
2017-02-02,1,POULTRY,331.817
2017-02-03,1,POULTRY,532.842
2017-02-04,1,POULTRY,355.538
2017-02-05,1,POULTRY,166.728
2017-02-06,1,POULTRY,331.904
2017-02-07,1,POULTRY,347.733
2017-02-08,1,POULTRY,391.398
2017-02-09,1,POULTRY,264.341
2017-02-10,1,POULTRY,457.245
2017-02-11,1,POULTRY,372.13
2017-02-12,1,POULTRY,162.13
2017-02-13,1,POULTRY,301.063
2017-02-14,1,POULTRY,276.647
2017-02-15,1,POULTRY,326.156
2017-02-16,1,POULTRY,318.415
2017-02-17,1,POULTRY,558.96204
2017-02-18,1,POULTRY,337.999
2017-02-19,1,POULTRY,142.754
2017-02-20,1,POULTRY,306.68
2017-02-21,1,POULTRY,363.351
2017-02-22,1,POULTRY,357.227
2017-02-23,1,POULTRY,264.01498
2017-02-24,1,POULTRY,526.751
2017-02-25,1,POULTRY,248.647
2017-02-26,1,POULTRY,111.314
2017-02-27,1,POULTRY,80.938
2017-02-28,1,POULTRY,204.396
2017-03-01,1,POULTRY,420.864
2017-03-02,1,POULTRY,325.228
2017-03-03,1,POULTRY,575.468
2017-03-04,1,POULTRY,253.77
2017-03-05,1,POULTRY,135.96
2017-03-06,1,POULTRY,282.758
2017-03-07,1,POULTRY,333.712
2017-03-08,1,POULTRY,352.375
2017-03-09,1,POULTRY,209.858
2017-03-10,1,POULTRY,517.16003
2017-03-11,1,POULTRY,281.85
2017-03-12,1,POULTRY,116.707
2017-03-13,1,POULTRY,322.827
2017-03-14,1,POULTRY,302.178
2017-03-15,1,POULTRY,275.66602
2017-03-16,1,POULTRY,242.594
2017-03-17,1,POULTRY,527.489
2017-03-18,1,POULTRY,258.283
2017-03-19,1,POULTRY,151.832
2017-03-20,1,POULTRY,343.13
2017-03-21,1,POULTRY,291.178
2017-03-22,1,POULTRY,329.251
2017-03-23,1,POULTRY,293.114
2017-03-24,1,POULTRY,494.449
2017-03-25,1,POULTRY,279.871
2017-03-26,1,POULTRY,157.796
2017-03-27,1,POULTRY,311.058
2017-03-28,1,POULTRY,293.925
2017-03-29,1,POULTRY,377.497
2017-03-30,1,POULTRY,241.084
2017-03-31,1,POULTRY,471.648
2017-04-01,1,POULTRY,375.509
2017-04-02,1,POULTRY,124.212
2017-04-03,1,POULTRY,359.98502
2017-04-04,1,POULTRY,286.512
2017-04-05,1,POULTRY,400.015
2017-04-06,1,POULTRY,302.636
2017-04-07,1,POULTRY,513.98
2017-04-08,1,POULTRY,285.58
2017-04-09,1,POULTRY,147.171
2017-04-10,1,POULTRY,293.177
2017-04-11,1,POULTRY,257.358
2017-04-12,1,POULTRY,343.448
2017-04-13,1,POULTRY,326.453
2017-04-14,1,POULTRY,135.791
2017-04-15,1,POULTRY,187.368
2017-04-16,1,POULTRY,93.54
2017-04-17,1,POULTRY,345.281
2017-04-18,1,POULTRY,369.244
2017-04-19,1,POULTRY,367.941
2017-04-20,1,POULTRY,264.397
2017-04-21,1,POULTRY,490.743
2017-04-22,1,POULTRY,292.148
2017-04-23,1,POULTRY,144.869
2017-04-24,1,POULTRY,364.507
2017-04-25,1,POULTRY,305.144
2017-04-26,1,POULTRY,369.16
2017-04-27,1,POULTRY,252.87
2017-04-28,1,POULTRY,534.759
2017-04-29,1,POULTRY,267.12
2017-04-30,1,POULTRY,127.593
2017-05-01,1,POULTRY,90.491
2017-05-02,1,POULTRY,393.52
2017-05-03,1,POULTRY,396.113
2017-05-04,1,POULTRY,265.199
2017-05-05,1,POULTRY,574.912
2017-05-06,1,POULTRY,335.756
2017-05-07,1,POULTRY,112.573
2017-05-08,1,POULTRY,399.518
2017-05-09,1,POULTRY,311.872
2017-05-10,1,POULTRY,391.175
2017-05-11,1,POULTRY,277.225
2017-05-12,1,POULTRY,598.076
2017-05-13,1,POULTRY,318.636
2017-05-14,1,POULTRY,77.631004
2017-05-15,1,POULTRY,347.219
2017-05-16,1,POULTRY,372.25198
2017-05-17,1,POULTRY,318.311
2017-05-18,1,POULTRY,285.843
2017-05-19,1,POULTRY,530.967
2017-05-20,1,POULTRY,260.343
2017-05-21,1,POULTRY,155.62599
2017-05-22,1,POULTRY,355.121
2017-05-23,1,POULTRY,332.971
2017-05-24,1,POULTRY,365.183
2017-05-25,1,POULTRY,392.706
2017-05-26,1,POULTRY,253.888
2017-05-27,1,POULTRY,215.499
2017-05-28,1,POULTRY,119.896
2017-05-29,1,POULTRY,360.095
2017-05-30,1,POULTRY,281.601
2017-05-31,1,POULTRY,432.356
2017-06-01,1,POULTRY,288.223
2017-06-02,1,POULTRY,630.89703
2017-06-03,1,POULTRY,358.358
2017-06-04,1,POULTRY,164.636
2017-06-05,1,POULTRY,360.58798
2017-06-06,1,POULTRY,393.769
2017-06-07,1,POULTRY,349.962
2017-06-08,1,POULTRY,314.902
2017-06-09,1,POULTRY,599.903
2017-06-10,1,POULTRY,239.566
2017-06-11,1,POULTRY,167.329
2017-06-12,1,POULTRY,327.496
2017-06-13,1,POULTRY,298.09302
2017-06-14,1,POULTRY,344.184
2017-06-15,1,POULTRY,328.673
2017-06-16,1,POULTRY,552.06903
2017-06-17,1,POULTRY,339.034
2017-06-18,1,POULTRY,108.155
2017-06-19,1,POULTRY,289.381
2017-06-20,1,POULTRY,367.306
2017-06-21,1,POULTRY,330.356
2017-06-22,1,POULTRY,257.608
2017-06-23,1,POULTRY,487.16602
2017-06-24,1,POULTRY,257.612
2017-06-25,1,POULTRY,119.6
2017-06-26,1,POULTRY,304.98
2017-06-27,1,POULTRY,352.845
2017-06-28,1,POULTRY,368.505
2017-06-29,1,POULTRY,220.409
2017-06-30,1,POULTRY,612.367
2017-07-01,1,POULTRY,337.059
2017-07-02,1,POULTRY,140.87599
2017-07-03,1,POULTRY,325.485
2017-07-04,1,POULTRY,353.391
2017-07-05,1,POULTRY,406.72
2017-07-06,1,POULTRY,289.747
2017-07-07,1,POULTRY,537.395
2017-07-08,1,POULTRY,328.702
2017-07-09,1,POULTRY,148.703
2017-07-10,1,POULTRY,365.931
2017-07-11,1,POULTRY,377.604
2017-07-12,1,POULTRY,371.235
2017-07-13,1,POULTRY,313.532
2017-07-14,1,POULTRY,542.421
2017-07-15,1,POULTRY,288.074
2017-07-16,1,POULTRY,156.183
2017-07-17,1,POULTRY,393.605
2017-07-18,1,POULTRY,376.801
2017-07-19,1,POULTRY,311.232
2017-07-20,1,POULTRY,438.599
2017-07-21,1,POULTRY,520.784
2017-07-22,1,POULTRY,262.48
2017-07-23,1,POULTRY,165.494
2017-07-24,1,POULTRY,366.812
2017-07-25,1,POULTRY,376.168
2017-07-26,1,POULTRY,370.381
2017-07-27,1,POULTRY,322.741
2017-07-28,1,POULTRY,496.034
2017-07-29,1,POULTRY,219.293
2017-07-30,1,POULTRY,113.468
2017-07-31,1,POULTRY,385.405
2017-08-01,1,POULTRY,312.36002
2017-08-02,1,POULTRY,375.62302
2017-08-03,1,POULTRY,233.689
2017-08-04,1,POULTRY,481.049
2017-08-05,1,POULTRY,257.44
2017-08-06,1,POULTRY,117.783
2017-08-07,1,POULTRY,364.209
2017-08-08,1,POULTRY,277.277
2017-08-09,1,POULTRY,289.324
2017-08-10,1,POULTRY,268.744
2017-08-11,1,POULTRY,259.118
2017-08-12,1,POULTRY,217.664
2017-08-13,1,POULTRY,115.758
2017-08-14,1,POULTRY,270.047
2017-08-15,1,POULTRY,234.892
2016-01-01,1,PREPARED FOODS,0.0
2016-01-02,1,PREPARED FOODS,89.603
2016-01-03,1,PREPARED FOODS,49.189
2016-01-04,1,PREPARED FOODS,129.42
2016-01-05,1,PREPARED FOODS,100.039
2016-01-06,1,PREPARED FOODS,128.964
2016-01-07,1,PREPARED FOODS,100.843
2016-01-08,1,PREPARED FOODS,102.218
2016-01-09,1,PREPARED FOODS,107.354996
2016-01-10,1,PREPARED FOODS,32.076
2016-01-11,1,PREPARED FOODS,97.672
2016-01-12,1,PREPARED FOODS,98.205
2016-01-13,1,PREPARED FOODS,91.801
2016-01-14,1,PREPARED FOODS,90.43
2016-01-15,1,PREPARED FOODS,87.951004
2016-01-16,1,PREPARED FOODS,96.841
2016-01-17,1,PREPARED FOODS,48.732002
2016-01-18,1,PREPARED FOODS,76.91
2016-01-19,1,PREPARED FOODS,87.873
2016-01-20,1,PREPARED FOODS,79.304
2016-01-21,1,PREPARED FOODS,76.51
2016-01-22,1,PREPARED FOODS,126.192
2016-01-23,1,PREPARED FOODS,81.966995
2016-01-24,1,PREPARED FOODS,56.267998
2016-01-25,1,PREPARED FOODS,83.891
2016-01-26,1,PREPARED FOODS,107.035995
2016-01-27,1,PREPARED FOODS,104.276
2016-01-28,1,PREPARED FOODS,78.268
2016-01-29,1,PREPARED FOODS,112.004
2016-01-30,1,PREPARED FOODS,85.153
2016-01-31,1,PREPARED FOODS,32.624
2016-02-01,1,PREPARED FOODS,82.9
2016-02-02,1,PREPARED FOODS,86.901
2016-02-03,1,PREPARED FOODS,112.274
2016-02-04,1,PREPARED FOODS,71.636
2016-02-05,1,PREPARED FOODS,115.716995
2016-02-06,1,PREPARED FOODS,95.507
2016-02-07,1,PREPARED FOODS,32.349
2016-02-08,1,PREPARED FOODS,35.148
2016-02-09,1,PREPARED FOODS,33.309
2016-02-10,1,PREPARED FOODS,110.972
2016-02-11,1,PREPARED FOODS,99.679
2016-02-12,1,PREPARED FOODS,121.67
2016-02-13,1,PREPARED FOODS,108.393
2016-02-14,1,PREPARED FOODS,43.135002
2016-02-15,1,PREPARED FOODS,96.0
2016-02-16,1,PREPARED FOODS,49.807
2016-02-17,1,PREPARED FOODS,82.918
2016-02-18,1,PREPARED FOODS,75.013
2016-02-19,1,PREPARED FOODS,114.693
2016-02-20,1,PREPARED FOODS,83.312
2016-02-21,1,PREPARED FOODS,50.600998
2016-02-22,1,PREPARED FOODS,99.769
2016-02-23,1,PREPARED FOODS,91.447
2016-02-24,1,PREPARED FOODS,150.826
2016-02-25,1,PREPARED FOODS,63.0
2016-02-26,1,PREPARED FOODS,113.99
2016-02-27,1,PREPARED FOODS,110.078
2016-02-28,1,PREPARED FOODS,32.0
2016-02-29,1,PREPARED FOODS,109.945
2016-03-01,1,PREPARED FOODS,86.981
2016-03-02,1,PREPARED FOODS,109.0
2016-03-03,1,PREPARED FOODS,82.54
2016-03-04,1,PREPARED FOODS,99.984
2016-03-05,1,PREPARED FOODS,97.388
2016-03-06,1,PREPARED FOODS,35.952
2016-03-07,1,PREPARED FOODS,113.796
2016-03-08,1,PREPARED FOODS,115.136
2016-03-09,1,PREPARED FOODS,156.709
2016-03-10,1,PREPARED FOODS,80.934
2016-03-11,1,PREPARED FOODS,108.444
2016-03-12,1,PREPARED FOODS,112.367
2016-03-13,1,PREPARED FOODS,39.741
2016-03-14,1,PREPARED FOODS,151.001
2016-03-15,1,PREPARED FOODS,85.048004
2016-03-16,1,PREPARED FOODS,99.127
2016-03-17,1,PREPARED FOODS,90.579
2016-03-18,1,PREPARED FOODS,144.523
2016-03-19,1,PREPARED FOODS,92.193
2016-03-20,1,PREPARED FOODS,50.003998
2016-03-21,1,PREPARED FOODS,121.292
2016-03-22,1,PREPARED FOODS,93.0
2016-03-23,1,PREPARED FOODS,165.0
2016-03-24,1,PREPARED FOODS,195.769
2016-03-25,1,PREPARED FOODS,65.033
2016-03-26,1,PREPARED FOODS,98.993
2016-03-27,1,PREPARED FOODS,42.556
2016-03-28,1,PREPARED FOODS,105.765
2016-03-29,1,PREPARED FOODS,92.955
2016-03-30,1,PREPARED FOODS,92.403
2016-03-31,1,PREPARED FOODS,72.757
2016-04-01,1,PREPARED FOODS,107.142
2016-04-02,1,PREPARED FOODS,129.817
2016-04-03,1,PREPARED FOODS,61.225
2016-04-04,1,PREPARED FOODS,77.999
2016-04-05,1,PREPARED FOODS,87.681
2016-04-06,1,PREPARED FOODS,106.648
2016-04-07,1,PREPARED FOODS,63.0
2016-04-08,1,PREPARED FOODS,99.901
2016-04-09,1,PREPARED FOODS,88.109
2016-04-10,1,PREPARED FOODS,65.705
2016-04-11,1,PREPARED FOODS,71.0
2016-04-12,1,PREPARED FOODS,91.345
2016-04-13,1,PREPARED FOODS,91.738
2016-04-14,1,PREPARED FOODS,84.285
2016-04-15,1,PREPARED FOODS,109.22
2016-04-16,1,PREPARED FOODS,91.556
2016-04-17,1,PREPARED FOODS,34.381
2016-04-18,1,PREPARED FOODS,64.987
2016-04-19,1,PREPARED FOODS,97.898
2016-04-20,1,PREPARED FOODS,110.907
2016-04-21,1,PREPARED FOODS,87.93
2016-04-22,1,PREPARED FOODS,64.0
2016-04-23,1,PREPARED FOODS,99.222
2016-04-24,1,PREPARED FOODS,27.015
2016-04-25,1,PREPARED FOODS,59.525
2016-04-26,1,PREPARED FOODS,71.0
2016-04-27,1,PREPARED FOODS,113.238
2016-04-28,1,PREPARED FOODS,123.148
2016-04-29,1,PREPARED FOODS,127.343
2016-04-30,1,PREPARED FOODS,104.808
2016-05-01,1,PREPARED FOODS,67.763
2016-05-02,1,PREPARED FOODS,90.018
2016-05-03,1,PREPARED FOODS,50.013
2016-05-04,1,PREPARED FOODS,103.091
2016-05-05,1,PREPARED FOODS,92.838
2016-05-06,1,PREPARED FOODS,142.372
2016-05-07,1,PREPARED FOODS,83.462
2016-05-08,1,PREPARED FOODS,47.547
2016-05-09,1,PREPARED FOODS,97.548996
2016-05-10,1,PREPARED FOODS,74.282
2016-05-11,1,PREPARED FOODS,103.94
2016-05-12,1,PREPARED FOODS,95.394
2016-05-13,1,PREPARED FOODS,96.716995
2016-05-14,1,PREPARED FOODS,103.634
2016-05-15,1,PREPARED FOODS,45.174
2016-05-16,1,PREPARED FOODS,104.117004
2016-05-17,1,PREPARED FOODS,67.963
2016-05-18,1,PREPARED FOODS,108.715
2016-05-19,1,PREPARED FOODS,92.936
2016-05-20,1,PREPARED FOODS,108.648
2016-05-21,1,PREPARED FOODS,113.208
2016-05-22,1,PREPARED FOODS,44.681
2016-05-23,1,PREPARED FOODS,88.196
2016-05-24,1,PREPARED FOODS,86.336
2016-05-25,1,PREPARED FOODS,116.906
2016-05-26,1,PREPARED FOODS,120.55
2016-05-27,1,PREPARED FOODS,48.286
2016-05-28,1,PREPARED FOODS,63.795998
2016-05-29,1,PREPARED FOODS,38.274002
2016-05-30,1,PREPARED FOODS,119.513
2016-05-31,1,PREPARED FOODS,91.373
2016-06-01,1,PREPARED FOODS,83.001
2016-06-02,1,PREPARED FOODS,94.349
2016-06-03,1,PREPARED FOODS,109.565
2016-06-04,1,PREPARED FOODS,99.55
2016-06-05,1,PREPARED FOODS,41.403
2016-06-06,1,PREPARED FOODS,117.787
2016-06-07,1,PREPARED FOODS,93.87
2016-06-08,1,PREPARED FOODS,86.79
2016-06-09,1,PREPARED FOODS,94.657
2016-06-10,1,PREPARED FOODS,108.037
2016-06-11,1,PREPARED FOODS,111.252
2016-06-12,1,PREPARED FOODS,56.273003
2016-06-13,1,PREPARED FOODS,118.976
2016-06-14,1,PREPARED FOODS,95.415
2016-06-15,1,PREPARED FOODS,90.173996
2016-06-16,1,PREPARED FOODS,119.085
2016-06-17,1,PREPARED FOODS,108.139
2016-06-18,1,PREPARED FOODS,79.552
2016-06-19,1,PREPARED FOODS,31.546
2016-06-20,1,PREPARED FOODS,84.315
2016-06-21,1,PREPARED FOODS,105.042
2016-06-22,1,PREPARED FOODS,136.106
2016-06-23,1,PREPARED FOODS,50.939
2016-06-24,1,PREPARED FOODS,103.6
2016-06-25,1,PREPARED FOODS,71.912
2016-06-26,1,PREPARED FOODS,56.264
2016-06-27,1,PREPARED FOODS,83.923996
2016-06-28,1,PREPARED FOODS,89.478
2016-06-29,1,PREPARED FOODS,85.418
2016-06-30,1,PREPARED FOODS,82.237
2016-07-01,1,PREPARED FOODS,121.027
2016-07-02,1,PREPARED FOODS,95.25
2016-07-03,1,PREPARED FOODS,31.274
2016-07-04,1,PREPARED FOODS,79.157
2016-07-05,1,PREPARED FOODS,75.102
2016-07-06,1,PREPARED FOODS,110.664
2016-07-07,1,PREPARED FOODS,107.364
2016-07-08,1,PREPARED FOODS,118.257996
2016-07-09,1,PREPARED FOODS,83.897
2016-07-10,1,PREPARED FOODS,46.396
2016-07-11,1,PREPARED FOODS,86.435
2016-07-12,1,PREPARED FOODS,71.687
2016-07-13,1,PREPARED FOODS,102.759
2016-07-14,1,PREPARED FOODS,70.297
2016-07-15,1,PREPARED FOODS,92.04
2016-07-16,1,PREPARED FOODS,113.333
2016-07-17,1,PREPARED FOODS,44.169
2016-07-18,1,PREPARED FOODS,74.861
2016-07-19,1,PREPARED FOODS,75.898
2016-07-20,1,PREPARED FOODS,97.262
2016-07-21,1,PREPARED FOODS,79.747
2016-07-22,1,PREPARED FOODS,112.022
2016-07-23,1,PREPARED FOODS,93.858
2016-07-24,1,PREPARED FOODS,41.535
2016-07-25,1,PREPARED FOODS,94.448
2016-07-26,1,PREPARED FOODS,79.219
2016-07-27,1,PREPARED FOODS,98.076004
2016-07-28,1,PREPARED FOODS,77.208
2016-07-29,1,PREPARED FOODS,101.85
2016-07-30,1,PREPARED FOODS,105.916
2016-07-31,1,PREPARED FOODS,52.175
2016-08-01,1,PREPARED FOODS,69.964
2016-08-02,1,PREPARED FOODS,74.66
2016-08-03,1,PREPARED FOODS,97.096
2016-08-04,1,PREPARED FOODS,60.936
2016-08-05,1,PREPARED FOODS,119.057
2016-08-06,1,PREPARED FOODS,75.517
2016-08-07,1,PREPARED FOODS,36.555
2016-08-08,1,PREPARED FOODS,80.975
2016-08-09,1,PREPARED FOODS,83.025
2016-08-10,1,PREPARED FOODS,94.663
2016-08-11,1,PREPARED FOODS,95.041
2016-08-12,1,PREPARED FOODS,45.646
2016-08-13,1,PREPARED FOODS,40.463
2016-08-14,1,PREPARED FOODS,29.0
2016-08-15,1,PREPARED FOODS,86.923996
2016-08-16,1,PREPARED FOODS,80.495
2016-08-17,1,PREPARED FOODS,106.219
2016-08-18,1,PREPARED FOODS,107.966995
2016-08-19,1,PREPARED FOODS,74.798004
2016-08-20,1,PREPARED FOODS,82.903
2016-08-21,1,PREPARED FOODS,38.565
2016-08-22,1,PREPARED FOODS,67.016
2016-08-23,1,PREPARED FOODS,79.402
2016-08-24,1,PREPARED FOODS,115.523
2016-08-25,1,PREPARED FOODS,75.852
2016-08-26,1,PREPARED FOODS,89.524
2016-08-27,1,PREPARED FOODS,98.181
2016-08-28,1,PREPARED FOODS,32.153
2016-08-29,1,PREPARED FOODS,81.849
2016-08-30,1,PREPARED FOODS,65.019
2016-08-31,1,PREPARED FOODS,73.141
2016-09-01,1,PREPARED FOODS,98.270996
2016-09-02,1,PREPARED FOODS,87.273
2016-09-03,1,PREPARED FOODS,111.346
2016-09-04,1,PREPARED FOODS,60.703
2016-09-05,1,PREPARED FOODS,104.06
2016-09-06,1,PREPARED FOODS,78.616
2016-09-07,1,PREPARED FOODS,71.315
2016-09-08,1,PREPARED FOODS,88.651
2016-09-09,1,PREPARED FOODS,98.073
2016-09-10,1,PREPARED FOODS,95.93
2016-09-11,1,PREPARED FOODS,33.322
2016-09-12,1,PREPARED FOODS,96.261
2016-09-13,1,PREPARED FOODS,109.756
2016-09-14,1,PREPARED FOODS,86.96
2016-09-15,1,PREPARED FOODS,51.0
2016-09-16,1,PREPARED FOODS,77.664
2016-09-17,1,PREPARED FOODS,91.006
2016-09-18,1,PREPARED FOODS,51.447998
2016-09-19,1,PREPARED FOODS,101.361
2016-09-20,1,PREPARED FOODS,81.208
2016-09-21,1,PREPARED FOODS,102.186
2016-09-22,1,PREPARED FOODS,88.507
2016-09-23,1,PREPARED FOODS,98.793
2016-09-24,1,PREPARED FOODS,78.801
2016-09-25,1,PREPARED FOODS,30.932999
2016-09-26,1,PREPARED FOODS,109.381
2016-09-27,1,PREPARED FOODS,66.0
2016-09-28,1,PREPARED FOODS,94.417
2016-09-29,1,PREPARED FOODS,67.576996
2016-09-30,1,PREPARED FOODS,102.784
2016-10-01,1,PREPARED FOODS,97.876
2016-10-02,1,PREPARED FOODS,48.498
2016-10-03,1,PREPARED FOODS,129.594
2016-10-04,1,PREPARED FOODS,100.679
2016-10-05,1,PREPARED FOODS,113.103
2016-10-06,1,PREPARED FOODS,84.0
2016-10-07,1,PREPARED FOODS,107.595
2016-10-08,1,PREPARED FOODS,103.943
2016-10-09,1,PREPARED FOODS,42.143997
2016-10-10,1,PREPARED FOODS,100.294
2016-10-11,1,PREPARED FOODS,126.559
2016-10-12,1,PREPARED FOODS,89.39
2016-10-13,1,PREPARED FOODS,65.16
2016-10-14,1,PREPARED FOODS,99.756
2016-10-15,1,PREPARED FOODS,82.4
2016-10-16,1,PREPARED FOODS,54.009003
2016-10-17,1,PREPARED FOODS,74.904
2016-10-18,1,PREPARED FOODS,97.022
2016-10-19,1,PREPARED FOODS,107.738
2016-10-20,1,PREPARED FOODS,108.495
2016-10-21,1,PREPARED FOODS,141.877
2016-10-22,1,PREPARED FOODS,99.578995
2016-10-23,1,PREPARED FOODS,39.327
2016-10-24,1,PREPARED FOODS,57.927002
2016-10-25,1,PREPARED FOODS,135.321
2016-10-26,1,PREPARED FOODS,108.391
2016-10-27,1,PREPARED FOODS,62.169
2016-10-28,1,PREPARED FOODS,113.865
2016-10-29,1,PREPARED FOODS,138.537
2016-10-30,1,PREPARED FOODS,57.714
2016-10-31,1,PREPARED FOODS,78.099
2016-11-01,1,PREPARED FOODS,95.109
2016-11-02,1,PREPARED FOODS,41.442
2016-11-03,1,PREPARED FOODS,48.178
2016-11-04,1,PREPARED FOODS,71.723
2016-11-05,1,PREPARED FOODS,57.927002
2016-11-06,1,PREPARED FOODS,42.091
2016-11-07,1,PREPARED FOODS,88.657
2016-11-08,1,PREPARED FOODS,96.048996
2016-11-09,1,PREPARED FOODS,135.228
2016-11-10,1,PREPARED FOODS,92.555
2016-11-11,1,PREPARED FOODS,104.435
2016-11-12,1,PREPARED FOODS,133.795
2016-11-13,1,PREPARED FOODS,68.255005
2016-11-14,1,PREPARED FOODS,119.001
2016-11-15,1,PREPARED FOODS,98.391
2016-11-16,1,PREPARED FOODS,139.825
2016-11-17,1,PREPARED FOODS,68.276
2016-11-18,1,PREPARED FOODS,110.613
2016-11-19,1,PREPARED FOODS,123.405
2016-11-20,1,PREPARED FOODS,48.357002
2016-11-21,1,PREPARED FOODS,112.963
2016-11-22,1,PREPARED FOODS,79.718
2016-11-23,1,PREPARED FOODS,96.621
2016-11-24,1,PREPARED FOODS,54.631
2016-11-25,1,PREPARED FOODS,82.138
2016-11-26,1,PREPARED FOODS,65.621
2016-11-27,1,PREPARED FOODS,46.159
2016-11-28,1,PREPARED FOODS,96.747
2016-11-29,1,PREPARED FOODS,84.379
2016-11-30,1,PREPARED FOODS,120.693
2016-12-01,1,PREPARED FOODS,80.912
2016-12-02,1,PREPARED FOODS,120.139
2016-12-03,1,PREPARED FOODS,101.966
2016-12-04,1,PREPARED FOODS,45.495
2016-12-05,1,PREPARED FOODS,113.501
2016-12-06,1,PREPARED FOODS,42.585
2016-12-07,1,PREPARED FOODS,117.502
2016-12-08,1,PREPARED FOODS,107.556
2016-12-09,1,PREPARED FOODS,119.694
2016-12-10,1,PREPARED FOODS,88.667
2016-12-11,1,PREPARED FOODS,44.773003
2016-12-12,1,PREPARED FOODS,128.375
2016-12-13,1,PREPARED FOODS,99.036
2016-12-14,1,PREPARED FOODS,118.237
2016-12-15,1,PREPARED FOODS,106.444
2016-12-16,1,PREPARED FOODS,102.22
2016-12-17,1,PREPARED FOODS,59.043
2016-12-18,1,PREPARED FOODS,62.222
2016-12-19,1,PREPARED FOODS,84.009
2016-12-20,1,PREPARED FOODS,104.732
2016-12-21,1,PREPARED FOODS,85.159
2016-12-22,1,PREPARED FOODS,91.601
2016-12-23,1,PREPARED FOODS,123.409
2016-12-24,1,PREPARED FOODS,98.828
2016-12-26,1,PREPARED FOODS,38.478
2016-12-27,1,PREPARED FOODS,91.816
2016-12-28,1,PREPARED FOODS,62.435
2016-12-29,1,PREPARED FOODS,89.270004
2016-12-30,1,PREPARED FOODS,104.172
2016-12-31,1,PREPARED FOODS,79.3
2017-01-01,1,PREPARED FOODS,0.0
2017-01-02,1,PREPARED FOODS,59.363
2017-01-03,1,PREPARED FOODS,108.369
2017-01-04,1,PREPARED FOODS,74.846
2017-01-05,1,PREPARED FOODS,112.270004
2017-01-06,1,PREPARED FOODS,107.775
2017-01-07,1,PREPARED FOODS,104.369
2017-01-08,1,PREPARED FOODS,73.781
2017-01-09,1,PREPARED FOODS,88.813995
2017-01-10,1,PREPARED FOODS,82.409
2017-01-11,1,PREPARED FOODS,137.012
2017-01-12,1,PREPARED FOODS,91.988
2017-01-13,1,PREPARED FOODS,109.121
2017-01-14,1,PREPARED FOODS,90.792
2017-01-15,1,PREPARED FOODS,50.087997
2017-01-16,1,PREPARED FOODS,144.927
2017-01-17,1,PREPARED FOODS,65.498
2017-01-18,1,PREPARED FOODS,127.334
2017-01-19,1,PREPARED FOODS,93.173996
2017-01-20,1,PREPARED FOODS,128.81
2017-01-21,1,PREPARED FOODS,132.988
2017-01-22,1,PREPARED FOODS,48.141
2017-01-23,1,PREPARED FOODS,76.867004
2017-01-24,1,PREPARED FOODS,122.531
2017-01-25,1,PREPARED FOODS,88.744
2017-01-26,1,PREPARED FOODS,88.409
2017-01-27,1,PREPARED FOODS,128.505
2017-01-28,1,PREPARED FOODS,100.904
2017-01-29,1,PREPARED FOODS,37.467
2017-01-30,1,PREPARED FOODS,76.942
2017-01-31,1,PREPARED FOODS,79.287
2017-02-01,1,PREPARED FOODS,135.797
2017-02-02,1,PREPARED FOODS,78.841995
2017-02-03,1,PREPARED FOODS,113.221
2017-02-04,1,PREPARED FOODS,132.664
2017-02-05,1,PREPARED FOODS,76.315
2017-02-06,1,PREPARED FOODS,70.107
2017-02-07,1,PREPARED FOODS,81.563
2017-02-08,1,PREPARED FOODS,143.227
2017-02-09,1,PREPARED FOODS,119.55
2017-02-10,1,PREPARED FOODS,132.433
2017-02-11,1,PREPARED FOODS,145.893
2017-02-12,1,PREPARED FOODS,61.236
2017-02-13,1,PREPARED FOODS,142.19699
2017-02-14,1,PREPARED FOODS,86.345
2017-02-15,1,PREPARED FOODS,136.441
2017-02-16,1,PREPARED FOODS,99.669
2017-02-17,1,PREPARED FOODS,155.537
2017-02-18,1,PREPARED FOODS,85.543
2017-02-19,1,PREPARED FOODS,44.795998
2017-02-20,1,PREPARED FOODS,86.706
2017-02-21,1,PREPARED FOODS,59.403
2017-02-22,1,PREPARED FOODS,80.982
2017-02-23,1,PREPARED FOODS,106.770996
2017-02-24,1,PREPARED FOODS,137.385
2017-02-25,1,PREPARED FOODS,84.598
2017-02-26,1,PREPARED FOODS,31.119999
2017-02-27,1,PREPARED FOODS,42.375
2017-02-28,1,PREPARED FOODS,45.4
2017-03-01,1,PREPARED FOODS,117.784
2017-03-02,1,PREPARED FOODS,126.46
2017-03-03,1,PREPARED FOODS,125.555
2017-03-04,1,PREPARED FOODS,97.544
2017-03-05,1,PREPARED FOODS,44.276
2017-03-06,1,PREPARED FOODS,78.526
2017-03-07,1,PREPARED FOODS,137.363
2017-03-08,1,PREPARED FOODS,93.276
2017-03-09,1,PREPARED FOODS,116.294
2017-03-10,1,PREPARED FOODS,73.226
2017-03-11,1,PREPARED FOODS,80.742004
2017-03-12,1,PREPARED FOODS,62.6
2017-03-13,1,PREPARED FOODS,128.984
2017-03-14,1,PREPARED FOODS,76.93
2017-03-15,1,PREPARED FOODS,116.93
2017-03-16,1,PREPARED FOODS,112.883
2017-03-17,1,PREPARED FOODS,108.544
2017-03-18,1,PREPARED FOODS,80.520004
2017-03-19,1,PREPARED FOODS,60.057
2017-03-20,1,PREPARED FOODS,72.28
2017-03-21,1,PREPARED FOODS,76.49
2017-03-22,1,PREPARED FOODS,111.55
2017-03-23,1,PREPARED FOODS,93.055
2017-03-24,1,PREPARED FOODS,107.511
2017-03-25,1,PREPARED FOODS,99.003
2017-03-26,1,PREPARED FOODS,23.0
2017-03-27,1,PREPARED FOODS,110.274
2017-03-28,1,PREPARED FOODS,97.75
2017-03-29,1,PREPARED FOODS,149.328
2017-03-30,1,PREPARED FOODS,79.535
2017-03-31,1,PREPARED FOODS,123.214005
2017-04-01,1,PREPARED FOODS,129.543
2017-04-02,1,PREPARED FOODS,48.412003
2017-04-03,1,PREPARED FOODS,53.514
2017-04-04,1,PREPARED FOODS,68.415
2017-04-05,1,PREPARED FOODS,106.642
2017-04-06,1,PREPARED FOODS,132.634
2017-04-07,1,PREPARED FOODS,125.334
2017-04-08,1,PREPARED FOODS,113.667
2017-04-09,1,PREPARED FOODS,41.453
2017-04-10,1,PREPARED FOODS,108.069
2017-04-11,1,PREPARED FOODS,74.931
2017-04-12,1,PREPARED FOODS,137.66699
2017-04-13,1,PREPARED FOODS,195.322
2017-04-14,1,PREPARED FOODS,69.876
2017-04-15,1,PREPARED FOODS,78.37
2017-04-16,1,PREPARED FOODS,37.267
2017-04-17,1,PREPARED FOODS,53.420998
2017-04-18,1,PREPARED FOODS,68.159
2017-04-19,1,PREPARED FOODS,67.643
2017-04-20,1,PREPARED FOODS,83.921
2017-04-21,1,PREPARED FOODS,115.132
2017-04-22,1,PREPARED FOODS,45.666
2017-04-23,1,PREPARED FOODS,36.350998
2017-04-24,1,PREPARED FOODS,73.957
2017-04-25,1,PREPARED FOODS,38.787
2017-04-26,1,PREPARED FOODS,77.736
2017-04-27,1,PREPARED FOODS,73.472
2017-04-28,1,PREPARED FOODS,79.798996
2017-04-29,1,PREPARED FOODS,70.039
2017-04-30,1,PREPARED FOODS,49.111
2017-05-01,1,PREPARED FOODS,26.064
2017-05-02,1,PREPARED FOODS,59.669
2017-05-03,1,PREPARED FOODS,73.226
2017-05-04,1,PREPARED FOODS,83.628
2017-05-05,1,PREPARED FOODS,66.548996
2017-05-06,1,PREPARED FOODS,67.412
2017-05-07,1,PREPARED FOODS,31.193
2017-05-08,1,PREPARED FOODS,68.078
2017-05-09,1,PREPARED FOODS,51.706
2017-05-10,1,PREPARED FOODS,67.149
2017-05-11,1,PREPARED FOODS,68.984
2017-05-12,1,PREPARED FOODS,88.382
2017-05-13,1,PREPARED FOODS,69.867004
2017-05-14,1,PREPARED FOODS,23.94
2017-05-15,1,PREPARED FOODS,56.745003
2017-05-16,1,PREPARED FOODS,58.009003
2017-05-17,1,PREPARED FOODS,59.828
2017-05-18,1,PREPARED FOODS,74.667
2017-05-19,1,PREPARED FOODS,82.19
2017-05-20,1,PREPARED FOODS,61.027
2017-05-21,1,PREPARED FOODS,34.184
2017-05-22,1,PREPARED FOODS,48.78
2017-05-23,1,PREPARED FOODS,92.006
2017-05-24,1,PREPARED FOODS,75.882
2017-05-25,1,PREPARED FOODS,63.007
2017-05-26,1,PREPARED FOODS,39.117
2017-05-27,1,PREPARED FOODS,47.961
2017-05-28,1,PREPARED FOODS,35.033
2017-05-29,1,PREPARED FOODS,55.376
2017-05-30,1,PREPARED FOODS,70.498
2017-05-31,1,PREPARED FOODS,64.511
2017-06-01,1,PREPARED FOODS,59.391
2017-06-02,1,PREPARED FOODS,60.172
2017-06-03,1,PREPARED FOODS,92.504
2017-06-04,1,PREPARED FOODS,17.853
2017-06-05,1,PREPARED FOODS,71.645004
2017-06-06,1,PREPARED FOODS,88.844
2017-06-07,1,PREPARED FOODS,60.181
2017-06-08,1,PREPARED FOODS,59.468
2017-06-09,1,PREPARED FOODS,75.553
2017-06-10,1,PREPARED FOODS,77.108
2017-06-11,1,PREPARED FOODS,43.086998
2017-06-12,1,PREPARED FOODS,68.006
2017-06-13,1,PREPARED FOODS,31.505001
2017-06-14,1,PREPARED FOODS,55.981003
2017-06-15,1,PREPARED FOODS,82.705
2017-06-16,1,PREPARED FOODS,71.789
2017-06-17,1,PREPARED FOODS,71.177
2017-06-18,1,PREPARED FOODS,35.853
2017-06-19,1,PREPARED FOODS,77.513
2017-06-20,1,PREPARED FOODS,76.582
2017-06-21,1,PREPARED FOODS,63.836998
2017-06-22,1,PREPARED FOODS,65.75
2017-06-23,1,PREPARED FOODS,88.676
2017-06-24,1,PREPARED FOODS,78.744
2017-06-25,1,PREPARED FOODS,42.516
2017-06-26,1,PREPARED FOODS,56.367
2017-06-27,1,PREPARED FOODS,56.991
2017-06-28,1,PREPARED FOODS,70.147
2017-06-29,1,PREPARED FOODS,76.34
2017-06-30,1,PREPARED FOODS,77.244
2017-07-01,1,PREPARED FOODS,68.781
2017-07-02,1,PREPARED FOODS,36.621002
2017-07-03,1,PREPARED FOODS,79.124
2017-07-04,1,PREPARED FOODS,60.069
2017-07-05,1,PREPARED FOODS,64.196
2017-07-06,1,PREPARED FOODS,66.326996
2017-07-07,1,PREPARED FOODS,88.12
2017-07-08,1,PREPARED FOODS,60.972
2017-07-09,1,PREPARED FOODS,29.324
2017-07-10,1,PREPARED FOODS,52.765
2017-07-11,1,PREPARED FOODS,46.222
2017-07-12,1,PREPARED FOODS,76.277
2017-07-13,1,PREPARED FOODS,79.597
2017-07-14,1,PREPARED FOODS,83.645004
2017-07-15,1,PREPARED FOODS,74.409
2017-07-16,1,PREPARED FOODS,38.567
2017-07-17,1,PREPARED FOODS,54.396
2017-07-18,1,PREPARED FOODS,57.829002
2017-07-19,1,PREPARED FOODS,68.336
2017-07-20,1,PREPARED FOODS,64.403
2017-07-21,1,PREPARED FOODS,84.048996
2017-07-22,1,PREPARED FOODS,72.369
2017-07-23,1,PREPARED FOODS,33.466
2017-07-24,1,PREPARED FOODS,80.93
2017-07-25,1,PREPARED FOODS,52.07
2017-07-26,1,PREPARED FOODS,60.576
2017-07-27,1,PREPARED FOODS,70.362
2017-07-28,1,PREPARED FOODS,100.972
2017-07-29,1,PREPARED FOODS,57.392
2017-07-30,1,PREPARED FOODS,55.484
2017-07-31,1,PREPARED FOODS,64.255
2017-08-01,1,PREPARED FOODS,81.507
2017-08-02,1,PREPARED FOODS,63.057
2017-08-03,1,PREPARED FOODS,57.154
2017-08-04,1,PREPARED FOODS,60.498
2017-08-05,1,PREPARED FOODS,66.906
2017-08-06,1,PREPARED FOODS,39.656998
2017-08-07,1,PREPARED FOODS,69.724
2017-08-08,1,PREPARED FOODS,84.333
2017-08-09,1,PREPARED FOODS,51.189
2017-08-10,1,PREPARED FOODS,97.532
2017-08-11,1,PREPARED FOODS,24.963001
2017-08-12,1,PREPARED FOODS,48.058
2017-08-13,1,PREPARED FOODS,20.346
2017-08-14,1,PREPARED FOODS,72.004
2017-08-15,1,PREPARED FOODS,42.822998
2016-01-01,1,PRODUCE,0.0
2016-01-02,1,PRODUCE,2199.262
2016-01-03,1,PRODUCE,1479.032
2016-01-04,1,PRODUCE,3771.711
2016-01-05,1,PRODUCE,2794.882
2016-01-06,1,PRODUCE,4743.896
2016-01-07,1,PRODUCE,2295.921
2016-01-08,1,PRODUCE,2696.404
2016-01-09,1,PRODUCE,3030.33
2016-01-10,1,PRODUCE,1358.521
2016-01-11,1,PRODUCE,2749.145
2016-01-12,1,PRODUCE,2478.0781
2016-01-13,1,PRODUCE,4138.744
2016-01-14,1,PRODUCE,2573.99
2016-01-15,1,PRODUCE,2289.542
2016-01-16,1,PRODUCE,2939.57
2016-01-17,1,PRODUCE,1200.608
2016-01-18,1,PRODUCE,2753.887
2016-01-19,1,PRODUCE,2470.388
2016-01-20,1,PRODUCE,4430.358
2016-01-21,1,PRODUCE,1980.728
2016-01-22,1,PRODUCE,2713.231
2016-01-23,1,PRODUCE,2381.569
2016-01-24,1,PRODUCE,1332.778
2016-01-25,1,PRODUCE,2586.673
2016-01-26,1,PRODUCE,2444.488
2016-01-27,1,PRODUCE,4277.239
2016-01-28,1,PRODUCE,2261.716
2016-01-29,1,PRODUCE,2401.394
2016-01-30,1,PRODUCE,2634.601
2016-01-31,1,PRODUCE,1357.482
2016-02-01,1,PRODUCE,2817.415
2016-02-02,1,PRODUCE,2422.609
2016-02-03,1,PRODUCE,3912.141
2016-02-04,1,PRODUCE,2198.474
2016-02-05,1,PRODUCE,2323.773
2016-02-06,1,PRODUCE,2520.537
2016-02-07,1,PRODUCE,682.492
2016-02-08,1,PRODUCE,765.905
2016-02-09,1,PRODUCE,1082.155
2016-02-10,1,PRODUCE,4441.732
2016-02-11,1,PRODUCE,2768.971
2016-02-12,1,PRODUCE,2842.087
2016-02-13,1,PRODUCE,2659.2449
2016-02-14,1,PRODUCE,1233.937
2016-02-15,1,PRODUCE,2703.271
2016-02-16,1,PRODUCE,2456.689
2016-02-17,1,PRODUCE,4482.825
2016-02-18,1,PRODUCE,1982.473
2016-02-19,1,PRODUCE,2610.201
2016-02-20,1,PRODUCE,2924.114
2016-02-21,1,PRODUCE,1404.963
2016-02-22,1,PRODUCE,2634.747
2016-02-23,1,PRODUCE,2285.483
2016-02-24,1,PRODUCE,4264.067
2016-02-25,1,PRODUCE,2006.641
2016-02-26,1,PRODUCE,2423.744
2016-02-27,1,PRODUCE,2526.748
2016-02-28,1,PRODUCE,1198.166
2016-02-29,1,PRODUCE,2523.339
2016-03-01,1,PRODUCE,2276.773
2016-03-02,1,PRODUCE,4370.4277
2016-03-03,1,PRODUCE,2250.864
2016-03-04,1,PRODUCE,2415.4531
2016-03-05,1,PRODUCE,2709.979
2016-03-06,1,PRODUCE,1223.191
2016-03-07,1,PRODUCE,2161.399
2016-03-08,1,PRODUCE,2163.197
2016-03-09,1,PRODUCE,4263.803
2016-03-10,1,PRODUCE,2142.622
2016-03-11,1,PRODUCE,2468.577
2016-03-12,1,PRODUCE,2469.748
2016-03-13,1,PRODUCE,1215.621
2016-03-14,1,PRODUCE,2341.607
2016-03-15,1,PRODUCE,1966.577
2016-03-16,1,PRODUCE,4007.374
2016-03-17,1,PRODUCE,2188.546
2016-03-18,1,PRODUCE,2355.095
2016-03-19,1,PRODUCE,2644.184
2016-03-20,1,PRODUCE,1321.667
2016-03-21,1,PRODUCE,2335.037
2016-03-22,1,PRODUCE,2282.468
2016-03-23,1,PRODUCE,3810.114
2016-03-24,1,PRODUCE,2792.698
2016-03-25,1,PRODUCE,909.101
2016-03-26,1,PRODUCE,1689.765
2016-03-27,1,PRODUCE,1199.783
2016-03-28,1,PRODUCE,2442.471
2016-03-29,1,PRODUCE,2554.033
2016-03-30,1,PRODUCE,3802.712
2016-03-31,1,PRODUCE,2337.841
2016-04-01,1,PRODUCE,2557.773
2016-04-02,1,PRODUCE,2707.178
2016-04-03,1,PRODUCE,1461.589
2016-04-04,1,PRODUCE,2707.586
2016-04-05,1,PRODUCE,2265.832
2016-04-06,1,PRODUCE,4187.489
2016-04-07,1,PRODUCE,2135.59
2016-04-08,1,PRODUCE,2429.239
2016-04-09,1,PRODUCE,2420.467
2016-04-10,1,PRODUCE,1330.143
2016-04-11,1,PRODUCE,2264.098
2016-04-12,1,PRODUCE,2217.134
2016-04-13,1,PRODUCE,3907.082
2016-04-14,1,PRODUCE,2093.892
2016-04-15,1,PRODUCE,2666.314
2016-04-16,1,PRODUCE,2470.639
2016-04-17,1,PRODUCE,1472.413
2016-04-18,1,PRODUCE,2488.812
2016-04-19,1,PRODUCE,2222.046
2016-04-20,1,PRODUCE,4014.057
2016-04-21,1,PRODUCE,2103.403
2016-04-22,1,PRODUCE,2472.894
2016-04-23,1,PRODUCE,2624.51
2016-04-24,1,PRODUCE,1291.13
2016-04-25,1,PRODUCE,2098.549
2016-04-26,1,PRODUCE,2246.222
2016-04-27,1,PRODUCE,3517.697
2016-04-28,1,PRODUCE,2135.64
2016-04-29,1,PRODUCE,2523.154
2016-04-30,1,PRODUCE,2559.515
2016-05-01,1,PRODUCE,1355.502
2016-05-02,1,PRODUCE,2377.086
2016-05-03,1,PRODUCE,2447.4011
2016-05-04,1,PRODUCE,4351.521
2016-05-05,1,PRODUCE,2219.371
2016-05-06,1,PRODUCE,2479.69
2016-05-07,1,PRODUCE,2711.381
2016-05-08,1,PRODUCE,1213.888
2016-05-09,1,PRODUCE,2728.582
2016-05-10,1,PRODUCE,2060.968
2016-05-11,1,PRODUCE,3892.07
2016-05-12,1,PRODUCE,1962.32
2016-05-13,1,PRODUCE,2279.462
2016-05-14,1,PRODUCE,2642.062
2016-05-15,1,PRODUCE,1484.758
2016-05-16,1,PRODUCE,2879.315
2016-05-17,1,PRODUCE,2269.56
2016-05-18,1,PRODUCE,3915.185
2016-05-19,1,PRODUCE,2226.4
2016-05-20,1,PRODUCE,2597.1301
2016-05-21,1,PRODUCE,2552.221
2016-05-22,1,PRODUCE,1297.509
2016-05-23,1,PRODUCE,2495.642
2016-05-24,1,PRODUCE,2200.731
2016-05-25,1,PRODUCE,3832.761
2016-05-26,1,PRODUCE,2419.563
2016-05-27,1,PRODUCE,1530.47
2016-05-28,1,PRODUCE,2036.383
2016-05-29,1,PRODUCE,1146.755
2016-05-30,1,PRODUCE,2658.217
2016-05-31,1,PRODUCE,2348.714
2016-06-01,1,PRODUCE,4585.73
2016-06-02,1,PRODUCE,2234.521
2016-06-03,1,PRODUCE,2576.67
2016-06-04,1,PRODUCE,2593.005
2016-06-05,1,PRODUCE,1269.567
2016-06-06,1,PRODUCE,2593.344
2016-06-07,1,PRODUCE,2216.962
2016-06-08,1,PRODUCE,4235.838
2016-06-09,1,PRODUCE,1716.031
2016-06-10,1,PRODUCE,2636.255
2016-06-11,1,PRODUCE,2540.767
2016-06-12,1,PRODUCE,1214.52
2016-06-13,1,PRODUCE,2529.147
2016-06-14,1,PRODUCE,2108.374
2016-06-15,1,PRODUCE,3978.233
2016-06-16,1,PRODUCE,2155.479
2016-06-17,1,PRODUCE,2443.747
2016-06-18,1,PRODUCE,2803.41
2016-06-19,1,PRODUCE,1111.445
2016-06-20,1,PRODUCE,2330.452
2016-06-21,1,PRODUCE,1993.213
2016-06-22,1,PRODUCE,3973.717
2016-06-23,1,PRODUCE,2163.463
2016-06-24,1,PRODUCE,2165.756
2016-06-25,1,PRODUCE,2587.456
2016-06-26,1,PRODUCE,1311.726
2016-06-27,1,PRODUCE,2280.296
2016-06-28,1,PRODUCE,1918.368
2016-06-29,1,PRODUCE,3509.9639
2016-06-30,1,PRODUCE,2165.404
2016-07-01,1,PRODUCE,2794.757
2016-07-02,1,PRODUCE,2450.156
2016-07-03,1,PRODUCE,1229.097
2016-07-04,1,PRODUCE,2880.821
2016-07-05,1,PRODUCE,2176.29
2016-07-06,1,PRODUCE,3651.419
2016-07-07,1,PRODUCE,2103.957
2016-07-08,1,PRODUCE,2546.11
2016-07-09,1,PRODUCE,2353.724
2016-07-10,1,PRODUCE,1095.455
2016-07-11,1,PRODUCE,2378.553
2016-07-12,1,PRODUCE,1846.253
2016-07-13,1,PRODUCE,3760.097
2016-07-14,1,PRODUCE,1910.46
2016-07-15,1,PRODUCE,2398.715
2016-07-16,1,PRODUCE,2552.162
2016-07-17,1,PRODUCE,1247.28
2016-07-18,1,PRODUCE,2469.523
2016-07-19,1,PRODUCE,2229.698
2016-07-20,1,PRODUCE,3438.948
2016-07-21,1,PRODUCE,2140.384
2016-07-22,1,PRODUCE,2205.633
2016-07-23,1,PRODUCE,2368.766
2016-07-24,1,PRODUCE,1229.18
2016-07-25,1,PRODUCE,2009.299
2016-07-26,1,PRODUCE,2070.63
2016-07-27,1,PRODUCE,3816.753
2016-07-28,1,PRODUCE,2144.449
2016-07-29,1,PRODUCE,2096.55
2016-07-30,1,PRODUCE,2735.929
2016-07-31,1,PRODUCE,1053.508
2016-08-01,1,PRODUCE,2607.37
2016-08-02,1,PRODUCE,1864.525
2016-08-03,1,PRODUCE,4105.28
2016-08-04,1,PRODUCE,1909.962
2016-08-05,1,PRODUCE,2439.685
2016-08-06,1,PRODUCE,2527.542
2016-08-07,1,PRODUCE,1016.462
2016-08-08,1,PRODUCE,2338.587
2016-08-09,1,PRODUCE,2044.128
2016-08-10,1,PRODUCE,3459.617
2016-08-11,1,PRODUCE,2019.674
2016-08-12,1,PRODUCE,1280.319
2016-08-13,1,PRODUCE,1562.625
2016-08-14,1,PRODUCE,858.362
2016-08-15,1,PRODUCE,2473.226
2016-08-16,1,PRODUCE,2089.533
2016-08-17,1,PRODUCE,3843.778
2016-08-18,1,PRODUCE,1746.183
2016-08-19,1,PRODUCE,2189.826
2016-08-20,1,PRODUCE,2328.033
2016-08-21,1,PRODUCE,1004.34
2016-08-22,1,PRODUCE,2476.871
2016-08-23,1,PRODUCE,2081.951
2016-08-24,1,PRODUCE,3988.215
2016-08-25,1,PRODUCE,1942.737
2016-08-26,1,PRODUCE,2294.2
2016-08-27,1,PRODUCE,2136.919
2016-08-28,1,PRODUCE,1174.689
2016-08-29,1,PRODUCE,2326.541
2016-08-30,1,PRODUCE,2020.053
2016-08-31,1,PRODUCE,3889.887
2016-09-01,1,PRODUCE,2108.252
2016-09-02,1,PRODUCE,2398.246
2016-09-03,1,PRODUCE,2439.8909
2016-09-04,1,PRODUCE,1252.366
2016-09-05,1,PRODUCE,2439.753
2016-09-06,1,PRODUCE,2200.752
2016-09-07,1,PRODUCE,3917.565
2016-09-08,1,PRODUCE,1804.802
2016-09-09,1,PRODUCE,2551.719
2016-09-10,1,PRODUCE,2441.956
2016-09-11,1,PRODUCE,1097.069
2016-09-12,1,PRODUCE,2637.536
2016-09-13,1,PRODUCE,1917.861
2016-09-14,1,PRODUCE,3881.097
2016-09-15,1,PRODUCE,1895.463
2016-09-16,1,PRODUCE,2383.839
2016-09-17,1,PRODUCE,2554.865
2016-09-18,1,PRODUCE,1189.527
2016-09-19,1,PRODUCE,2360.434
2016-09-20,1,PRODUCE,2034.654
2016-09-21,1,PRODUCE,3630.324
2016-09-22,1,PRODUCE,2016.231
2016-09-23,1,PRODUCE,2156.876
2016-09-24,1,PRODUCE,2310.827
2016-09-25,1,PRODUCE,1119.685
2016-09-26,1,PRODUCE,2153.161
2016-09-27,1,PRODUCE,1829.967
2016-09-28,1,PRODUCE,3866.636
2016-09-29,1,PRODUCE,1739.784
2016-09-30,1,PRODUCE,2235.373
2016-10-01,1,PRODUCE,2905.149
2016-10-02,1,PRODUCE,1381.708
2016-10-03,1,PRODUCE,2667.745
2016-10-04,1,PRODUCE,2112.3
2016-10-05,1,PRODUCE,4069.922
2016-10-06,1,PRODUCE,2104.239
2016-10-07,1,PRODUCE,2482.377
2016-10-08,1,PRODUCE,2865.128
2016-10-09,1,PRODUCE,1422.443
2016-10-10,1,PRODUCE,2771.1
2016-10-11,1,PRODUCE,2152.231
2016-10-12,1,PRODUCE,4411.112
2016-10-13,1,PRODUCE,1996.255
2016-10-14,1,PRODUCE,2461.292
2016-10-15,1,PRODUCE,2840.822
2016-10-16,1,PRODUCE,1529.256
2016-10-17,1,PRODUCE,2745.119
2016-10-18,1,PRODUCE,2262.983
2016-10-19,1,PRODUCE,4293.365
2016-10-20,1,PRODUCE,2087.617
2016-10-21,1,PRODUCE,2494.127
2016-10-22,1,PRODUCE,2609.862
2016-10-23,1,PRODUCE,1323.927
2016-10-24,1,PRODUCE,2227.497
2016-10-25,1,PRODUCE,2336.619
2016-10-26,1,PRODUCE,3709.456
2016-10-27,1,PRODUCE,2122.138
2016-10-28,1,PRODUCE,2369.483
2016-10-29,1,PRODUCE,2032.158
2016-10-30,1,PRODUCE,1271.107
2016-10-31,1,PRODUCE,1738.943
2016-11-01,1,PRODUCE,2310.205
2016-11-02,1,PRODUCE,1411.177
2016-11-03,1,PRODUCE,1090.467
2016-11-04,1,PRODUCE,1680.597
2016-11-05,1,PRODUCE,1581.494
2016-11-06,1,PRODUCE,1284.527
2016-11-07,1,PRODUCE,2538.336
2016-11-08,1,PRODUCE,2547.528
2016-11-09,1,PRODUCE,4753.515
2016-11-10,1,PRODUCE,2184.611
2016-11-11,1,PRODUCE,2062.978
2016-11-12,1,PRODUCE,2325.644
2016-11-13,1,PRODUCE,1348.604
2016-11-14,1,PRODUCE,2485.681
2016-11-15,1,PRODUCE,2148.326
2016-11-16,1,PRODUCE,4373.028
2016-11-17,1,PRODUCE,2124.668
2016-11-18,1,PRODUCE,2467.296
2016-11-19,1,PRODUCE,2461.391
2016-11-20,1,PRODUCE,1324.795
2016-11-21,1,PRODUCE,2740.708
2016-11-22,1,PRODUCE,2016.232
2016-11-23,1,PRODUCE,4400.634
2016-11-24,1,PRODUCE,1828.357
2016-11-25,1,PRODUCE,2323.635
2016-11-26,1,PRODUCE,2319.748
2016-11-27,1,PRODUCE,1133.014
2016-11-28,1,PRODUCE,2454.433
2016-11-29,1,PRODUCE,2085.673
2016-11-30,1,PRODUCE,3873.862
2016-12-01,1,PRODUCE,2417.795
2016-12-02,1,PRODUCE,2576.879
2016-12-03,1,PRODUCE,2389.859
2016-12-04,1,PRODUCE,1358.342
2016-12-05,1,PRODUCE,2031.577
2016-12-06,1,PRODUCE,909.086
2016-12-07,1,PRODUCE,4411.107
2016-12-08,1,PRODUCE,2288.426
2016-12-09,1,PRODUCE,2497.674
2016-12-10,1,PRODUCE,2343.168
2016-12-11,1,PRODUCE,1168.158
2016-12-12,1,PRODUCE,2355.38
2016-12-13,1,PRODUCE,2137.897
2016-12-14,1,PRODUCE,3883.443
2016-12-15,1,PRODUCE,2445.916
2016-12-16,1,PRODUCE,2663.655
2016-12-17,1,PRODUCE,2622.909
2016-12-18,1,PRODUCE,1609.374
2016-12-19,1,PRODUCE,2425.945
2016-12-20,1,PRODUCE,2365.071
2016-12-21,1,PRODUCE,3999.037
2016-12-22,1,PRODUCE,2976.244
2016-12-23,1,PRODUCE,3674.285
2016-12-24,1,PRODUCE,2848.774
2016-12-26,1,PRODUCE,887.889
2016-12-27,1,PRODUCE,2577.53
2016-12-28,1,PRODUCE,3263.385
2016-12-29,1,PRODUCE,2186.298
2016-12-30,1,PRODUCE,2568.254
2016-12-31,1,PRODUCE,2342.127
2017-01-01,1,PRODUCE,0.0
2017-01-02,1,PRODUCE,1319.8829
2017-01-03,1,PRODUCE,3558.436
2017-01-04,1,PRODUCE,4830.27
2017-01-05,1,PRODUCE,2896.172
2017-01-06,1,PRODUCE,2782.71
2017-01-07,1,PRODUCE,2518.411
2017-01-08,1,PRODUCE,1442.536
2017-01-09,1,PRODUCE,2796.361
2017-01-10,1,PRODUCE,2693.894
2017-01-11,1,PRODUCE,3982.73
2017-01-12,1,PRODUCE,2291.617
2017-01-13,1,PRODUCE,2943.461
2017-01-14,1,PRODUCE,2688.454
2017-01-15,1,PRODUCE,1479.333
2017-01-16,1,PRODUCE,2599.2
2017-01-17,1,PRODUCE,2331.77
2017-01-18,1,PRODUCE,4314.8857
2017-01-19,1,PRODUCE,2257.627
2017-01-20,1,PRODUCE,2308.567
2017-01-21,1,PRODUCE,2987.164
2017-01-22,1,PRODUCE,1391.087
2017-01-23,1,PRODUCE,2799.288
2017-01-24,1,PRODUCE,2473.641
2017-01-25,1,PRODUCE,4282.369
2017-01-26,1,PRODUCE,2524.924
2017-01-27,1,PRODUCE,2499.153
2017-01-28,1,PRODUCE,2643.374
2017-01-29,1,PRODUCE,1233.593
2017-01-30,1,PRODUCE,2673.275
2017-01-31,1,PRODUCE,2271.179
2017-02-01,1,PRODUCE,4540.839
2017-02-02,1,PRODUCE,2643.706
2017-02-03,1,PRODUCE,2597.751
2017-02-04,1,PRODUCE,2720.346
2017-02-05,1,PRODUCE,1397.257
2017-02-06,1,PRODUCE,2595.389
2017-02-07,1,PRODUCE,2600.645
2017-02-08,1,PRODUCE,4204.733
2017-02-09,1,PRODUCE,2416.374
2017-02-10,1,PRODUCE,2586.337
2017-02-11,1,PRODUCE,2824.263
2017-02-12,1,PRODUCE,1458.134
2017-02-13,1,PRODUCE,2926.495
2017-02-14,1,PRODUCE,2444.466
2017-02-15,1,PRODUCE,4168.891
2017-02-16,1,PRODUCE,2299.584
2017-02-17,1,PRODUCE,2727.437
2017-02-18,1,PRODUCE,2956.067
2017-02-19,1,PRODUCE,1213.042
2017-02-20,1,PRODUCE,2620.15
2017-02-21,1,PRODUCE,2138.314
2017-02-22,1,PRODUCE,3882.947
2017-02-23,1,PRODUCE,2138.086
2017-02-24,1,PRODUCE,2294.973
2017-02-25,1,PRODUCE,2237.426
2017-02-26,1,PRODUCE,754.585
2017-02-27,1,PRODUCE,633.76
2017-02-28,1,PRODUCE,1454.561
2017-03-01,1,PRODUCE,4897.014
2017-03-02,1,PRODUCE,2813.022
2017-03-03,1,PRODUCE,2499.208
2017-03-04,1,PRODUCE,2622.777
2017-03-05,1,PRODUCE,1281.167
2017-03-06,1,PRODUCE,2482.341
2017-03-07,1,PRODUCE,2399.11
2017-03-08,1,PRODUCE,3922.882
2017-03-09,1,PRODUCE,2356.113
2017-03-10,1,PRODUCE,2613.803
2017-03-11,1,PRODUCE,2489.928
2017-03-12,1,PRODUCE,1361.066
2017-03-13,1,PRODUCE,2458.472
2017-03-14,1,PRODUCE,2302.603
2017-03-15,1,PRODUCE,4318.616
2017-03-16,1,PRODUCE,2200.792
2017-03-17,1,PRODUCE,3112.91
2017-03-18,1,PRODUCE,2438.986
2017-03-19,1,PRODUCE,1382.884
2017-03-20,1,PRODUCE,2695.472
2017-03-21,1,PRODUCE,2196.443
2017-03-22,1,PRODUCE,4265.649
2017-03-23,1,PRODUCE,2130.416
2017-03-24,1,PRODUCE,2647.885
2017-03-25,1,PRODUCE,2564.385
2017-03-26,1,PRODUCE,1192.8619
2017-03-27,1,PRODUCE,2815.876
2017-03-28,1,PRODUCE,2009.617
2017-03-29,1,PRODUCE,4538.985
2017-03-30,1,PRODUCE,2221.972
2017-03-31,1,PRODUCE,3183.464
2017-04-01,1,PRODUCE,3209.022
2017-04-02,1,PRODUCE,1186.1849
2017-04-03,1,PRODUCE,2442.746
2017-04-04,1,PRODUCE,2445.951
2017-04-05,1,PRODUCE,4556.578
2017-04-06,1,PRODUCE,2284.208
2017-04-07,1,PRODUCE,2765.049
2017-04-08,1,PRODUCE,2546.769
2017-04-09,1,PRODUCE,1394.992
2017-04-10,1,PRODUCE,2471.813
2017-04-11,1,PRODUCE,2252.322
2017-04-12,1,PRODUCE,4268.642
2017-04-13,1,PRODUCE,2170.4
2017-04-14,1,PRODUCE,984.604
2017-04-15,1,PRODUCE,1743.254
2017-04-16,1,PRODUCE,1083.279
2017-04-17,1,PRODUCE,2776.914
2017-04-18,1,PRODUCE,2371.995
2017-04-19,1,PRODUCE,4234.829
2017-04-20,1,PRODUCE,2236.143
2017-04-21,1,PRODUCE,2736.322
2017-04-22,1,PRODUCE,2530.416
2017-04-23,1,PRODUCE,1058.882
2017-04-24,1,PRODUCE,2569.755
2017-04-25,1,PRODUCE,2339.174
2017-04-26,1,PRODUCE,4410.372
2017-04-27,1,PRODUCE,2221.449
2017-04-28,1,PRODUCE,2499.811
2017-04-29,1,PRODUCE,2442.761
2017-04-30,1,PRODUCE,920.979
2017-05-01,1,PRODUCE,1097.818
2017-05-02,1,PRODUCE,2834.652
2017-05-03,1,PRODUCE,4424.103
2017-05-04,1,PRODUCE,2194.038
2017-05-05,1,PRODUCE,2631.374
2017-05-06,1,PRODUCE,2500.529
2017-05-07,1,PRODUCE,1176.723
2017-05-08,1,PRODUCE,2804.137
2017-05-09,1,PRODUCE,2429.981
2017-05-10,1,PRODUCE,4264.674
2017-05-11,1,PRODUCE,1921.447
2017-05-12,1,PRODUCE,2734.47
2017-05-13,1,PRODUCE,2833.187
2017-05-14,1,PRODUCE,982.624
2017-05-15,1,PRODUCE,2958.964
2017-05-16,1,PRODUCE,2279.137
2017-05-17,1,PRODUCE,4211.83
2017-05-18,1,PRODUCE,2078.948
2017-05-19,1,PRODUCE,2787.8489
2017-05-20,1,PRODUCE,2292.746
2017-05-21,1,PRODUCE,1155.803
2017-05-22,1,PRODUCE,2673.0989
2017-05-23,1,PRODUCE,2460.27
2017-05-24,1,PRODUCE,3943.65
2017-05-25,1,PRODUCE,2359.139
2017-05-26,1,PRODUCE,1442.304
2017-05-27,1,PRODUCE,2041.428
2017-05-28,1,PRODUCE,1103.823
2017-05-29,1,PRODUCE,2841.144
2017-05-30,1,PRODUCE,2095.691
2017-05-31,1,PRODUCE,4064.356
2017-06-01,1,PRODUCE,2812.603
2017-06-02,1,PRODUCE,2571.444
2017-06-03,1,PRODUCE,2749.65
2017-06-04,1,PRODUCE,1276.597
2017-06-05,1,PRODUCE,2717.218
2017-06-06,1,PRODUCE,2789.266
2017-06-07,1,PRODUCE,4589.948
2017-06-08,1,PRODUCE,2106.388
2017-06-09,1,PRODUCE,2879.673
2017-06-10,1,PRODUCE,2257.845
2017-06-11,1,PRODUCE,1422.027
2017-06-12,1,PRODUCE,2587.608
2017-06-13,1,PRODUCE,2394.398
2017-06-14,1,PRODUCE,3818.976
2017-06-15,1,PRODUCE,2499.705
2017-06-16,1,PRODUCE,2417.877
2017-06-17,1,PRODUCE,2845.031
2017-06-18,1,PRODUCE,1270.613
2017-06-19,1,PRODUCE,2646.523
2017-06-20,1,PRODUCE,2414.162
2017-06-21,1,PRODUCE,4339.485
2017-06-22,1,PRODUCE,2298.442
2017-06-23,1,PRODUCE,2550.005
2017-06-24,1,PRODUCE,2558.38
2017-06-25,1,PRODUCE,1161.008
2017-06-26,1,PRODUCE,2238.98
2017-06-27,1,PRODUCE,2426.717
2017-06-28,1,PRODUCE,4393.774
2017-06-29,1,PRODUCE,2310.124
2017-06-30,1,PRODUCE,2229.658
2017-07-01,1,PRODUCE,2536.962
2017-07-02,1,PRODUCE,1265.451
2017-07-03,1,PRODUCE,2954.984
2017-07-04,1,PRODUCE,2265.395
2017-07-05,1,PRODUCE,4092.718
2017-07-06,1,PRODUCE,2206.24
2017-07-07,1,PRODUCE,2246.033
2017-07-08,1,PRODUCE,2536.969
2017-07-09,1,PRODUCE,1307.405
2017-07-10,1,PRODUCE,2676.177
2017-07-11,1,PRODUCE,2072.539
2017-07-12,1,PRODUCE,4106.119
2017-07-13,1,PRODUCE,2275.642
2017-07-14,1,PRODUCE,2408.065
2017-07-15,1,PRODUCE,2154.773
2017-07-16,1,PRODUCE,1118.207
2017-07-17,1,PRODUCE,2581.681
2017-07-18,1,PRODUCE,2425.704
2017-07-19,1,PRODUCE,3799.933
2017-07-20,1,PRODUCE,2182.5989
2017-07-21,1,PRODUCE,2615.542
2017-07-22,1,PRODUCE,2510.037
2017-07-23,1,PRODUCE,1291.622
2017-07-24,1,PRODUCE,2589.719
2017-07-25,1,PRODUCE,2001.238
2017-07-26,1,PRODUCE,3766.491
2017-07-27,1,PRODUCE,2313.988
2017-07-28,1,PRODUCE,2328.788
2017-07-29,1,PRODUCE,2407.446
2017-07-30,1,PRODUCE,1178.718
2017-07-31,1,PRODUCE,2603.372
2017-08-01,1,PRODUCE,2560.61
2017-08-02,1,PRODUCE,4375.5522
2017-08-03,1,PRODUCE,1925.761
2017-08-04,1,PRODUCE,2702.803
2017-08-05,1,PRODUCE,2126.341
2017-08-06,1,PRODUCE,1027.442
2017-08-07,1,PRODUCE,2416.128
2017-08-08,1,PRODUCE,2137.037
2017-08-09,1,PRODUCE,3855.684
2017-08-10,1,PRODUCE,2261.499
2017-08-11,1,PRODUCE,1115.334
2017-08-12,1,PRODUCE,1762.493
2017-08-13,1,PRODUCE,986.669
2017-08-14,1,PRODUCE,2611.755
2017-08-15,1,PRODUCE,2240.23
2016-01-01,1,SCHOOL AND OFFICE SUPPLIES,0.0
2016-01-02,1,SCHOOL AND OFFICE SUPPLIES,0.0
2016-01-03,1,SCHOOL AND OFFICE SUPPLIES,0.0
2016-01-04,1,SCHOOL AND OFFICE SUPPLIES,0.0
2016-01-05,1,SCHOOL AND OFFICE SUPPLIES,0.0
2016-01-06,1,SCHOOL AND OFFICE SUPPLIES,0.0
2016-01-07,1,SCHOOL AND OFFICE SUPPLIES,0.0
2016-01-08,1,SCHOOL AND OFFICE SUPPLIES,0.0
2016-01-09,1,SCHOOL AND OFFICE SUPPLIES,0.0
2016-01-10,1,SCHOOL AND OFFICE SUPPLIES,0.0
2016-01-11,1,SCHOOL AND OFFICE SUPPLIES,0.0
2016-01-12,1,SCHOOL AND OFFICE SUPPLIES,0.0
2016-01-13,1,SCHOOL AND OFFICE SUPPLIES,0.0
2016-01-14,1,SCHOOL AND OFFICE SUPPLIES,0.0
2016-01-15,1,SCHOOL AND OFFICE SUPPLIES,0.0
2016-01-16,1,SCHOOL AND OFFICE SUPPLIES,0.0
2016-01-17,1,SCHOOL AND OFFICE SUPPLIES,0.0
2016-01-18,1,SCHOOL AND OFFICE SUPPLIES,0.0
2016-01-19,1,SCHOOL AND OFFICE SUPPLIES,0.0
2016-01-20,1,SCHOOL AND OFFICE SUPPLIES,0.0
2016-01-21,1,SCHOOL AND OFFICE SUPPLIES,0.0
2016-01-22,1,SCHOOL AND OFFICE SUPPLIES,0.0
2016-01-23,1,SCHOOL AND OFFICE SUPPLIES,0.0
2016-01-24,1,SCHOOL AND OFFICE SUPPLIES,0.0
2016-01-25,1,SCHOOL AND OFFICE SUPPLIES,0.0
2016-01-26,1,SCHOOL AND OFFICE SUPPLIES,0.0
2016-01-27,1,SCHOOL AND OFFICE SUPPLIES,0.0
2016-01-28,1,SCHOOL AND OFFICE SUPPLIES,0.0
2016-01-29,1,SCHOOL AND OFFICE SUPPLIES,0.0
2016-01-30,1,SCHOOL AND OFFICE SUPPLIES,0.0
2016-01-31,1,SCHOOL AND OFFICE SUPPLIES,0.0
2016-02-01,1,SCHOOL AND OFFICE SUPPLIES,0.0
2016-02-02,1,SCHOOL AND OFFICE SUPPLIES,0.0
2016-02-03,1,SCHOOL AND OFFICE SUPPLIES,0.0
2016-02-04,1,SCHOOL AND OFFICE SUPPLIES,0.0
2016-02-05,1,SCHOOL AND OFFICE SUPPLIES,0.0
2016-02-06,1,SCHOOL AND OFFICE SUPPLIES,0.0
2016-02-07,1,SCHOOL AND OFFICE SUPPLIES,0.0
2016-02-08,1,SCHOOL AND OFFICE SUPPLIES,0.0
2016-02-09,1,SCHOOL AND OFFICE SUPPLIES,0.0
2016-02-10,1,SCHOOL AND OFFICE SUPPLIES,0.0
2016-02-11,1,SCHOOL AND OFFICE SUPPLIES,1.0
2016-02-12,1,SCHOOL AND OFFICE SUPPLIES,0.0
2016-02-13,1,SCHOOL AND OFFICE SUPPLIES,0.0
2016-02-14,1,SCHOOL AND OFFICE SUPPLIES,0.0
2016-02-15,1,SCHOOL AND OFFICE SUPPLIES,0.0
2016-02-16,1,SCHOOL AND OFFICE SUPPLIES,0.0
2016-02-17,1,SCHOOL AND OFFICE SUPPLIES,0.0
2016-02-18,1,SCHOOL AND OFFICE SUPPLIES,0.0
2016-02-19,1,SCHOOL AND OFFICE SUPPLIES,0.0
2016-02-20,1,SCHOOL AND OFFICE SUPPLIES,0.0
2016-02-21,1,SCHOOL AND OFFICE SUPPLIES,0.0
2016-02-22,1,SCHOOL AND OFFICE SUPPLIES,1.0
2016-02-23,1,SCHOOL AND OFFICE SUPPLIES,0.0
2016-02-24,1,SCHOOL AND OFFICE SUPPLIES,0.0
2016-02-25,1,SCHOOL AND OFFICE SUPPLIES,0.0
2016-02-26,1,SCHOOL AND OFFICE SUPPLIES,0.0
2016-02-27,1,SCHOOL AND OFFICE SUPPLIES,0.0
2016-02-28,1,SCHOOL AND OFFICE SUPPLIES,0.0
2016-02-29,1,SCHOOL AND OFFICE SUPPLIES,1.0
2016-03-01,1,SCHOOL AND OFFICE SUPPLIES,0.0
2016-03-02,1,SCHOOL AND OFFICE SUPPLIES,0.0
2016-03-03,1,SCHOOL AND OFFICE SUPPLIES,0.0
2016-03-04,1,SCHOOL AND OFFICE SUPPLIES,0.0
2016-03-05,1,SCHOOL AND OFFICE SUPPLIES,2.0
2016-03-06,1,SCHOOL AND OFFICE SUPPLIES,1.0
2016-03-07,1,SCHOOL AND OFFICE SUPPLIES,0.0
2016-03-08,1,SCHOOL AND OFFICE SUPPLIES,1.0
2016-03-09,1,SCHOOL AND OFFICE SUPPLIES,0.0
2016-03-10,1,SCHOOL AND OFFICE SUPPLIES,0.0
2016-03-11,1,SCHOOL AND OFFICE SUPPLIES,0.0
2016-03-12,1,SCHOOL AND OFFICE SUPPLIES,0.0
2016-03-13,1,SCHOOL AND OFFICE SUPPLIES,0.0
2016-03-14,1,SCHOOL AND OFFICE SUPPLIES,0.0
2016-03-15,1,SCHOOL AND OFFICE SUPPLIES,0.0
2016-03-16,1,SCHOOL AND OFFICE SUPPLIES,0.0
2016-03-17,1,SCHOOL AND OFFICE SUPPLIES,0.0
2016-03-18,1,SCHOOL AND OFFICE SUPPLIES,0.0
2016-03-19,1,SCHOOL AND OFFICE SUPPLIES,0.0
2016-03-20,1,SCHOOL AND OFFICE SUPPLIES,0.0
2016-03-21,1,SCHOOL AND OFFICE SUPPLIES,0.0
2016-03-22,1,SCHOOL AND OFFICE SUPPLIES,0.0
2016-03-23,1,SCHOOL AND OFFICE SUPPLIES,0.0
2016-03-24,1,SCHOOL AND OFFICE SUPPLIES,0.0
2016-03-25,1,SCHOOL AND OFFICE SUPPLIES,0.0
2016-03-26,1,SCHOOL AND OFFICE SUPPLIES,0.0
2016-03-27,1,SCHOOL AND OFFICE SUPPLIES,0.0
2016-03-28,1,SCHOOL AND OFFICE SUPPLIES,0.0
2016-03-29,1,SCHOOL AND OFFICE SUPPLIES,0.0
2016-03-30,1,SCHOOL AND OFFICE SUPPLIES,0.0
2016-03-31,1,SCHOOL AND OFFICE SUPPLIES,0.0
2016-04-01,1,SCHOOL AND OFFICE SUPPLIES,0.0
2016-04-02,1,SCHOOL AND OFFICE SUPPLIES,0.0
2016-04-03,1,SCHOOL AND OFFICE SUPPLIES,0.0
2016-04-04,1,SCHOOL AND OFFICE SUPPLIES,0.0
2016-04-05,1,SCHOOL AND OFFICE SUPPLIES,0.0
2016-04-06,1,SCHOOL AND OFFICE SUPPLIES,0.0
2016-04-07,1,SCHOOL AND OFFICE SUPPLIES,0.0
2016-04-08,1,SCHOOL AND OFFICE SUPPLIES,1.0
2016-04-09,1,SCHOOL AND OFFICE SUPPLIES,0.0
2016-04-10,1,SCHOOL AND OFFICE SUPPLIES,0.0
2016-04-11,1,SCHOOL AND OFFICE SUPPLIES,3.0
2016-04-12,1,SCHOOL AND OFFICE SUPPLIES,0.0
2016-04-13,1,SCHOOL AND OFFICE SUPPLIES,1.0
2016-04-14,1,SCHOOL AND OFFICE SUPPLIES,0.0
2016-04-15,1,SCHOOL AND OFFICE SUPPLIES,0.0
2016-04-16,1,SCHOOL AND OFFICE SUPPLIES,0.0
2016-04-17,1,SCHOOL AND OFFICE SUPPLIES,0.0
2016-04-18,1,SCHOOL AND OFFICE SUPPLIES,0.0
2016-04-19,1,SCHOOL AND OFFICE SUPPLIES,0.0
2016-04-20,1,SCHOOL AND OFFICE SUPPLIES,0.0
2016-04-21,1,SCHOOL AND OFFICE SUPPLIES,0.0
2016-04-22,1,SCHOOL AND OFFICE SUPPLIES,0.0
2016-04-23,1,SCHOOL AND OFFICE SUPPLIES,0.0
2016-04-24,1,SCHOOL AND OFFICE SUPPLIES,0.0
2016-04-25,1,SCHOOL AND OFFICE SUPPLIES,0.0
2016-04-26,1,SCHOOL AND OFFICE SUPPLIES,1.0
2016-04-27,1,SCHOOL AND OFFICE SUPPLIES,0.0
2016-04-28,1,SCHOOL AND OFFICE SUPPLIES,0.0
2016-04-29,1,SCHOOL AND OFFICE SUPPLIES,1.0
2016-04-30,1,SCHOOL AND OFFICE SUPPLIES,0.0
2016-05-01,1,SCHOOL AND OFFICE SUPPLIES,0.0
2016-05-02,1,SCHOOL AND OFFICE SUPPLIES,0.0
2016-05-03,1,SCHOOL AND OFFICE SUPPLIES,0.0
2016-05-04,1,SCHOOL AND OFFICE SUPPLIES,0.0
2016-05-05,1,SCHOOL AND OFFICE SUPPLIES,0.0
2016-05-06,1,SCHOOL AND OFFICE SUPPLIES,0.0
2016-05-07,1,SCHOOL AND OFFICE SUPPLIES,0.0
2016-05-08,1,SCHOOL AND OFFICE SUPPLIES,0.0
2016-05-09,1,SCHOOL AND OFFICE SUPPLIES,0.0
2016-05-10,1,SCHOOL AND OFFICE SUPPLIES,0.0
2016-05-11,1,SCHOOL AND OFFICE SUPPLIES,0.0
2016-05-12,1,SCHOOL AND OFFICE SUPPLIES,0.0
2016-05-13,1,SCHOOL AND OFFICE SUPPLIES,0.0
2016-05-14,1,SCHOOL AND OFFICE SUPPLIES,0.0
2016-05-15,1,SCHOOL AND OFFICE SUPPLIES,0.0
2016-05-16,1,SCHOOL AND OFFICE SUPPLIES,0.0
2016-05-17,1,SCHOOL AND OFFICE SUPPLIES,0.0
2016-05-18,1,SCHOOL AND OFFICE SUPPLIES,0.0
2016-05-19,1,SCHOOL AND OFFICE SUPPLIES,1.0
2016-05-20,1,SCHOOL AND OFFICE SUPPLIES,0.0
2016-05-21,1,SCHOOL AND OFFICE SUPPLIES,0.0
2016-05-22,1,SCHOOL AND OFFICE SUPPLIES,0.0
2016-05-23,1,SCHOOL AND OFFICE SUPPLIES,0.0
2016-05-24,1,SCHOOL AND OFFICE SUPPLIES,0.0
2016-05-25,1,SCHOOL AND OFFICE SUPPLIES,0.0
2016-05-26,1,SCHOOL AND OFFICE SUPPLIES,0.0
2016-05-27,1,SCHOOL AND OFFICE SUPPLIES,0.0
2016-05-28,1,SCHOOL AND OFFICE SUPPLIES,0.0
2016-05-29,1,SCHOOL AND OFFICE SUPPLIES,0.0
2016-05-30,1,SCHOOL AND OFFICE SUPPLIES,0.0
2016-05-31,1,SCHOOL AND OFFICE SUPPLIES,0.0
2016-06-01,1,SCHOOL AND OFFICE SUPPLIES,0.0
2016-06-02,1,SCHOOL AND OFFICE SUPPLIES,0.0
2016-06-03,1,SCHOOL AND OFFICE SUPPLIES,0.0
2016-06-04,1,SCHOOL AND OFFICE SUPPLIES,0.0
2016-06-05,1,SCHOOL AND OFFICE SUPPLIES,0.0
2016-06-06,1,SCHOOL AND OFFICE SUPPLIES,0.0
2016-06-07,1,SCHOOL AND OFFICE SUPPLIES,0.0
2016-06-08,1,SCHOOL AND OFFICE SUPPLIES,0.0
2016-06-09,1,SCHOOL AND OFFICE SUPPLIES,0.0
2016-06-10,1,SCHOOL AND OFFICE SUPPLIES,0.0
2016-06-11,1,SCHOOL AND OFFICE SUPPLIES,0.0
2016-06-12,1,SCHOOL AND OFFICE SUPPLIES,0.0
2016-06-13,1,SCHOOL AND OFFICE SUPPLIES,0.0
2016-06-14,1,SCHOOL AND OFFICE SUPPLIES,0.0
2016-06-15,1,SCHOOL AND OFFICE SUPPLIES,0.0
2016-06-16,1,SCHOOL AND OFFICE SUPPLIES,1.0
2016-06-17,1,SCHOOL AND OFFICE SUPPLIES,0.0
2016-06-18,1,SCHOOL AND OFFICE SUPPLIES,0.0
2016-06-19,1,SCHOOL AND OFFICE SUPPLIES,0.0
2016-06-20,1,SCHOOL AND OFFICE SUPPLIES,0.0
2016-06-21,1,SCHOOL AND OFFICE SUPPLIES,0.0
2016-06-22,1,SCHOOL AND OFFICE SUPPLIES,1.0
2016-06-23,1,SCHOOL AND OFFICE SUPPLIES,2.0
2016-06-24,1,SCHOOL AND OFFICE SUPPLIES,0.0
2016-06-25,1,SCHOOL AND OFFICE SUPPLIES,0.0
2016-06-26,1,SCHOOL AND OFFICE SUPPLIES,0.0
2016-06-27,1,SCHOOL AND OFFICE SUPPLIES,0.0
2016-06-28,1,SCHOOL AND OFFICE SUPPLIES,0.0
2016-06-29,1,SCHOOL AND OFFICE SUPPLIES,0.0
2016-06-30,1,SCHOOL AND OFFICE SUPPLIES,0.0
2016-07-01,1,SCHOOL AND OFFICE SUPPLIES,0.0
2016-07-02,1,SCHOOL AND OFFICE SUPPLIES,0.0
2016-07-03,1,SCHOOL AND OFFICE SUPPLIES,0.0
2016-07-04,1,SCHOOL AND OFFICE SUPPLIES,0.0
2016-07-05,1,SCHOOL AND OFFICE SUPPLIES,0.0
2016-07-06,1,SCHOOL AND OFFICE SUPPLIES,0.0
2016-07-07,1,SCHOOL AND OFFICE SUPPLIES,0.0
2016-07-08,1,SCHOOL AND OFFICE SUPPLIES,1.0
2016-07-09,1,SCHOOL AND OFFICE SUPPLIES,0.0
2016-07-10,1,SCHOOL AND OFFICE SUPPLIES,0.0
2016-07-11,1,SCHOOL AND OFFICE SUPPLIES,0.0
2016-07-12,1,SCHOOL AND OFFICE SUPPLIES,0.0
2016-07-13,1,SCHOOL AND OFFICE SUPPLIES,0.0
2016-07-14,1,SCHOOL AND OFFICE SUPPLIES,0.0
2016-07-15,1,SCHOOL AND OFFICE SUPPLIES,0.0
2016-07-16,1,SCHOOL AND OFFICE SUPPLIES,0.0
2016-07-17,1,SCHOOL AND OFFICE SUPPLIES,0.0
2016-07-18,1,SCHOOL AND OFFICE SUPPLIES,0.0
2016-07-19,1,SCHOOL AND OFFICE SUPPLIES,1.0
2016-07-20,1,SCHOOL AND OFFICE SUPPLIES,0.0
2016-07-21,1,SCHOOL AND OFFICE SUPPLIES,0.0
2016-07-22,1,SCHOOL AND OFFICE SUPPLIES,0.0
2016-07-23,1,SCHOOL AND OFFICE SUPPLIES,1.0
2016-07-24,1,SCHOOL AND OFFICE SUPPLIES,0.0
2016-07-25,1,SCHOOL AND OFFICE SUPPLIES,0.0
2016-07-26,1,SCHOOL AND OFFICE SUPPLIES,0.0
2016-07-27,1,SCHOOL AND OFFICE SUPPLIES,1.0
2016-07-28,1,SCHOOL AND OFFICE SUPPLIES,0.0
2016-07-29,1,SCHOOL AND OFFICE SUPPLIES,0.0
2016-07-30,1,SCHOOL AND OFFICE SUPPLIES,0.0
2016-07-31,1,SCHOOL AND OFFICE SUPPLIES,0.0
2016-08-01,1,SCHOOL AND OFFICE SUPPLIES,0.0
2016-08-02,1,SCHOOL AND OFFICE SUPPLIES,0.0
2016-08-03,1,SCHOOL AND OFFICE SUPPLIES,0.0
2016-08-04,1,SCHOOL AND OFFICE SUPPLIES,0.0
2016-08-05,1,SCHOOL AND OFFICE SUPPLIES,0.0
2016-08-06,1,SCHOOL AND OFFICE SUPPLIES,0.0
2016-08-07,1,SCHOOL AND OFFICE SUPPLIES,0.0
2016-08-08,1,SCHOOL AND OFFICE SUPPLIES,0.0
2016-08-09,1,SCHOOL AND OFFICE SUPPLIES,0.0
2016-08-10,1,SCHOOL AND OFFICE SUPPLIES,0.0
2016-08-11,1,SCHOOL AND OFFICE SUPPLIES,0.0
2016-08-12,1,SCHOOL AND OFFICE SUPPLIES,0.0
2016-08-13,1,SCHOOL AND OFFICE SUPPLIES,0.0
2016-08-14,1,SCHOOL AND OFFICE SUPPLIES,0.0
2016-08-15,1,SCHOOL AND OFFICE SUPPLIES,0.0
2016-08-16,1,SCHOOL AND OFFICE SUPPLIES,0.0
2016-08-17,1,SCHOOL AND OFFICE SUPPLIES,0.0
2016-08-18,1,SCHOOL AND OFFICE SUPPLIES,0.0
2016-08-19,1,SCHOOL AND OFFICE SUPPLIES,0.0
2016-08-20,1,SCHOOL AND OFFICE SUPPLIES,0.0
2016-08-21,1,SCHOOL AND OFFICE SUPPLIES,0.0
2016-08-22,1,SCHOOL AND OFFICE SUPPLIES,0.0
2016-08-23,1,SCHOOL AND OFFICE SUPPLIES,0.0
2016-08-24,1,SCHOOL AND OFFICE SUPPLIES,3.0
2016-08-25,1,SCHOOL AND OFFICE SUPPLIES,0.0
2016-08-26,1,SCHOOL AND OFFICE SUPPLIES,1.0
2016-08-27,1,SCHOOL AND OFFICE SUPPLIES,0.0
2016-08-28,1,SCHOOL AND OFFICE SUPPLIES,5.0
2016-08-29,1,SCHOOL AND OFFICE SUPPLIES,0.0
2016-08-30,1,SCHOOL AND OFFICE SUPPLIES,0.0
2016-08-31,1,SCHOOL AND OFFICE SUPPLIES,1.0
2016-09-01,1,SCHOOL AND OFFICE SUPPLIES,1.0
2016-09-02,1,SCHOOL AND OFFICE SUPPLIES,4.0
2016-09-03,1,SCHOOL AND OFFICE SUPPLIES,2.0
2016-09-04,1,SCHOOL AND OFFICE SUPPLIES,2.0
2016-09-05,1,SCHOOL AND OFFICE SUPPLIES,3.0
2016-09-06,1,SCHOOL AND OFFICE SUPPLIES,5.0
2016-09-07,1,SCHOOL AND OFFICE SUPPLIES,4.0
2016-09-08,1,SCHOOL AND OFFICE SUPPLIES,1.0
2016-09-09,1,SCHOOL AND OFFICE SUPPLIES,0.0
2016-09-10,1,SCHOOL AND OFFICE SUPPLIES,0.0
2016-09-11,1,SCHOOL AND OFFICE SUPPLIES,1.0
2016-09-12,1,SCHOOL AND OFFICE SUPPLIES,0.0
2016-09-13,1,SCHOOL AND OFFICE SUPPLIES,0.0
2016-09-14,1,SCHOOL AND OFFICE SUPPLIES,1.0
2016-09-15,1,SCHOOL AND OFFICE SUPPLIES,0.0
2016-09-16,1,SCHOOL AND OFFICE SUPPLIES,0.0
2016-09-17,1,SCHOOL AND OFFICE SUPPLIES,2.0
2016-09-18,1,SCHOOL AND OFFICE SUPPLIES,1.0
2016-09-19,1,SCHOOL AND OFFICE SUPPLIES,0.0
2016-09-20,1,SCHOOL AND OFFICE SUPPLIES,1.0
2016-09-21,1,SCHOOL AND OFFICE SUPPLIES,2.0
2016-09-22,1,SCHOOL AND OFFICE SUPPLIES,0.0
2016-09-23,1,SCHOOL AND OFFICE SUPPLIES,2.0
2016-09-24,1,SCHOOL AND OFFICE SUPPLIES,0.0
2016-09-25,1,SCHOOL AND OFFICE SUPPLIES,1.0
2016-09-26,1,SCHOOL AND OFFICE SUPPLIES,1.0
2016-09-27,1,SCHOOL AND OFFICE SUPPLIES,1.0
2016-09-28,1,SCHOOL AND OFFICE SUPPLIES,0.0
2016-09-29,1,SCHOOL AND OFFICE SUPPLIES,0.0
2016-09-30,1,SCHOOL AND OFFICE SUPPLIES,0.0
2016-10-01,1,SCHOOL AND OFFICE SUPPLIES,1.0
2016-10-02,1,SCHOOL AND OFFICE SUPPLIES,2.0
2016-10-03,1,SCHOOL AND OFFICE SUPPLIES,1.0
2016-10-04,1,SCHOOL AND OFFICE SUPPLIES,0.0
2016-10-05,1,SCHOOL AND OFFICE SUPPLIES,2.0
2016-10-06,1,SCHOOL AND OFFICE SUPPLIES,0.0
2016-10-07,1,SCHOOL AND OFFICE SUPPLIES,0.0
2016-10-08,1,SCHOOL AND OFFICE SUPPLIES,0.0
2016-10-09,1,SCHOOL AND OFFICE SUPPLIES,0.0
2016-10-10,1,SCHOOL AND OFFICE SUPPLIES,0.0
2016-10-11,1,SCHOOL AND OFFICE SUPPLIES,0.0
2016-10-12,1,SCHOOL AND OFFICE SUPPLIES,0.0
2016-10-13,1,SCHOOL AND OFFICE SUPPLIES,1.0
2016-10-14,1,SCHOOL AND OFFICE SUPPLIES,0.0
2016-10-15,1,SCHOOL AND OFFICE SUPPLIES,0.0
2016-10-16,1,SCHOOL AND OFFICE SUPPLIES,0.0
2016-10-17,1,SCHOOL AND OFFICE SUPPLIES,0.0
2016-10-18,1,SCHOOL AND OFFICE SUPPLIES,0.0
2016-10-19,1,SCHOOL AND OFFICE SUPPLIES,0.0
2016-10-20,1,SCHOOL AND OFFICE SUPPLIES,0.0
2016-10-21,1,SCHOOL AND OFFICE SUPPLIES,1.0
2016-10-22,1,SCHOOL AND OFFICE SUPPLIES,0.0
2016-10-23,1,SCHOOL AND OFFICE SUPPLIES,0.0
2016-10-24,1,SCHOOL AND OFFICE SUPPLIES,0.0
2016-10-25,1,SCHOOL AND OFFICE SUPPLIES,1.0
2016-10-26,1,SCHOOL AND OFFICE SUPPLIES,1.0
2016-10-27,1,SCHOOL AND OFFICE SUPPLIES,0.0
2016-10-28,1,SCHOOL AND OFFICE SUPPLIES,1.0
2016-10-29,1,SCHOOL AND OFFICE SUPPLIES,0.0
2016-10-30,1,SCHOOL AND OFFICE SUPPLIES,0.0
2016-10-31,1,SCHOOL AND OFFICE SUPPLIES,0.0
2016-11-01,1,SCHOOL AND OFFICE SUPPLIES,0.0
2016-11-02,1,SCHOOL AND OFFICE SUPPLIES,0.0
2016-11-03,1,SCHOOL AND OFFICE SUPPLIES,0.0
2016-11-04,1,SCHOOL AND OFFICE SUPPLIES,0.0
2016-11-05,1,SCHOOL AND OFFICE SUPPLIES,0.0
2016-11-06,1,SCHOOL AND OFFICE SUPPLIES,0.0
2016-11-07,1,SCHOOL AND OFFICE SUPPLIES,1.0
2016-11-08,1,SCHOOL AND OFFICE SUPPLIES,2.0
2016-11-09,1,SCHOOL AND OFFICE SUPPLIES,1.0
2016-11-10,1,SCHOOL AND OFFICE SUPPLIES,0.0
2016-11-11,1,SCHOOL AND OFFICE SUPPLIES,2.0
2016-11-12,1,SCHOOL AND OFFICE SUPPLIES,0.0
2016-11-13,1,SCHOOL AND OFFICE SUPPLIES,1.0
2016-11-14,1,SCHOOL AND OFFICE SUPPLIES,0.0
2016-11-15,1,SCHOOL AND OFFICE SUPPLIES,0.0
2016-11-16,1,SCHOOL AND OFFICE SUPPLIES,1.0
2016-11-17,1,SCHOOL AND OFFICE SUPPLIES,1.0
2016-11-18,1,SCHOOL AND OFFICE SUPPLIES,1.0
2016-11-19,1,SCHOOL AND OFFICE SUPPLIES,0.0
2016-11-20,1,SCHOOL AND OFFICE SUPPLIES,0.0
2016-11-21,1,SCHOOL AND OFFICE SUPPLIES,0.0
2016-11-22,1,SCHOOL AND OFFICE SUPPLIES,0.0
2016-11-23,1,SCHOOL AND OFFICE SUPPLIES,0.0
2016-11-24,1,SCHOOL AND OFFICE SUPPLIES,0.0
2016-11-25,1,SCHOOL AND OFFICE SUPPLIES,0.0
2016-11-26,1,SCHOOL AND OFFICE SUPPLIES,1.0
2016-11-27,1,SCHOOL AND OFFICE SUPPLIES,0.0
2016-11-28,1,SCHOOL AND OFFICE SUPPLIES,1.0
2016-11-29,1,SCHOOL AND OFFICE SUPPLIES,0.0
2016-11-30,1,SCHOOL AND OFFICE SUPPLIES,0.0
2016-12-01,1,SCHOOL AND OFFICE SUPPLIES,0.0
2016-12-02,1,SCHOOL AND OFFICE SUPPLIES,0.0
2016-12-03,1,SCHOOL AND OFFICE SUPPLIES,2.0
2016-12-04,1,SCHOOL AND OFFICE SUPPLIES,0.0
2016-12-05,1,SCHOOL AND OFFICE SUPPLIES,0.0
2016-12-06,1,SCHOOL AND OFFICE SUPPLIES,1.0
2016-12-07,1,SCHOOL AND OFFICE SUPPLIES,0.0
2016-12-08,1,SCHOOL AND OFFICE SUPPLIES,3.0
2016-12-09,1,SCHOOL AND OFFICE SUPPLIES,0.0
2016-12-10,1,SCHOOL AND OFFICE SUPPLIES,0.0
2016-12-11,1,SCHOOL AND OFFICE SUPPLIES,1.0
2016-12-12,1,SCHOOL AND OFFICE SUPPLIES,0.0
2016-12-13,1,SCHOOL AND OFFICE SUPPLIES,0.0
2016-12-14,1,SCHOOL AND OFFICE SUPPLIES,0.0
2016-12-15,1,SCHOOL AND OFFICE SUPPLIES,0.0
2016-12-16,1,SCHOOL AND OFFICE SUPPLIES,0.0
2016-12-17,1,SCHOOL AND OFFICE SUPPLIES,0.0
2016-12-18,1,SCHOOL AND OFFICE SUPPLIES,1.0
2016-12-19,1,SCHOOL AND OFFICE SUPPLIES,0.0
2016-12-20,1,SCHOOL AND OFFICE SUPPLIES,1.0
2016-12-21,1,SCHOOL AND OFFICE SUPPLIES,0.0
2016-12-22,1,SCHOOL AND OFFICE SUPPLIES,0.0
2016-12-23,1,SCHOOL AND OFFICE SUPPLIES,0.0
2016-12-24,1,SCHOOL AND OFFICE SUPPLIES,0.0
2016-12-26,1,SCHOOL AND OFFICE SUPPLIES,0.0
2016-12-27,1,SCHOOL AND OFFICE SUPPLIES,0.0
2016-12-28,1,SCHOOL AND OFFICE SUPPLIES,0.0
2016-12-29,1,SCHOOL AND OFFICE SUPPLIES,0.0
2016-12-30,1,SCHOOL AND OFFICE SUPPLIES,0.0
2016-12-31,1,SCHOOL AND OFFICE SUPPLIES,0.0
2017-01-01,1,SCHOOL AND OFFICE SUPPLIES,0.0
2017-01-02,1,SCHOOL AND OFFICE SUPPLIES,0.0
2017-01-03,1,SCHOOL AND OFFICE SUPPLIES,0.0
2017-01-04,1,SCHOOL AND OFFICE SUPPLIES,1.0
2017-01-05,1,SCHOOL AND OFFICE SUPPLIES,1.0
2017-01-06,1,SCHOOL AND OFFICE SUPPLIES,0.0
2017-01-07,1,SCHOOL AND OFFICE SUPPLIES,0.0
2017-01-08,1,SCHOOL AND OFFICE SUPPLIES,1.0
2017-01-09,1,SCHOOL AND OFFICE SUPPLIES,1.0
2017-01-10,1,SCHOOL AND OFFICE SUPPLIES,1.0
2017-01-11,1,SCHOOL AND OFFICE SUPPLIES,0.0
2017-01-12,1,SCHOOL AND OFFICE SUPPLIES,0.0
2017-01-13,1,SCHOOL AND OFFICE SUPPLIES,0.0
2017-01-14,1,SCHOOL AND OFFICE SUPPLIES,1.0
2017-01-15,1,SCHOOL AND OFFICE SUPPLIES,0.0
2017-01-16,1,SCHOOL AND OFFICE SUPPLIES,0.0
2017-01-17,1,SCHOOL AND OFFICE SUPPLIES,0.0
2017-01-18,1,SCHOOL AND OFFICE SUPPLIES,0.0
2017-01-19,1,SCHOOL AND OFFICE SUPPLIES,0.0
2017-01-20,1,SCHOOL AND OFFICE SUPPLIES,0.0
2017-01-21,1,SCHOOL AND OFFICE SUPPLIES,0.0
2017-01-22,1,SCHOOL AND OFFICE SUPPLIES,0.0
2017-01-23,1,SCHOOL AND OFFICE SUPPLIES,0.0
2017-01-24,1,SCHOOL AND OFFICE SUPPLIES,1.0
2017-01-25,1,SCHOOL AND OFFICE SUPPLIES,0.0
2017-01-26,1,SCHOOL AND OFFICE SUPPLIES,0.0
2017-01-27,1,SCHOOL AND OFFICE SUPPLIES,0.0
2017-01-28,1,SCHOOL AND OFFICE SUPPLIES,0.0
2017-01-29,1,SCHOOL AND OFFICE SUPPLIES,0.0
2017-01-30,1,SCHOOL AND OFFICE SUPPLIES,0.0
2017-01-31,1,SCHOOL AND OFFICE SUPPLIES,0.0
2017-02-01,1,SCHOOL AND OFFICE SUPPLIES,0.0
2017-02-02,1,SCHOOL AND OFFICE SUPPLIES,0.0
2017-02-03,1,SCHOOL AND OFFICE SUPPLIES,0.0
2017-02-04,1,SCHOOL AND OFFICE SUPPLIES,1.0
2017-02-05,1,SCHOOL AND OFFICE SUPPLIES,0.0
2017-02-06,1,SCHOOL AND OFFICE SUPPLIES,0.0
2017-02-07,1,SCHOOL AND OFFICE SUPPLIES,0.0
2017-02-08,1,SCHOOL AND OFFICE SUPPLIES,0.0
2017-02-09,1,SCHOOL AND OFFICE SUPPLIES,0.0
2017-02-10,1,SCHOOL AND OFFICE SUPPLIES,0.0
2017-02-11,1,SCHOOL AND OFFICE SUPPLIES,0.0
2017-02-12,1,SCHOOL AND OFFICE SUPPLIES,1.0
2017-02-13,1,SCHOOL AND OFFICE SUPPLIES,0.0
2017-02-14,1,SCHOOL AND OFFICE SUPPLIES,0.0
2017-02-15,1,SCHOOL AND OFFICE SUPPLIES,0.0
2017-02-16,1,SCHOOL AND OFFICE SUPPLIES,1.0
2017-02-17,1,SCHOOL AND OFFICE SUPPLIES,0.0
2017-02-18,1,SCHOOL AND OFFICE SUPPLIES,0.0
2017-02-19,1,SCHOOL AND OFFICE SUPPLIES,0.0
2017-02-20,1,SCHOOL AND OFFICE SUPPLIES,0.0
2017-02-21,1,SCHOOL AND OFFICE SUPPLIES,0.0
2017-02-22,1,SCHOOL AND OFFICE SUPPLIES,1.0
2017-02-23,1,SCHOOL AND OFFICE SUPPLIES,0.0
2017-02-24,1,SCHOOL AND OFFICE SUPPLIES,0.0
2017-02-25,1,SCHOOL AND OFFICE SUPPLIES,0.0
2017-02-26,1,SCHOOL AND OFFICE SUPPLIES,0.0
2017-02-27,1,SCHOOL AND OFFICE SUPPLIES,0.0
2017-02-28,1,SCHOOL AND OFFICE SUPPLIES,0.0
2017-03-01,1,SCHOOL AND OFFICE SUPPLIES,0.0
2017-03-02,1,SCHOOL AND OFFICE SUPPLIES,1.0
2017-03-03,1,SCHOOL AND OFFICE SUPPLIES,0.0
2017-03-04,1,SCHOOL AND OFFICE SUPPLIES,0.0
2017-03-05,1,SCHOOL AND OFFICE SUPPLIES,0.0
2017-03-06,1,SCHOOL AND OFFICE SUPPLIES,0.0
2017-03-07,1,SCHOOL AND OFFICE SUPPLIES,0.0
2017-03-08,1,SCHOOL AND OFFICE SUPPLIES,0.0
2017-03-09,1,SCHOOL AND OFFICE SUPPLIES,0.0
2017-03-10,1,SCHOOL AND OFFICE SUPPLIES,0.0
2017-03-11,1,SCHOOL AND OFFICE SUPPLIES,0.0
2017-03-12,1,SCHOOL AND OFFICE SUPPLIES,0.0
2017-03-13,1,SCHOOL AND OFFICE SUPPLIES,0.0
2017-03-14,1,SCHOOL AND OFFICE SUPPLIES,0.0
2017-03-15,1,SCHOOL AND OFFICE SUPPLIES,0.0
2017-03-16,1,SCHOOL AND OFFICE SUPPLIES,0.0
2017-03-17,1,SCHOOL AND OFFICE SUPPLIES,1.0
2017-03-18,1,SCHOOL AND OFFICE SUPPLIES,0.0
2017-03-19,1,SCHOOL AND OFFICE SUPPLIES,0.0
2017-03-20,1,SCHOOL AND OFFICE SUPPLIES,0.0
2017-03-21,1,SCHOOL AND OFFICE SUPPLIES,0.0
2017-03-22,1,SCHOOL AND OFFICE SUPPLIES,1.0
2017-03-23,1,SCHOOL AND OFFICE SUPPLIES,1.0
2017-03-24,1,SCHOOL AND OFFICE SUPPLIES,0.0
2017-03-25,1,SCHOOL AND OFFICE SUPPLIES,0.0
2017-03-26,1,SCHOOL AND OFFICE SUPPLIES,1.0
2017-03-27,1,SCHOOL AND OFFICE SUPPLIES,0.0
2017-03-28,1,SCHOOL AND OFFICE SUPPLIES,2.0
2017-03-29,1,SCHOOL AND OFFICE SUPPLIES,0.0
2017-03-30,1,SCHOOL AND OFFICE SUPPLIES,1.0
2017-03-31,1,SCHOOL AND OFFICE SUPPLIES,0.0
2017-04-01,1,SCHOOL AND OFFICE SUPPLIES,0.0
2017-04-02,1,SCHOOL AND OFFICE SUPPLIES,0.0
2017-04-03,1,SCHOOL AND OFFICE SUPPLIES,2.0
2017-04-04,1,SCHOOL AND OFFICE SUPPLIES,3.0
2017-04-05,1,SCHOOL AND OFFICE SUPPLIES,0.0
2017-04-06,1,SCHOOL AND OFFICE SUPPLIES,1.0
2017-04-07,1,SCHOOL AND OFFICE SUPPLIES,0.0
2017-04-08,1,SCHOOL AND OFFICE SUPPLIES,2.0
2017-04-09,1,SCHOOL AND OFFICE SUPPLIES,0.0
2017-04-10,1,SCHOOL AND OFFICE SUPPLIES,0.0
2017-04-11,1,SCHOOL AND OFFICE SUPPLIES,0.0
2017-04-12,1,SCHOOL AND OFFICE SUPPLIES,1.0
2017-04-13,1,SCHOOL AND OFFICE SUPPLIES,1.0
2017-04-14,1,SCHOOL AND OFFICE SUPPLIES,0.0
2017-04-15,1,SCHOOL AND OFFICE SUPPLIES,1.0
2017-04-16,1,SCHOOL AND OFFICE SUPPLIES,0.0
2017-04-17,1,SCHOOL AND OFFICE SUPPLIES,0.0
2017-04-18,1,SCHOOL AND OFFICE SUPPLIES,1.0
2017-04-19,1,SCHOOL AND OFFICE SUPPLIES,2.0
2017-04-20,1,SCHOOL AND OFFICE SUPPLIES,0.0
2017-04-21,1,SCHOOL AND OFFICE SUPPLIES,0.0
2017-04-22,1,SCHOOL AND OFFICE SUPPLIES,0.0
2017-04-23,1,SCHOOL AND OFFICE SUPPLIES,1.0
2017-04-24,1,SCHOOL AND OFFICE SUPPLIES,1.0
2017-04-25,1,SCHOOL AND OFFICE SUPPLIES,1.0
2017-04-26,1,SCHOOL AND OFFICE SUPPLIES,0.0
2017-04-27,1,SCHOOL AND OFFICE SUPPLIES,0.0
2017-04-28,1,SCHOOL AND OFFICE SUPPLIES,3.0
2017-04-29,1,SCHOOL AND OFFICE SUPPLIES,0.0
2017-04-30,1,SCHOOL AND OFFICE SUPPLIES,0.0
2017-05-01,1,SCHOOL AND OFFICE SUPPLIES,0.0
2017-05-02,1,SCHOOL AND OFFICE SUPPLIES,1.0
2017-05-03,1,SCHOOL AND OFFICE SUPPLIES,2.0
2017-05-04,1,SCHOOL AND OFFICE SUPPLIES,0.0
2017-05-05,1,SCHOOL AND OFFICE SUPPLIES,0.0
2017-05-06,1,SCHOOL AND OFFICE SUPPLIES,0.0
2017-05-07,1,SCHOOL AND OFFICE SUPPLIES,0.0
2017-05-08,1,SCHOOL AND OFFICE SUPPLIES,0.0
2017-05-09,1,SCHOOL AND OFFICE SUPPLIES,0.0
2017-05-10,1,SCHOOL AND OFFICE SUPPLIES,0.0
2017-05-11,1,SCHOOL AND OFFICE SUPPLIES,2.0
2017-05-12,1,SCHOOL AND OFFICE SUPPLIES,0.0
2017-05-13,1,SCHOOL AND OFFICE SUPPLIES,0.0
2017-05-14,1,SCHOOL AND OFFICE SUPPLIES,0.0
2017-05-15,1,SCHOOL AND OFFICE SUPPLIES,0.0
2017-05-16,1,SCHOOL AND OFFICE SUPPLIES,0.0
2017-05-17,1,SCHOOL AND OFFICE SUPPLIES,1.0
2017-05-18,1,SCHOOL AND OFFICE SUPPLIES,0.0
2017-05-19,1,SCHOOL AND OFFICE SUPPLIES,0.0
2017-05-20,1,SCHOOL AND OFFICE SUPPLIES,0.0
2017-05-21,1,SCHOOL AND OFFICE SUPPLIES,0.0
2017-05-22,1,SCHOOL AND OFFICE SUPPLIES,0.0
2017-05-23,1,SCHOOL AND OFFICE SUPPLIES,0.0
2017-05-24,1,SCHOOL AND OFFICE SUPPLIES,1.0
2017-05-25,1,SCHOOL AND OFFICE SUPPLIES,0.0
2017-05-26,1,SCHOOL AND OFFICE SUPPLIES,0.0
2017-05-27,1,SCHOOL AND OFFICE SUPPLIES,0.0
2017-05-28,1,SCHOOL AND OFFICE SUPPLIES,0.0
2017-05-29,1,SCHOOL AND OFFICE SUPPLIES,0.0
2017-05-30,1,SCHOOL AND OFFICE SUPPLIES,0.0
2017-05-31,1,SCHOOL AND OFFICE SUPPLIES,0.0
2017-06-01,1,SCHOOL AND OFFICE SUPPLIES,0.0
2017-06-02,1,SCHOOL AND OFFICE SUPPLIES,0.0
2017-06-03,1,SCHOOL AND OFFICE SUPPLIES,0.0
2017-06-04,1,SCHOOL AND OFFICE SUPPLIES,0.0
2017-06-05,1,SCHOOL AND OFFICE SUPPLIES,0.0
2017-06-06,1,SCHOOL AND OFFICE SUPPLIES,0.0
2017-06-07,1,SCHOOL AND OFFICE SUPPLIES,0.0
2017-06-08,1,SCHOOL AND OFFICE SUPPLIES,0.0
2017-06-09,1,SCHOOL AND OFFICE SUPPLIES,0.0
2017-06-10,1,SCHOOL AND OFFICE SUPPLIES,0.0
2017-06-11,1,SCHOOL AND OFFICE SUPPLIES,0.0
2017-06-12,1,SCHOOL AND OFFICE SUPPLIES,0.0
2017-06-13,1,SCHOOL AND OFFICE SUPPLIES,0.0
2017-06-14,1,SCHOOL AND OFFICE SUPPLIES,0.0
2017-06-15,1,SCHOOL AND OFFICE SUPPLIES,0.0
2017-06-16,1,SCHOOL AND OFFICE SUPPLIES,0.0
2017-06-17,1,SCHOOL AND OFFICE SUPPLIES,0.0
2017-06-18,1,SCHOOL AND OFFICE SUPPLIES,0.0
2017-06-19,1,SCHOOL AND OFFICE SUPPLIES,0.0
2017-06-20,1,SCHOOL AND OFFICE SUPPLIES,0.0
2017-06-21,1,SCHOOL AND OFFICE SUPPLIES,0.0
2017-06-22,1,SCHOOL AND OFFICE SUPPLIES,0.0
2017-06-23,1,SCHOOL AND OFFICE SUPPLIES,0.0
2017-06-24,1,SCHOOL AND OFFICE SUPPLIES,0.0
2017-06-25,1,SCHOOL AND OFFICE SUPPLIES,0.0
2017-06-26,1,SCHOOL AND OFFICE SUPPLIES,0.0
2017-06-27,1,SCHOOL AND OFFICE SUPPLIES,0.0
2017-06-28,1,SCHOOL AND OFFICE SUPPLIES,0.0
2017-06-29,1,SCHOOL AND OFFICE SUPPLIES,0.0
2017-06-30,1,SCHOOL AND OFFICE SUPPLIES,0.0
2017-07-01,1,SCHOOL AND OFFICE SUPPLIES,0.0
2017-07-02,1,SCHOOL AND OFFICE SUPPLIES,0.0
2017-07-03,1,SCHOOL AND OFFICE SUPPLIES,0.0
2017-07-04,1,SCHOOL AND OFFICE SUPPLIES,0.0
2017-07-05,1,SCHOOL AND OFFICE SUPPLIES,0.0
2017-07-06,1,SCHOOL AND OFFICE SUPPLIES,0.0
2017-07-07,1,SCHOOL AND OFFICE SUPPLIES,0.0
2017-07-08,1,SCHOOL AND OFFICE SUPPLIES,0.0
2017-07-09,1,SCHOOL AND OFFICE SUPPLIES,0.0
2017-07-10,1,SCHOOL AND OFFICE SUPPLIES,0.0
2017-07-11,1,SCHOOL AND OFFICE SUPPLIES,0.0
2017-07-12,1,SCHOOL AND OFFICE SUPPLIES,0.0
2017-07-13,1,SCHOOL AND OFFICE SUPPLIES,0.0
2017-07-14,1,SCHOOL AND OFFICE SUPPLIES,0.0
2017-07-15,1,SCHOOL AND OFFICE SUPPLIES,0.0
2017-07-16,1,SCHOOL AND OFFICE SUPPLIES,0.0
2017-07-17,1,SCHOOL AND OFFICE SUPPLIES,0.0
2017-07-18,1,SCHOOL AND OFFICE SUPPLIES,0.0
2017-07-19,1,SCHOOL AND OFFICE SUPPLIES,0.0
2017-07-20,1,SCHOOL AND OFFICE SUPPLIES,0.0
2017-07-21,1,SCHOOL AND OFFICE SUPPLIES,0.0
2017-07-22,1,SCHOOL AND OFFICE SUPPLIES,0.0
2017-07-23,1,SCHOOL AND OFFICE SUPPLIES,0.0
2017-07-24,1,SCHOOL AND OFFICE SUPPLIES,0.0
2017-07-25,1,SCHOOL AND OFFICE SUPPLIES,0.0
2017-07-26,1,SCHOOL AND OFFICE SUPPLIES,0.0
2017-07-27,1,SCHOOL AND OFFICE SUPPLIES,0.0
2017-07-28,1,SCHOOL AND OFFICE SUPPLIES,0.0
2017-07-29,1,SCHOOL AND OFFICE SUPPLIES,0.0
2017-07-30,1,SCHOOL AND OFFICE SUPPLIES,0.0
2017-07-31,1,SCHOOL AND OFFICE SUPPLIES,0.0
2017-08-01,1,SCHOOL AND OFFICE SUPPLIES,0.0
2017-08-02,1,SCHOOL AND OFFICE SUPPLIES,0.0
2017-08-03,1,SCHOOL AND OFFICE SUPPLIES,0.0
2017-08-04,1,SCHOOL AND OFFICE SUPPLIES,0.0
2017-08-05,1,SCHOOL AND OFFICE SUPPLIES,0.0
2017-08-06,1,SCHOOL AND OFFICE SUPPLIES,0.0
2017-08-07,1,SCHOOL AND OFFICE SUPPLIES,0.0
2017-08-08,1,SCHOOL AND OFFICE SUPPLIES,0.0
2017-08-09,1,SCHOOL AND OFFICE SUPPLIES,0.0
2017-08-10,1,SCHOOL AND OFFICE SUPPLIES,0.0
2017-08-11,1,SCHOOL AND OFFICE SUPPLIES,0.0
2017-08-12,1,SCHOOL AND OFFICE SUPPLIES,0.0
2017-08-13,1,SCHOOL AND OFFICE SUPPLIES,0.0
2017-08-14,1,SCHOOL AND OFFICE SUPPLIES,0.0
2017-08-15,1,SCHOOL AND OFFICE SUPPLIES,0.0
2016-01-01,1,SEAFOOD,0.0
2016-01-02,1,SEAFOOD,16.202
2016-01-03,1,SEAFOOD,9.193
2016-01-04,1,SEAFOOD,36.773
2016-01-05,1,SEAFOOD,25.757
2016-01-06,1,SEAFOOD,34.057
2016-01-07,1,SEAFOOD,18.156
2016-01-08,1,SEAFOOD,28.57
2016-01-09,1,SEAFOOD,30.355
2016-01-10,1,SEAFOOD,13.752
2016-01-11,1,SEAFOOD,13.315001
2016-01-12,1,SEAFOOD,31.132
2016-01-13,1,SEAFOOD,28.809
2016-01-14,1,SEAFOOD,29.593
2016-01-15,1,SEAFOOD,38.149
2016-01-16,1,SEAFOOD,38.758
2016-01-17,1,SEAFOOD,20.098999
2016-01-18,1,SEAFOOD,31.376999
2016-01-19,1,SEAFOOD,23.088
2016-01-20,1,SEAFOOD,33.475
2016-01-21,1,SEAFOOD,27.294
2016-01-22,1,SEAFOOD,52.248
2016-01-23,1,SEAFOOD,35.785
2016-01-24,1,SEAFOOD,7.732
2016-01-25,1,SEAFOOD,22.387001
2016-01-26,1,SEAFOOD,21.81
2016-01-27,1,SEAFOOD,36.612
2016-01-28,1,SEAFOOD,26.984
2016-01-29,1,SEAFOOD,33.886
2016-01-30,1,SEAFOOD,27.743
2016-01-31,1,SEAFOOD,20.15
2016-02-01,1,SEAFOOD,26.241001
2016-02-02,1,SEAFOOD,36.769
2016-02-03,1,SEAFOOD,29.562
2016-02-04,1,SEAFOOD,19.638
2016-02-05,1,SEAFOOD,37.018
2016-02-06,1,SEAFOOD,26.916
2016-02-07,1,SEAFOOD,14.208
2016-02-08,1,SEAFOOD,10.174
2016-02-09,1,SEAFOOD,15.905001
2016-02-10,1,SEAFOOD,37.56
2016-02-11,1,SEAFOOD,36.952
2016-02-12,1,SEAFOOD,59.336
2016-02-13,1,SEAFOOD,37.193
2016-02-14,1,SEAFOOD,12.382
2016-02-15,1,SEAFOOD,27.004
2016-02-16,1,SEAFOOD,32.101
2016-02-17,1,SEAFOOD,38.805
2016-02-18,1,SEAFOOD,23.812
2016-02-19,1,SEAFOOD,44.05
2016-02-20,1,SEAFOOD,34.023
2016-02-21,1,SEAFOOD,22.681
2016-02-22,1,SEAFOOD,32.575
2016-02-23,1,SEAFOOD,17.924
2016-02-24,1,SEAFOOD,22.614
2016-02-25,1,SEAFOOD,22.273
2016-02-26,1,SEAFOOD,40.572
2016-02-27,1,SEAFOOD,23.314
2016-02-28,1,SEAFOOD,11.346
2016-02-29,1,SEAFOOD,21.379
2016-03-01,1,SEAFOOD,25.403
2016-03-02,1,SEAFOOD,37.581
2016-03-03,1,SEAFOOD,29.427
2016-03-04,1,SEAFOOD,47.999
2016-03-05,1,SEAFOOD,34.081
2016-03-06,1,SEAFOOD,20.753
2016-03-07,1,SEAFOOD,21.473999
2016-03-08,1,SEAFOOD,20.89
2016-03-09,1,SEAFOOD,30.986
2016-03-10,1,SEAFOOD,22.931
2016-03-11,1,SEAFOOD,40.045
2016-03-12,1,SEAFOOD,26.934
2016-03-13,1,SEAFOOD,14.7439995
2016-03-14,1,SEAFOOD,21.103
2016-03-15,1,SEAFOOD,26.804
2016-03-16,1,SEAFOOD,25.14
2016-03-17,1,SEAFOOD,22.783
2016-03-18,1,SEAFOOD,41.482
2016-03-19,1,SEAFOOD,32.045
2016-03-20,1,SEAFOOD,19.348
2016-03-21,1,SEAFOOD,23.179
2016-03-22,1,SEAFOOD,21.855
2016-03-23,1,SEAFOOD,32.568
2016-03-24,1,SEAFOOD,45.725998
2016-03-25,1,SEAFOOD,17.031
2016-03-26,1,SEAFOOD,9.183
2016-03-27,1,SEAFOOD,17.828
2016-03-28,1,SEAFOOD,15.933
2016-03-29,1,SEAFOOD,28.138
2016-03-30,1,SEAFOOD,25.484
2016-03-31,1,SEAFOOD,21.383
2016-04-01,1,SEAFOOD,47.956
2016-04-02,1,SEAFOOD,28.230999
2016-04-03,1,SEAFOOD,21.501
2016-04-04,1,SEAFOOD,24.696001
2016-04-05,1,SEAFOOD,27.524
2016-04-06,1,SEAFOOD,27.364
2016-04-07,1,SEAFOOD,15.335
2016-04-08,1,SEAFOOD,42.312
2016-04-09,1,SEAFOOD,30.479
2016-04-10,1,SEAFOOD,18.242
2016-04-11,1,SEAFOOD,15.603001
2016-04-12,1,SEAFOOD,36.229
2016-04-13,1,SEAFOOD,18.74
2016-04-14,1,SEAFOOD,16.325
2016-04-15,1,SEAFOOD,44.16
2016-04-16,1,SEAFOOD,19.662
2016-04-17,1,SEAFOOD,10.475
2016-04-18,1,SEAFOOD,20.711
2016-04-19,1,SEAFOOD,22.271
2016-04-20,1,SEAFOOD,36.377
2016-04-21,1,SEAFOOD,26.712
2016-04-22,1,SEAFOOD,22.846
2016-04-23,1,SEAFOOD,34.697
2016-04-24,1,SEAFOOD,14.151
2016-04-25,1,SEAFOOD,14.539
2016-04-26,1,SEAFOOD,23.904
2016-04-27,1,SEAFOOD,23.373001
2016-04-28,1,SEAFOOD,8.602
2016-04-29,1,SEAFOOD,30.293999
2016-04-30,1,SEAFOOD,28.544
2016-05-01,1,SEAFOOD,14.907
2016-05-02,1,SEAFOOD,33.36
2016-05-03,1,SEAFOOD,23.91
2016-05-04,1,SEAFOOD,28.161
2016-05-05,1,SEAFOOD,19.365
2016-05-06,1,SEAFOOD,44.614
2016-05-07,1,SEAFOOD,32.515
2016-05-08,1,SEAFOOD,8.22
2016-05-09,1,SEAFOOD,17.385
2016-05-10,1,SEAFOOD,16.66
2016-05-11,1,SEAFOOD,23.810999
2016-05-12,1,SEAFOOD,19.244999
2016-05-13,1,SEAFOOD,43.372
2016-05-14,1,SEAFOOD,28.722
2016-05-15,1,SEAFOOD,12.642
2016-05-16,1,SEAFOOD,25.432
2016-05-17,1,SEAFOOD,39.166
2016-05-18,1,SEAFOOD,28.815
2016-05-19,1,SEAFOOD,22.546
2016-05-20,1,SEAFOOD,38.564
2016-05-21,1,SEAFOOD,40.405
2016-05-22,1,SEAFOOD,16.172
2016-05-23,1,SEAFOOD,16.241
2016-05-24,1,SEAFOOD,15.044
2016-05-25,1,SEAFOOD,42.766
2016-05-26,1,SEAFOOD,22.386
2016-05-27,1,SEAFOOD,20.739
2016-05-28,1,SEAFOOD,22.982
2016-05-29,1,SEAFOOD,7.673
2016-05-30,1,SEAFOOD,22.568
2016-05-31,1,SEAFOOD,31.012001
2016-06-01,1,SEAFOOD,30.380001
2016-06-02,1,SEAFOOD,24.797
2016-06-03,1,SEAFOOD,57.01
2016-06-04,1,SEAFOOD,32.486
2016-06-05,1,SEAFOOD,12.854
2016-06-06,1,SEAFOOD,29.619
2016-06-07,1,SEAFOOD,27.912
2016-06-08,1,SEAFOOD,33.85
2016-06-09,1,SEAFOOD,11.653
2016-06-10,1,SEAFOOD,50.755
2016-06-11,1,SEAFOOD,30.646
2016-06-12,1,SEAFOOD,19.367
2016-06-13,1,SEAFOOD,21.382
2016-06-14,1,SEAFOOD,26.024
2016-06-15,1,SEAFOOD,38.364998
2016-06-16,1,SEAFOOD,21.562
2016-06-17,1,SEAFOOD,32.799
2016-06-18,1,SEAFOOD,35.01
2016-06-19,1,SEAFOOD,7.835
2016-06-20,1,SEAFOOD,22.066
2016-06-21,1,SEAFOOD,26.716
2016-06-22,1,SEAFOOD,15.123
2016-06-23,1,SEAFOOD,22.139
2016-06-24,1,SEAFOOD,31.345001
2016-06-25,1,SEAFOOD,27.374
2016-06-26,1,SEAFOOD,11.757
2016-06-27,1,SEAFOOD,21.177
2016-06-28,1,SEAFOOD,27.013
2016-06-29,1,SEAFOOD,24.492
2016-06-30,1,SEAFOOD,19.688
2016-07-01,1,SEAFOOD,38.699
2016-07-02,1,SEAFOOD,28.574
2016-07-03,1,SEAFOOD,14.867001
2016-07-04,1,SEAFOOD,34.992
2016-07-05,1,SEAFOOD,34.445
2016-07-06,1,SEAFOOD,23.526001
2016-07-07,1,SEAFOOD,32.153
2016-07-08,1,SEAFOOD,33.711
2016-07-09,1,SEAFOOD,31.454
2016-07-10,1,SEAFOOD,9.81
2016-07-11,1,SEAFOOD,15.6779995
2016-07-12,1,SEAFOOD,13.998
2016-07-13,1,SEAFOOD,32.36
2016-07-14,1,SEAFOOD,25.141
2016-07-15,1,SEAFOOD,35.664
2016-07-16,1,SEAFOOD,32.208
2016-07-17,1,SEAFOOD,11.269
2016-07-18,1,SEAFOOD,22.534
2016-07-19,1,SEAFOOD,26.71
2016-07-20,1,SEAFOOD,26.519001
2016-07-21,1,SEAFOOD,20.727001
2016-07-22,1,SEAFOOD,40.809002
2016-07-23,1,SEAFOOD,37.27
2016-07-24,1,SEAFOOD,19.619999
2016-07-25,1,SEAFOOD,12.473
2016-07-26,1,SEAFOOD,17.567
2016-07-27,1,SEAFOOD,46.295
2016-07-28,1,SEAFOOD,24.325
2016-07-29,1,SEAFOOD,44.850998
2016-07-30,1,SEAFOOD,28.36
2016-07-31,1,SEAFOOD,12.314
2016-08-01,1,SEAFOOD,21.645
2016-08-02,1,SEAFOOD,34.921
2016-08-03,1,SEAFOOD,34.179
2016-08-04,1,SEAFOOD,26.051
2016-08-05,1,SEAFOOD,60.563
2016-08-06,1,SEAFOOD,28.324999
2016-08-07,1,SEAFOOD,13.913
2016-08-08,1,SEAFOOD,17.992
2016-08-09,1,SEAFOOD,26.029999
2016-08-10,1,SEAFOOD,32.727
2016-08-11,1,SEAFOOD,19.287
2016-08-12,1,SEAFOOD,10.257
2016-08-13,1,SEAFOOD,18.992
2016-08-14,1,SEAFOOD,12.21
2016-08-15,1,SEAFOOD,20.849
2016-08-16,1,SEAFOOD,26.316
2016-08-17,1,SEAFOOD,37.04
2016-08-18,1,SEAFOOD,32.929
2016-08-19,1,SEAFOOD,38.247
2016-08-20,1,SEAFOOD,11.477
2016-08-21,1,SEAFOOD,8.844
2016-08-22,1,SEAFOOD,27.572
2016-08-23,1,SEAFOOD,26.577
2016-08-24,1,SEAFOOD,35.539
2016-08-25,1,SEAFOOD,20.16
2016-08-26,1,SEAFOOD,42.569
2016-08-27,1,SEAFOOD,32.929
2016-08-28,1,SEAFOOD,8.855
2016-08-29,1,SEAFOOD,31.423
2016-08-30,1,SEAFOOD,24.301
2016-08-31,1,SEAFOOD,28.405
2016-09-01,1,SEAFOOD,27.034
2016-09-02,1,SEAFOOD,39.055
2016-09-03,1,SEAFOOD,36.064
2016-09-04,1,SEAFOOD,22.741
2016-09-05,1,SEAFOOD,20.62
2016-09-06,1,SEAFOOD,25.245
2016-09-07,1,SEAFOOD,36.994
2016-09-08,1,SEAFOOD,37.794
2016-09-09,1,SEAFOOD,36.857
2016-09-10,1,SEAFOOD,29.968
2016-09-11,1,SEAFOOD,17.887001
2016-09-12,1,SEAFOOD,15.642
2016-09-13,1,SEAFOOD,34.034
2016-09-14,1,SEAFOOD,26.5
2016-09-15,1,SEAFOOD,18.231
2016-09-16,1,SEAFOOD,36.321
2016-09-17,1,SEAFOOD,40.02
2016-09-18,1,SEAFOOD,12.328
2016-09-19,1,SEAFOOD,26.684
2016-09-20,1,SEAFOOD,25.748
2016-09-21,1,SEAFOOD,26.664
2016-09-22,1,SEAFOOD,23.583
2016-09-23,1,SEAFOOD,44.574
2016-09-24,1,SEAFOOD,25.258
2016-09-25,1,SEAFOOD,20.311
2016-09-26,1,SEAFOOD,17.84
2016-09-27,1,SEAFOOD,13.471
2016-09-28,1,SEAFOOD,26.902
2016-09-29,1,SEAFOOD,26.132
2016-09-30,1,SEAFOOD,30.914999
2016-10-01,1,SEAFOOD,43.828
2016-10-02,1,SEAFOOD,20.356
2016-10-03,1,SEAFOOD,25.098
2016-10-04,1,SEAFOOD,20.287
2016-10-05,1,SEAFOOD,26.363
2016-10-06,1,SEAFOOD,43.586
2016-10-07,1,SEAFOOD,48.487
2016-10-08,1,SEAFOOD,35.275
2016-10-09,1,SEAFOOD,22.106
2016-10-10,1,SEAFOOD,36.211
2016-10-11,1,SEAFOOD,10.962
2016-10-12,1,SEAFOOD,27.501
2016-10-13,1,SEAFOOD,21.854
2016-10-14,1,SEAFOOD,54.377
2016-10-15,1,SEAFOOD,42.744
2016-10-16,1,SEAFOOD,18.551
2016-10-17,1,SEAFOOD,28.974
2016-10-18,1,SEAFOOD,17.214
2016-10-19,1,SEAFOOD,35.974
2016-10-20,1,SEAFOOD,38.17
2016-10-21,1,SEAFOOD,42.157
2016-10-22,1,SEAFOOD,32.864998
2016-10-23,1,SEAFOOD,18.496
2016-10-24,1,SEAFOOD,26.431
2016-10-25,1,SEAFOOD,32.143
2016-10-26,1,SEAFOOD,43.989
2016-10-27,1,SEAFOOD,24.692
2016-10-28,1,SEAFOOD,34.267
2016-10-29,1,SEAFOOD,26.977001
2016-10-30,1,SEAFOOD,17.571001
2016-10-31,1,SEAFOOD,14.575
2016-11-01,1,SEAFOOD,29.672
2016-11-02,1,SEAFOOD,15.048
2016-11-03,1,SEAFOOD,8.644
2016-11-04,1,SEAFOOD,26.687
2016-11-05,1,SEAFOOD,20.616
2016-11-06,1,SEAFOOD,12.736
2016-11-07,1,SEAFOOD,24.013
2016-11-08,1,SEAFOOD,33.185
2016-11-09,1,SEAFOOD,43.64
2016-11-10,1,SEAFOOD,22.735
2016-11-11,1,SEAFOOD,33.977
2016-11-12,1,SEAFOOD,30.551
2016-11-13,1,SEAFOOD,25.441
2016-11-14,1,SEAFOOD,15.488
2016-11-15,1,SEAFOOD,32.439
2016-11-16,1,SEAFOOD,34.2
2016-11-17,1,SEAFOOD,24.184
2016-11-18,1,SEAFOOD,36.822
2016-11-19,1,SEAFOOD,38.917
2016-11-20,1,SEAFOOD,21.45
2016-11-21,1,SEAFOOD,8.0
2016-11-22,1,SEAFOOD,14.645
2016-11-23,1,SEAFOOD,17.314
2016-11-24,1,SEAFOOD,12.3550005
2016-11-25,1,SEAFOOD,41.28
2016-11-26,1,SEAFOOD,31.775
2016-11-27,1,SEAFOOD,15.623
2016-11-28,1,SEAFOOD,25.712
2016-11-29,1,SEAFOOD,19.791
2016-11-30,1,SEAFOOD,24.933
2016-12-01,1,SEAFOOD,23.498001
2016-12-02,1,SEAFOOD,45.715
2016-12-03,1,SEAFOOD,15.875
2016-12-04,1,SEAFOOD,16.044
2016-12-05,1,SEAFOOD,18.48
2016-12-06,1,SEAFOOD,8.976
2016-12-07,1,SEAFOOD,45.152
2016-12-08,1,SEAFOOD,25.999
2016-12-09,1,SEAFOOD,37.564
2016-12-10,1,SEAFOOD,29.593
2016-12-11,1,SEAFOOD,14.105
2016-12-12,1,SEAFOOD,16.735
2016-12-13,1,SEAFOOD,12.860001
2016-12-14,1,SEAFOOD,32.599
2016-12-15,1,SEAFOOD,21.09
2016-12-16,1,SEAFOOD,46.249
2016-12-17,1,SEAFOOD,22.89
2016-12-18,1,SEAFOOD,17.772999
2016-12-19,1,SEAFOOD,19.802
2016-12-20,1,SEAFOOD,27.537
2016-12-21,1,SEAFOOD,31.789
2016-12-22,1,SEAFOOD,20.01
2016-12-23,1,SEAFOOD,29.066
2016-12-24,1,SEAFOOD,15.585
2016-12-26,1,SEAFOOD,8.707
2016-12-27,1,SEAFOOD,22.449
2016-12-28,1,SEAFOOD,32.762
2016-12-29,1,SEAFOOD,16.959
2016-12-30,1,SEAFOOD,38.04
2016-12-31,1,SEAFOOD,17.673
2017-01-01,1,SEAFOOD,0.0
2017-01-02,1,SEAFOOD,12.728
2017-01-03,1,SEAFOOD,30.082
2017-01-04,1,SEAFOOD,39.352
2017-01-05,1,SEAFOOD,25.228
2017-01-06,1,SEAFOOD,53.516
2017-01-07,1,SEAFOOD,28.926
2017-01-08,1,SEAFOOD,18.886
2017-01-09,1,SEAFOOD,21.331
2017-01-10,1,SEAFOOD,27.286
2017-01-11,1,SEAFOOD,18.963
2017-01-12,1,SEAFOOD,18.498
2017-01-13,1,SEAFOOD,50.286
2017-01-14,1,SEAFOOD,29.448
2017-01-15,1,SEAFOOD,25.709
2017-01-16,1,SEAFOOD,24.364
2017-01-17,1,SEAFOOD,23.685
2017-01-18,1,SEAFOOD,26.945
2017-01-19,1,SEAFOOD,24.641
2017-01-20,1,SEAFOOD,26.973
2017-01-21,1,SEAFOOD,39.34
2017-01-22,1,SEAFOOD,16.549
2017-01-23,1,SEAFOOD,12.756
2017-01-24,1,SEAFOOD,17.691
2017-01-25,1,SEAFOOD,21.958
2017-01-26,1,SEAFOOD,35.122
2017-01-27,1,SEAFOOD,40.822
2017-01-28,1,SEAFOOD,28.67
2017-01-29,1,SEAFOOD,12.271
2017-01-30,1,SEAFOOD,15.851
2017-01-31,1,SEAFOOD,17.671
2017-02-01,1,SEAFOOD,31.098999
2017-02-02,1,SEAFOOD,23.109
2017-02-03,1,SEAFOOD,62.092
2017-02-04,1,SEAFOOD,35.109
2017-02-05,1,SEAFOOD,13.16
2017-02-06,1,SEAFOOD,18.201
2017-02-07,1,SEAFOOD,37.947
2017-02-08,1,SEAFOOD,33.384
2017-02-09,1,SEAFOOD,20.24
2017-02-10,1,SEAFOOD,32.547
2017-02-11,1,SEAFOOD,35.597
2017-02-12,1,SEAFOOD,19.435
2017-02-13,1,SEAFOOD,28.091
2017-02-14,1,SEAFOOD,29.826
2017-02-15,1,SEAFOOD,33.062
2017-02-16,1,SEAFOOD,23.361
2017-02-17,1,SEAFOOD,43.53
2017-02-18,1,SEAFOOD,38.641
2017-02-19,1,SEAFOOD,12.1189995
2017-02-20,1,SEAFOOD,15.724
2017-02-21,1,SEAFOOD,21.775
2017-02-22,1,SEAFOOD,27.252
2017-02-23,1,SEAFOOD,19.188
2017-02-24,1,SEAFOOD,34.159
2017-02-25,1,SEAFOOD,33.493
2017-02-26,1,SEAFOOD,10.172
2017-02-27,1,SEAFOOD,6.396
2017-02-28,1,SEAFOOD,13.768
2017-03-01,1,SEAFOOD,43.295
2017-03-02,1,SEAFOOD,28.554
2017-03-03,1,SEAFOOD,48.479
2017-03-04,1,SEAFOOD,34.016
2017-03-05,1,SEAFOOD,14.918
2017-03-06,1,SEAFOOD,19.717
2017-03-07,1,SEAFOOD,32.021
2017-03-08,1,SEAFOOD,32.725
2017-03-09,1,SEAFOOD,32.707
2017-03-10,1,SEAFOOD,51.195
2017-03-11,1,SEAFOOD,36.293
2017-03-12,1,SEAFOOD,11.128
2017-03-13,1,SEAFOOD,23.141
2017-03-14,1,SEAFOOD,35.866
2017-03-15,1,SEAFOOD,32.482
2017-03-16,1,SEAFOOD,32.395
2017-03-17,1,SEAFOOD,81.338
2017-03-18,1,SEAFOOD,27.122
2017-03-19,1,SEAFOOD,14.622
2017-03-20,1,SEAFOOD,30.924
2017-03-21,1,SEAFOOD,27.486
2017-03-22,1,SEAFOOD,43.231
2017-03-23,1,SEAFOOD,21.258
2017-03-24,1,SEAFOOD,66.161
2017-03-25,1,SEAFOOD,37.283
2017-03-26,1,SEAFOOD,16.902
2017-03-27,1,SEAFOOD,33.669
2017-03-28,1,SEAFOOD,21.657
2017-03-29,1,SEAFOOD,34.074
2017-03-30,1,SEAFOOD,29.3
2017-03-31,1,SEAFOOD,52.199
2017-04-01,1,SEAFOOD,48.369
2017-04-02,1,SEAFOOD,12.073
2017-04-03,1,SEAFOOD,22.888
2017-04-04,1,SEAFOOD,34.373
2017-04-05,1,SEAFOOD,39.153
2017-04-06,1,SEAFOOD,19.717001
2017-04-07,1,SEAFOOD,85.444
2017-04-08,1,SEAFOOD,31.465
2017-04-09,1,SEAFOOD,13.269
2017-04-10,1,SEAFOOD,23.494
2017-04-11,1,SEAFOOD,16.0
2017-04-12,1,SEAFOOD,66.326004
2017-04-13,1,SEAFOOD,30.758999
2017-04-14,1,SEAFOOD,16.723
2017-04-15,1,SEAFOOD,21.207
2017-04-16,1,SEAFOOD,16.191
2017-04-17,1,SEAFOOD,21.583
2017-04-18,1,SEAFOOD,20.934
2017-04-19,1,SEAFOOD,18.434
2017-04-20,1,SEAFOOD,24.589
2017-04-21,1,SEAFOOD,41.827
2017-04-22,1,SEAFOOD,28.167
2017-04-23,1,SEAFOOD,8.357
2017-04-24,1,SEAFOOD,27.497
2017-04-25,1,SEAFOOD,16.678
2017-04-26,1,SEAFOOD,32.012
2017-04-27,1,SEAFOOD,14.396
2017-04-28,1,SEAFOOD,43.402
2017-04-29,1,SEAFOOD,26.573
2017-04-30,1,SEAFOOD,11.926
2017-05-01,1,SEAFOOD,16.694
2017-05-02,1,SEAFOOD,40.838
2017-05-03,1,SEAFOOD,43.438
2017-05-04,1,SEAFOOD,36.435
2017-05-05,1,SEAFOOD,40.361
2017-05-06,1,SEAFOOD,42.478
2017-05-07,1,SEAFOOD,7.853
2017-05-08,1,SEAFOOD,37.041
2017-05-09,1,SEAFOOD,32.089
2017-05-10,1,SEAFOOD,25.739
2017-05-11,1,SEAFOOD,35.929
2017-05-12,1,SEAFOOD,33.637
2017-05-13,1,SEAFOOD,32.873
2017-05-14,1,SEAFOOD,12.989
2017-05-15,1,SEAFOOD,37.686
2017-05-16,1,SEAFOOD,33.223
2017-05-17,1,SEAFOOD,23.303
2017-05-18,1,SEAFOOD,23.923
2017-05-19,1,SEAFOOD,50.816
2017-05-20,1,SEAFOOD,28.15
2017-05-21,1,SEAFOOD,9.536
2017-05-22,1,SEAFOOD,20.807
2017-05-23,1,SEAFOOD,31.115
2017-05-24,1,SEAFOOD,35.523
2017-05-25,1,SEAFOOD,18.622
2017-05-26,1,SEAFOOD,27.476
2017-05-27,1,SEAFOOD,15.827
2017-05-28,1,SEAFOOD,15.35
2017-05-29,1,SEAFOOD,15.484
2017-05-30,1,SEAFOOD,24.452
2017-05-31,1,SEAFOOD,27.977
2017-06-01,1,SEAFOOD,17.656
2017-06-02,1,SEAFOOD,33.675
2017-06-03,1,SEAFOOD,21.622
2017-06-04,1,SEAFOOD,6.138
2017-06-05,1,SEAFOOD,27.948
2017-06-06,1,SEAFOOD,20.85
2017-06-07,1,SEAFOOD,32.731
2017-06-08,1,SEAFOOD,23.365
2017-06-09,1,SEAFOOD,68.21
2017-06-10,1,SEAFOOD,18.975
2017-06-11,1,SEAFOOD,14.752
2017-06-12,1,SEAFOOD,23.563
2017-06-13,1,SEAFOOD,21.864
2017-06-14,1,SEAFOOD,24.826
2017-06-15,1,SEAFOOD,21.546
2017-06-16,1,SEAFOOD,50.231
2017-06-17,1,SEAFOOD,24.749
2017-06-18,1,SEAFOOD,13.039
2017-06-19,1,SEAFOOD,14.224
2017-06-20,1,SEAFOOD,32.975
2017-06-21,1,SEAFOOD,36.058
2017-06-22,1,SEAFOOD,31.95
2017-06-23,1,SEAFOOD,36.331
2017-06-24,1,SEAFOOD,31.667
2017-06-25,1,SEAFOOD,8.889
2017-06-26,1,SEAFOOD,17.846
2017-06-27,1,SEAFOOD,26.128
2017-06-28,1,SEAFOOD,36.663
2017-06-29,1,SEAFOOD,11.834
2017-06-30,1,SEAFOOD,32.621998
2017-07-01,1,SEAFOOD,37.762
2017-07-02,1,SEAFOOD,15.291
2017-07-03,1,SEAFOOD,24.831001
2017-07-04,1,SEAFOOD,9.174
2017-07-05,1,SEAFOOD,38.997
2017-07-06,1,SEAFOOD,20.674
2017-07-07,1,SEAFOOD,51.047
2017-07-08,1,SEAFOOD,27.2
2017-07-09,1,SEAFOOD,20.111
2017-07-10,1,SEAFOOD,16.466
2017-07-11,1,SEAFOOD,20.037
2017-07-12,1,SEAFOOD,30.874
2017-07-13,1,SEAFOOD,31.216
2017-07-14,1,SEAFOOD,28.565
2017-07-15,1,SEAFOOD,14.98
2017-07-16,1,SEAFOOD,12.314
2017-07-17,1,SEAFOOD,32.649002
2017-07-18,1,SEAFOOD,23.29
2017-07-19,1,SEAFOOD,26.513
2017-07-20,1,SEAFOOD,13.543
2017-07-21,1,SEAFOOD,37.97
2017-07-22,1,SEAFOOD,40.197
2017-07-23,1,SEAFOOD,13.663
2017-07-24,1,SEAFOOD,33.989
2017-07-25,1,SEAFOOD,20.752
2017-07-26,1,SEAFOOD,20.793
2017-07-27,1,SEAFOOD,17.661
2017-07-28,1,SEAFOOD,31.619
2017-07-29,1,SEAFOOD,24.553
2017-07-30,1,SEAFOOD,7.8719997
2017-07-31,1,SEAFOOD,25.119
2017-08-01,1,SEAFOOD,33.489998
2017-08-02,1,SEAFOOD,24.878
2017-08-03,1,SEAFOOD,33.486
2017-08-04,1,SEAFOOD,33.768
2017-08-05,1,SEAFOOD,17.625
2017-08-06,1,SEAFOOD,11.955
2017-08-07,1,SEAFOOD,32.321
2017-08-08,1,SEAFOOD,74.51
2017-08-09,1,SEAFOOD,21.437
2017-08-10,1,SEAFOOD,39.369
2017-08-11,1,SEAFOOD,19.424
2017-08-12,1,SEAFOOD,20.15
2017-08-13,1,SEAFOOD,11.378
2017-08-14,1,SEAFOOD,14.129
2017-08-15,1,SEAFOOD,22.487
